timestamp,pred_label,pred_conf,yaw,pitch,roll
2025-11-03 23:53:43,rest,31.504761904761907,-48.763708044343026,-44.37221501687519,-93.15152307892258
2025-11-03 23:53:43,rest,31.496428571428574,-67.39015380019025,-62.80511549792854,-131.42895991592675
2025-11-03 23:53:43,rest,33.12142857142857,-74.0574717794018,-71.41026808016774,-147.86417988389115
2025-11-03 23:53:43,rest,33.13928571428572,-76.69892040111287,-75.16867192532305,-155.1681869833877
2025-11-03 23:53:43,rest,33.72261904761905,-77.7204002259692,-76.72424660854264,-158.74159076034113
2025-11-03 23:53:44,rest,34.72261904761905,-77.90248191362917,-77.8250445606844,-161.76411856748857
2025-11-03 23:53:44,rest,43.01428571428571,-77.48871266139217,-78.98790542167048,-164.86379184729958
2025-11-03 23:53:44,rest,56.63928571428571,-77.03674775726834,-80.02055872112072,-167.44247950064036
2025-11-03 23:53:44,rest,60.51428571428571,-77.2402100678506,-80.52191579300643,-169.710573392823
2025-11-03 23:53:44,rest,65.59761904761905,-77.6020242247918,-80.72142865975184,-171.9398054542479
2025-11-03 23:53:44,rest,77.04761904761905,-77.9964874215683,-80.79521800221693,-173.9981905674391
2025-11-03 23:53:44,rest,75.3,-78.6144202893082,-80.52974851582863,-174.80407284390787
2025-11-03 23:53:44,rest,68.58333333333333,-79.34831913414601,-79.97664575699156,-175.60278441319122
2025-11-03 23:53:45,rest,66.91666666666666,-80.3920261569522,-79.22740247329159,-176.64650913114855
2025-11-03 23:53:45,rest,66.04166666666666,-81.07413589909882,-78.58019342066791,-177.46541036115326
2025-11-03 23:53:45,rest,65.875,-81.41389742082191,-78.12813086988534,-177.93597979982053
2025-11-03 23:53:45,rest,65.875,-81.58385191351456,-77.74743211019447,-178.30994279778395
2025-11-03 23:53:45,rest,69.625,-81.72019508792138,-77.51522014521215,-178.7448995877337
2025-11-03 23:53:45,rest,71.45833333333333,-81.78807833410568,-77.37991076634205,-178.97994988215868
2025-11-03 23:53:45,rest,72.00595238095238,-81.66051139665086,-77.32626973422188,-178.96931957006575
2025-11-03 23:53:45,rest,73.67261904761904,-81.4641585836936,-77.33558282758815,-178.7556270188495
2025-11-03 23:53:46,rest,75.42261904761904,-81.26673319701973,-77.38158812770999,-178.3611081283858
2025-11-03 23:53:46,rest,73.92261904761905,-81.15211201252467,-77.54317649906181,-177.62607019743757
2025-11-03 23:53:46,rest,73.92261904761904,-81.14354893033848,-77.68054780014093,-176.9948725290679
2025-11-03 23:53:46,rest,68.88095238095238,-80.99899356480032,-77.76902938786233,-176.45334369635412
2025-11-03 23:53:46,rest,67.71428571428572,-80.70242006417362,-77.81293157716628,-176.24411963986532
2025-11-03 23:53:46,rest,67.71428571428572,-80.4446686074974,-77.72088240690144,-176.49956695156166
2025-11-03 23:53:46,rest,67.34761904761905,-80.19479682321668,-77.57115246332525,-176.9776686418449
2025-11-03 23:53:46,rest,66.34761904761905,-79.87089823080733,-77.34073071608222,-177.8059321512822
2025-11-03 23:53:47,rest,65.93095238095239,-79.37017331543984,-77.07287493515199,-178.4871739643311
2025-11-03 23:53:47,rest,65.84761904761905,-79.00895296311475,-76.87899890944597,-178.94838134450862
2025-11-03 23:53:47,rest,65.84761904761905,-78.8197469194082,-76.77397620778387,-179.06473780772873
2025-11-03 23:53:47,rest,66.96428571428571,-78.65537571325473,-76.78451648551584,-178.8482975467822
2025-11-03 23:53:47,rest,66.96428571428571,-78.59176438062907,-76.79622539496154,-178.65335097359707
2025-11-03 23:53:47,rest,67.4642857142857,-78.60749323798339,-76.84025973884798,-178.41983404859405
2025-11-03 23:53:47,rest,67.46428571428571,-78.61778629858256,-76.93811225764645,-178.19838581597492
2025-11-03 23:53:47,rest,67.46428571428571,-78.63799109618624,-76.92760856188474,-178.25419297716334
2025-11-03 23:53:47,rest,67.46428571428571,-78.67099997039088,-76.8407113344051,-178.71319782151488
2025-11-03 23:53:48,rest,67.21428571428571,-78.7418503251331,-76.65598360643305,-179.46283055515624
2025-11-03 23:53:48,rest,66.71428571428571,-78.75535041618744,-76.48832250947338,35.87580897170858
2025-11-03 23:53:48,rest,66.54761904761904,-78.7582492724065,-76.32225574400051,121.82362164402277
2025-11-03 23:53:48,rest,66.29761904761904,-78.85188980398158,-76.10731520883478,155.95139644133963
2025-11-03 23:53:48,rest,66.29761904761904,-78.83671136302652,-75.89430120072609,169.23619817233023
2025-11-03 23:53:48,rest,61.01428571428572,-79.02953127745238,-74.9273804457965,172.95273945998076
2025-11-03 23:53:48,rest,56.76428571428572,-78.94140909125554,-72.30794733093808,170.85103635991405
2025-11-03 23:53:48,rest,50.43095238095239,-78.48148880168968,-67.53609015233287,164.31672277257206
2025-11-03 23:53:49,rest,33.875,-78.01103354472272,-60.57626256574778,154.76537608016346
2025-11-03 23:53:49,rest,30.083333333333336,-77.33506563375056,-51.966112279285696,143.9168279460803
2025-11-03 23:53:49,release,32.80277777777778,-76.86229904174249,-42.26495701846244,133.42017926771285
2025-11-03 23:53:49,rest,32.63333333333333,-75.46575658259192,-33.04066213382555,124.4855963625021
2025-11-03 23:53:49,rest,34.61666666666667,-73.9464935428688,-25.839367733404536,117.99282001255949
2025-11-03 23:53:49,rest,34.86666666666667,-73.12990652792527,-21.241951070204358,113.98428191404835
2025-11-03 23:53:49,rest,34.36666666666667,-72.32070442889386,-18.87093122927925,111.88111089660079
2025-11-03 23:53:49,rest,34.86666666666667,-71.66267328637866,-17.85920109398018,111.0627655654994
2025-11-03 23:53:50,rest,34.86666666666667,-71.44243931127465,-18.311085801363898,111.34619848563773
2025-11-03 23:53:50,release,36.94444444444444,-72.54723521189821,-22.90984834336106,115.11212138176151
2025-11-03 23:53:50,release,40.34444444444444,-73.92317753288299,-32.600466589792376,123.38554651126063
2025-11-03 23:53:50,release,39.09444444444444,-75.00768324767304,-45.17168336646983,136.13111927782796
2025-11-03 23:53:50,pinch,29.849999999999998,-76.15972868548377,-58.22089754304075,152.6823191824398
2025-11-03 23:53:50,rest,33.21071428571429,-76.95683306860585,-69.77985699477223,-45.66821602647094
2025-11-03 23:53:50,rest,65.56428571428572,-77.47718357345188,-77.59398532361487,-115.83860836465661
2025-11-03 23:53:50,rest,82.73333333333333,-77.78431800562561,-79.89970677090307,-139.16073956155975
2025-11-03 23:53:51,rest,83.48333333333333,-78.0921493972626,-80.65940932621442,-147.73652900458646
2025-11-03 23:53:51,rest,83.23333333333333,-78.43540355881876,-80.96345526609832,-151.82650061783056
2025-11-03 23:53:51,rest,83.03333333333332,-78.57057704986521,-81.09608195728947,-154.05107443964022
2025-11-03 23:53:51,rest,81.23095238095237,-78.83485598329264,-81.28674611739856,-155.46784394999582
2025-11-03 23:53:51,rest,79.8142857142857,-78.91286477754129,-81.60720784063686,-156.93979121730843
2025-11-03 23:53:51,rest,78.81428571428572,-78.82420571010564,-81.90999135351893,-158.45988790307803
2025-11-03 23:53:51,rest,76.8142857142857,-78.6773389206237,-82.06978580336775,-159.5905805192854
2025-11-03 23:53:52,rest,76.18095238095238,-78.65311991385119,-82.2118348586012,-160.6089447869625
2025-11-03 23:53:52,rest,76.05595238095238,-78.69136911591106,-82.35739278102574,-162.09577432929447
2025-11-03 23:53:52,rest,76.05595238095238,-78.82721987293672,-82.26644514381735,-164.6760353431506
2025-11-03 23:53:52,rest,71.43095238095238,-78.99409618569703,-81.80437830841271,-167.46860599922445
2025-11-03 23:53:52,rest,70.1309523809524,-79.325454751198,-81.15743619863508,-170.06447794173909
2025-11-03 23:53:52,rest,72.7559523809524,-79.8404482907757,-80.35047399297343,-172.68403743569286
2025-11-03 23:53:52,rest,72.0059523809524,-80.2056682647681,-79.53984717474341,-174.90238851463744
2025-11-03 23:53:52,rest,71.0059523809524,-80.435533404804,-79.01882810964787,-176.06747538521984
2025-11-03 23:53:53,rest,72.0059523809524,-80.545145265371,-78.95638728550625,-175.76524455262384
2025-11-03 23:53:53,rest,73.2559523809524,-80.67185524109621,-79.13056856636666,-174.9599770690259
2025-11-03 23:53:53,rest,75.00595238095238,-80.76515645868614,-79.2082648958934,-174.2390754496924
2025-11-03 23:53:53,rest,75.00595238095238,-80.67350106866814,-79.2642658833258,-173.57416204291872
2025-11-03 23:53:53,rest,75.50595238095237,-80.6206933236563,-79.29517356029156,-172.9578095569319
2025-11-03 23:53:53,rest,75.50595238095238,-80.60475887173234,-79.2789120167439,-172.6091588790818
2025-11-03 23:53:53,rest,75.75595238095237,-80.59550151185537,-79.2712487736866,-172.50528837211516
2025-11-03 23:53:53,rest,71.38095238095238,-80.48451669592498,-79.18679732624153,-172.34303212554184
2025-11-03 23:53:54,rest,70.98095238095237,-78.73520925987486,-77.25190521253008,-169.72575913434272
2025-11-03 23:53:54,rest,37.24404761904762,-76.22229888244564,-71.76662081379746,-167.3616254040824
2025-11-03 23:53:54,release,34.425,-73.65965739414824,-63.59220408447782,-165.19675613077368
2025-11-03 23:53:54,release,56.34880952380952,-71.42478110232724,-51.624512404686385,-162.7550345497158
2025-11-03 23:53:54,release,81.89880952380952,-69.23454543597295,-36.581054416130826,-160.4709259704415
2025-11-03 23:53:54,release,78.50714285714285,-67.36617814898389,-20.54608999607654,-158.57132440205316
2025-11-03 23:53:54,release,75.47380952380952,-67.08969137899592,-8.538173484653097,-159.02258205206016
2025-11-03 23:53:54,release,80.58214285714286,-67.42189103930647,-3.2055722642923796,-159.50828462429905
2025-11-03 23:53:55,release,80.45714285714286,-67.57511158896385,-5.6020584776197655,-160.68531604971625
2025-11-03 23:53:55,release,88.23214285714285,-68.76127814851937,-15.797978005146343,-163.93570562767326
2025-11-03 23:53:55,release,82.15833333333333,-70.45437063463856,-29.82741348709724,-167.4554815168597
2025-11-03 23:53:55,release,61.09166666666667,-72.0242543878494,-44.37167749216475,-170.95302951827466
2025-11-03 23:53:55,release,40.88095238095238,-73.66989272841025,-57.16450013862911,-174.64028056652143
2025-11-03 23:53:55,rest,32.75833333333334,-75.50307307550219,-67.23303945307268,38.04249230963117
2025-11-03 23:53:55,rest,47.25833333333333,-77.64094560233515,-72.82577734747905,122.10844811256072
2025-11-03 23:53:55,rest,49.25833333333333,-78.40042327052285,-75.49919129379917,156.1357663823838
2025-11-03 23:53:55,rest,49.25833333333334,-78.6493889256955,-76.87717642151465,169.81691212410027
2025-11-03 23:53:56,rest,49.25833333333334,-78.8834181536789,-77.44697882938434,175.39868252862166
2025-11-03 23:53:56,rest,49.25833333333334,-79.0222865001655,-77.67731580402483,177.7037003207912
2025-11-03 23:53:56,rest,48.75833333333333,-79.05839657919029,-77.6879513836621,178.59563912851033
2025-11-03 23:53:56,rest,48.75833333333333,-79.08331611922692,-77.60261401908123,178.93723024172425
2025-11-03 23:53:56,rest,48.75833333333333,-79.10641631186348,-77.55231834765581,179.0971624020902
2025-11-03 23:53:56,rest,49.25833333333334,-79.16994157297124,-77.5227161675032,179.2712675690713
2025-11-03 23:53:56,rest,49.75833333333334,-79.2000046566071,-77.5372842656605,179.35001032745964
2025-11-03 23:53:56,rest,49.75833333333333,-79.22236662839732,-77.59090294911212,179.5121240736371
2025-11-03 23:53:57,rest,49.75833333333333,-79.278308968084,-77.67533961291937,179.75390624548783
2025-11-03 23:53:57,rest,49.75833333333333,-79.32134686892687,-77.78076768124339,-35.97595811748647
2025-11-03 23:53:57,rest,49.75833333333333,-79.30856487606772,-77.8214575207011,-122.16396246274097
2025-11-03 23:53:57,rest,49.75833333333333,-79.38016760425417,-77.8300080999598,-156.51260552268576
2025-11-03 23:53:57,rest,49.75833333333333,-79.34276709342483,-77.78222306498789,-170.2259499205125
2025-11-03 23:53:57,rest,49.75833333333333,-79.24402253673367,-77.6217874512099,-175.57859762034948
2025-11-03 23:53:57,rest,52.00833333333333,-79.2669179433359,-77.55993623759693,-177.37923821647541
2025-11-03 23:53:57,rest,57.008333333333326,-79.43705227935259,-77.44719140830581,-177.8175792096303
2025-11-03 23:53:58,rest,60.34761904761906,-79.62578733280773,-77.37276981747705,-177.6947563259774
2025-11-03 23:53:58,rest,67.01428571428572,-79.67661859888429,-77.3135035415455,-177.50779189400583
2025-11-03 23:53:58,rest,69.04761904761905,-79.88398030346764,-77.21394030114575,-177.25521301175786
2025-11-03 23:53:58,rest,70.04761904761905,-80.13349656287035,-76.88688573293683,-177.59202700290965
2025-11-03 23:53:58,rest,70.79761904761905,-80.30508811561157,-76.33002080943254,-178.36454855275034
2025-11-03 23:53:58,rest,70.79761904761905,-80.33006037977431,-75.82921388057613,-179.18783441374305
2025-11-03 23:53:58,rest,70.29761904761905,-80.39357838284079,-75.48015161318446,36.103553331576634
2025-11-03 23:53:58,rest,69.43095238095239,-80.56051502776961,-75.28273409677858,122.04591976823087
2025-11-03 23:53:59,rest,68.76428571428572,-80.62570609151938,-75.23943638059978,156.28227618255352
2025-11-03 23:53:59,rest,68.01428571428572,-80.71358144847918,-75.60790084981883,170.31427989370866
2025-11-03 23:53:59,rest,68.01428571428572,-80.71109292338846,-76.11889867113,-39.62036139075394
2025-11-03 23:53:59,rest,68.5142857142857,-80.71351729770474,-76.57693149162236,-123.17934556123886
2025-11-03 23:53:59,rest,68.51428571428572,-80.71953072180506,-76.91343479294913,-156.3127760320839
2025-11-03 23:53:59,rest,67.59761904761905,-80.72607197066893,-77.09050709069312,-169.37119719445434
2025-11-03 23:53:59,rest,68.5142857142857,-80.77254239591812,-77.18932524869425,-174.42035063544307
2025-11-03 23:53:59,rest,67.09761904761905,-80.7330940472838,-77.20364226352748,-176.30266711901749
2025-11-03 23:54:00,rest,64.59761904761905,-80.68814687340223,-77.16812251378866,-177.06953521552526
2025-11-03 23:54:00,rest,63.347619047619055,-80.64811609163881,-77.10576244510898,-177.5247573632089
2025-11-03 23:54:00,rest,62.847619047619055,-80.60258162967489,-76.97703431203655,-177.8335153339845
2025-11-03 23:54:00,rest,61.84761904761905,-80.45885707231525,-76.67636450780408,-178.32970752846737
2025-11-03 23:54:00,rest,59.34761904761906,-80.32010332851813,-76.18521247889703,-178.7793751169434
2025-11-03 23:54:00,rest,54.38928571428572,-80.008981873722,-75.63181983159107,-178.93597674740323
2025-11-03 23:54:00,rest,48.46071428571429,-79.5455482159358,-75.09469211620421,-179.20409749710942
2025-11-03 23:54:00,pinch,30.975,-78.88572644667704,-74.36231471487974,35.79007248296763
2025-11-03 23:54:01,pinch,38.95952380952381,-78.03816977629855,-73.33439835993066,120.75358644957919
2025-11-03 23:54:01,pinch,42.80119047619048,-77.07151759905183,-72.04867733410678,153.88196400589777
2025-11-03 23:54:01,pinch,66.52261904761905,-76.0992021616923,-70.60832971070451,166.27739543177503
2025-11-03 23:54:01,pinch,72.37857142857143,-75.44593548361168,-69.07145446255542,169.7197272125258
2025-11-03 23:54:01,pinch,71.52738095238097,-74.90217719259944,-67.51723010931138,169.8169257230656
2025-11-03 23:54:01,pinch,70.8607142857143,-74.51791552818162,-66.26887570206677,169.603030483755
2025-11-03 23:54:01,pinch,69.62738095238097,-74.2482538058651,-65.2172148903573,169.29361987457435
2025-11-03 23:54:01,pinch,70.12738095238097,-74.11153657852564,-64.5493290835517,168.7762145420685
2025-11-03 23:54:02,pinch,69.62738095238097,-73.77928079916066,-64.19309037239323,168.0274881722279
2025-11-03 23:54:02,pinch,70.55595238095239,-73.36494994802023,-63.88994283027406,167.46584297462908
2025-11-03 23:54:02,pinch,70.5559523809524,-72.994336930057,-63.689259593096246,167.1100007327449
2025-11-03 23:54:02,pinch,71.05595238095239,-72.68593186719738,-63.51767047789612,166.82089023281003
2025-11-03 23:54:02,pinch,70.88928571428573,-72.46970322057217,-63.378847478212975,166.71545864166512
2025-11-03 23:54:02,pinch,70.48928571428573,-72.35535029600167,-63.32785259680817,166.85771781276097
2025-11-03 23:54:02,pinch,70.40595238095239,-72.44663796969348,-63.236517507747934,167.0535373455392
2025-11-03 23:54:02,pinch,68.15595238095239,-70.6822069831936,-62.345156263150805,170.46947558969936
2025-11-03 23:54:03,pinch,62.67261904761905,-68.1009922250274,-58.31600906917416,-33.704225294615824
2025-11-03 23:54:03,grasp,50.416666666666664,-65.3487556042914,-51.54471223920112,-104.21232581931494
2025-11-03 23:54:03,grasp,72.25,-63.27331785859883,-42.531402961302405,-123.5343040903265
2025-11-03 23:54:03,grasp,72.95,-61.65686822450182,-31.876927691496952,-125.08192887480959
2025-11-03 23:54:03,grasp,85.14999999999999,-59.97157110555666,-20.57224491510772,-121.0807475086362
2025-11-03 23:54:03,grasp,85.84880952380954,-60.59264106206905,-10.824199666306058,-117.98830728880253
2025-11-03 23:54:03,grasp,87.89880952380952,-62.33527874237645,-4.366312679898541,-117.50867334751655
2025-11-03 23:54:03,grasp,87.65595238095239,-63.950643831568215,-0.4265853814359475,-117.82124606523234
2025-11-03 23:54:03,grasp,87.23928571428571,-64.8878348215683,1.7552172831879573,-118.2290465272082
2025-11-03 23:54:04,grasp,86.90595238095239,-65.1758900380226,2.8861950025429093,-118.43740710065029
2025-11-03 23:54:04,grasp,87.0654761904762,-65.27409698101891,3.2378334498404366,-118.57327304481285
2025-11-03 23:54:04,grasp,86.8154761904762,-65.46226190334647,3.2545891483468905,-118.40577896320312
2025-11-03 23:54:04,grasp,86.8154761904762,-65.48592178099918,3.064917564397198,-118.21856066253083
2025-11-03 23:54:04,grasp,86.45833333333334,-65.32763115913266,2.6945648508349826,-117.93610688285393
2025-11-03 23:54:04,grasp,86.8154761904762,-64.98726122375147,2.267618315850357,-117.48103597424725
2025-11-03 23:54:04,grasp,86.79166666666666,-64.7971527178658,1.8292781901610948,-117.01841782967304
2025-11-03 23:54:04,grasp,87.14880952380952,-64.37485152235878,1.3196006898147936,-116.67064075248709
2025-11-03 23:54:05,grasp,86.70833333333334,-63.7438765676749,0.8335225742037933,-116.2369312666524
2025-11-03 23:54:05,grasp,87.04166666666666,-62.87513140891432,0.2967586556109809,-115.72574612568107
2025-11-03 23:54:05,grasp,87.54166666666666,-62.27993404911421,-0.2839336434047034,-115.31322546904939
2025-11-03 23:54:05,grasp,88.20833333333334,-61.807335133663926,-0.8662548187529608,-115.15476645581626
2025-11-03 23:54:05,grasp,86.49166666666667,-60.97992197753803,-1.3186753682432157,-114.99980662263272
2025-11-03 23:54:05,grasp,82.99166666666667,-60.87345041582846,-1.56357442117487,-115.18229079354263
2025-11-03 23:54:05,grasp,76.74166666666667,-61.35194198459668,-1.6936837628544312,-115.78285654026854
2025-11-03 23:54:05,grasp,72.74166666666667,-62.00371415164928,-1.7132961946204737,-116.24615936289493
2025-11-03 23:54:06,grasp,72.49166666666667,-62.53605065094655,-1.6361408380101947,-116.60331675407905
2025-11-03 23:54:06,grasp,72.49166666666667,-63.17679203376474,-1.5267766658423843,-116.77593672917621
2025-11-03 23:54:06,grasp,73.39880952380952,-63.936719259024215,-1.4494646583302937,-116.92756283165747
2025-11-03 23:54:06,grasp,72.39880952380952,-64.01566575397163,-1.4981095414940029,-116.78714504882285
2025-11-03 23:54:06,grasp,72.89880952380952,-63.36369434317843,-1.8314833352906232,-116.37531688125249
2025-11-03 23:54:06,grasp,75.39880952380952,-62.51528529216801,-2.3256366099314945,-116.13436959432514
2025-11-03 23:54:06,grasp,76.39880952380952,-61.537796585382,-2.736732778864412,-115.9415571271644
2025-11-03 23:54:06,grasp,82.59880952380954,-60.49401165386605,-3.1143425282928545,-115.61326669740825
2025-11-03 23:54:07,grasp,86.76547619047619,-59.78215998258764,-3.376089837110502,-115.48224285445897
2025-11-03 23:54:07,grasp,86.76547619047619,-59.24740758443055,-3.667553639113809,-115.39209308469113
2025-11-03 23:54:07,grasp,86.76547619047619,-58.50324266410239,-4.2047472924798575,-115.08181893844704
2025-11-03 23:54:07,grasp,86.76547619047619,-58.219633565829355,-4.52134012147553,-114.77006967378753
2025-11-03 23:54:07,grasp,87.26547619047619,-58.109599816920806,-4.805495588831612,-114.44757838921743
2025-11-03 23:54:07,grasp,87.76547619047619,-58.22598888191457,-4.990276976718457,-114.46682903662574
2025-11-03 23:54:07,grasp,87.76547619047619,-58.27507961223242,-5.243381486600181,-114.37251049970862
2025-11-03 23:54:07,grasp,89.01547619047619,-58.500200805533666,-5.508613007116979,-114.16692120189254
2025-11-03 23:54:07,grasp,89.01547619047619,-59.17557609220905,-5.373867349467354,-114.19026544685514
2025-11-03 23:54:08,grasp,89.01547619047619,-59.52780985524794,-5.239827959654608,-114.32972277382473
2025-11-03 23:54:08,grasp,89.01547619047619,-59.67000292307215,-5.198126145628754,-114.41637536824223
2025-11-03 23:54:08,grasp,89.01547619047619,-59.49305258258631,-5.2837733466608485,-114.22221787823135
2025-11-03 23:54:08,grasp,88.76547619047619,-59.215546768527574,-5.345596111129515,-114.12917438635915
2025-11-03 23:54:08,grasp,88.76547619047619,-59.131981811588005,-5.342278081434626,-114.29527127006246
2025-11-03 23:54:08,grasp,89.76547619047619,-59.311443343806594,-5.267619764658502,-114.43581856930939
2025-11-03 23:54:08,grasp,89.26547619047619,-59.201754523962045,-5.403374619521062,-114.40561044287307
2025-11-03 23:54:08,grasp,87.9154761904762,-59.32419001078589,-5.647394184045174,-114.31476863592714
2025-11-03 23:54:09,grasp,86.6654761904762,-59.191749590006964,-5.926818640536851,-114.09095359529533
2025-11-03 23:54:09,grasp,86.6654761904762,-58.84783126868065,-6.280821286136341,-113.75104743074708
2025-11-03 23:54:09,grasp,86.6654761904762,-58.26620891384191,-6.594420758022226,-113.24288301742196
2025-11-03 23:54:09,grasp,87.6654761904762,-57.79484288227029,-7.010182169715492,-112.80394940527289
2025-11-03 23:54:09,grasp,87.49880952380954,-57.806909154856456,-7.937503605774996,-113.61465994446982
2025-11-03 23:54:09,grasp,89.0404761904762,-59.14483265367886,-9.649237860164469,-116.45727339243038
2025-11-03 23:54:09,grasp,88.87380952380953,-61.82401095710801,-11.400997185057902,-121.39986613080016
2025-11-03 23:54:09,grasp,88.27380952380953,-65.44511575531314,-13.831652289579818,-127.36509612736404
2025-11-03 23:54:10,grasp,83.88214285714285,-68.96274545103934,-16.331750578525586,-134.43072677464272
2025-11-03 23:54:10,grasp,78.03214285714286,-72.32672567841774,-17.882551393058712,-143.32669636018073
2025-11-03 23:54:10,grasp,71.94880952380953,-75.92408380558706,-17.39986868215699,-150.99709054457315
2025-11-03 23:54:10,grasp,72.50833333333333,-79.18937811121921,-12.508258716022993,-156.52567486248037
2025-11-03 23:54:10,grasp,69.5,-82.34735576100277,-7.151166571389204,-160.54658654377607
2025-11-03 23:54:10,grasp,73.24999999999999,-85.83206415898596,-2.389912529379715,-164.85861817271197
2025-11-03 23:54:10,grasp,74.69999999999999,-89.310220119229,0.8480521961068854,-168.17001887395838
2025-11-03 23:54:10,grasp,67.11071428571428,-92.39554780976326,2.283838322797608,-168.78077120238902
2025-11-03 23:54:11,grasp,68.27738095238095,-95.27132282729866,2.4955933526576413,-168.99412323721077
2025-11-03 23:54:11,grasp,66.02738095238095,-98.1041666639727,1.1814623239853073,-169.07118345903154
2025-11-03 23:54:11,grasp,63.51071428571428,-100.59575569520081,-0.0020407468120777206,-169.09677136127942
2025-11-03 23:54:11,grasp,67.74047619047619,-102.1153114014917,-0.056900551059103625,-168.43428800715856
2025-11-03 23:54:11,grasp,67.74047619047619,-103.32996332014717,0.5056402698836175,-167.4364012528811
2025-11-03 23:54:11,grasp,63.47738095238095,-104.99783565458623,1.6716844731311677,-167.82816598340446
2025-11-03 23:54:11,grasp,67.14404761904763,-106.8052790760733,3.202798478062425,-168.6829141972185
2025-11-03 23:54:11,grasp,66.06071428571428,-108.32765561052432,4.665699997089257,-169.5011877439793
2025-11-03 23:54:12,grasp,67.31071428571428,-109.38626987455655,5.6626388294148935,-170.11472721169065
2025-11-03 23:54:12,grasp,69.31071428571428,-109.52336623437087,5.139715464983836,-170.18742435620436
2025-11-03 23:54:12,grasp,68.16785714285714,-108.18404959713719,2.213729748699877,-170.40939588842562
2025-11-03 23:54:12,grasp,67.71666666666667,-104.82016182115431,-2.5034042727901915,-168.89658693430374
2025-11-03 23:54:12,grasp,69.55,-100.01982105952213,-6.968331233306582,-165.36057740233906
2025-11-03 23:54:12,grasp,66.28690476190476,-94.43913312245117,-11.088976600265884,-160.90369577354505
2025-11-03 23:54:12,grasp,66.09047619047618,-88.24424387691806,-13.006628435772967,-155.28601644564756
2025-11-03 23:54:12,grasp,67.1654761904762,-82.06223660360507,-11.737287284591382,-149.03161938556246
2025-11-03 23:54:12,grasp,69.29166666666667,-76.43301824292729,-8.144591382023036,-142.26789558276025
2025-11-03 23:54:13,grasp,71.51666666666668,-72.33992189696934,-5.043499498267342,-136.3163079228509
2025-11-03 23:54:13,grasp,74.45714285714286,-68.87673607725532,-3.686859577537945,-131.56168950003251
2025-11-03 23:54:13,grasp,74.56428571428572,-65.76098847107534,-2.92469428139062,-127.91404307942247
2025-11-03 23:54:13,grasp,73.89761904761906,-63.872807602989084,-2.587328237447476,-126.10340080744024
2025-11-03 23:54:13,grasp,76.39047619047619,-62.6126641508126,-2.368624046947706,-125.14738704527196
2025-11-03 23:54:13,grasp,75.39047619047619,-61.823515303599834,-2.1101943306731243,-124.61629619102088
2025-11-03 23:54:13,grasp,75.39047619047619,-61.35077240084657,-1.7204257317686928,-124.41572864288966
2025-11-03 23:54:14,grasp,78.14047619047619,-61.09517167756039,-1.241385585876594,-124.2665776861219
2025-11-03 23:54:14,grasp,78.39047619047619,-60.85775130549173,-0.860449857015023,-124.13971626791756
2025-11-03 23:54:14,grasp,79.14047619047619,-60.80397655466005,0.5538428662815278,-124.80620071492909
2025-11-03 23:54:14,grasp,72.81428571428572,-60.51939173706327,2.005919695787097,-127.27955786000302
2025-11-03 23:54:14,grasp,66.45714285714286,-60.65614631850886,3.8141701581077703,-131.23446976400504
2025-11-03 23:54:14,grasp,56.4595238095238,-61.033283949595166,5.811702037042076,-135.80475266421757
2025-11-03 23:54:14,grasp,51.7095238095238,-61.62995859375911,7.70251972888311,-141.11359785955324
2025-11-03 23:54:14,grasp,43.91785714285714,-62.41777644784453,9.442205824176297,-147.01477443450017
2025-11-03 23:54:15,grasp,39.66190476190476,-63.26589028677819,10.382872470520137,-152.26508254360218
2025-11-03 23:54:15,release,37.05714285714287,-64.33092161955102,11.304944638585724,-154.77946292695168
2025-11-03 23:54:15,release,49.801190476190484,-65.01884208696373,11.74840407258258,-155.87016572101274
2025-11-03 23:54:15,release,55.65119047619048,-65.47663625737414,11.791594091343997,-156.7520058752122
2025-11-03 23:54:15,release,58.96785714285714,-65.64921269997541,11.792035775500262,-157.27103471821846
2025-11-03 23:54:15,release,61.13452380952381,-65.66835099301332,11.820748886538698,-157.6169012760406
2025-11-03 23:54:15,release,61.63452380952381,-65.86730384578465,11.643318895876519,-159.12572913912408
2025-11-03 23:54:15,release,61.092857142857135,-66.03795468113613,11.123546685749053,-162.2024759916931
2025-11-03 23:54:16,release,63.27619047619047,-66.36000299314745,10.848950210897929,-166.6137506370613
2025-11-03 23:54:16,release,71.69166666666666,-67.47469984634785,11.791034536286196,-172.39604757633097
2025-11-03 23:54:16,release,57.497619047619054,-69.27836631332127,13.26470755888944,36.719479687737675
2025-11-03 23:54:16,release,56.55833333333333,-71.40588484307632,15.206129613119536,116.78789913227797
2025-11-03 23:54:16,release,56.74166666666667,-73.37528987769879,17.236193564682615,147.0910277337511
2025-11-03 23:54:16,release,59.45833333333334,-75.85558544188132,19.479801491090246,157.96589240004465
2025-11-03 23:54:16,release,60.091666666666676,-78.57269148755594,20.619015273091943,161.97644377618678
2025-11-03 23:54:16,release,59.508333333333354,-80.94458992049863,19.538502146002678,164.40306126731133
2025-11-03 23:54:17,release,59.097619047619055,-82.41869945211585,18.220800538013677,166.80531369495014
2025-11-03 23:54:17,release,60.44761904761905,-83.20245901065626,16.67836188160401,168.5667319647746
2025-11-03 23:54:17,release,55.93928571428572,-83.41536750330889,14.500915123484518,169.9315780257909
2025-11-03 23:54:17,release,52.79761904761905,-82.7666138832499,12.898974282419935,171.79913332787072
2025-11-03 23:54:17,release,47.78928571428572,-80.05674712272635,12.328748581432066,176.26206345522053
2025-11-03 23:54:17,release,50.03095238095238,-75.8377992010773,11.995145405218958,-33.7805500987035
2025-11-03 23:54:17,release,48.855952380952395,-71.08159392406898,11.286808156128181,-113.61836667029327
2025-11-03 23:54:17,release,47.09761904761906,-66.41955131988283,10.459493426986601,-140.89033263735436
2025-11-03 23:54:18,release,63.55,-62.25173305298463,9.969099706244549,-148.2831673651562
2025-11-03 23:54:18,release,68.45833333333333,-58.68312117357355,9.06807150667748,-148.66342688340325
2025-11-03 23:54:18,release,67.87499999999999,-57.288591855622165,8.389817045506978,-148.88402583418417
2025-11-03 23:54:18,release,66.575,-56.6622260323403,8.044544409719721,-148.94165044068484
2025-11-03 23:54:18,release,66.24166666666666,-56.576532144595475,7.769843873953203,-148.4344780929577
2025-11-03 23:54:18,release,66.34166666666665,-56.63876483491423,7.509882605407591,-147.86204496095314
2025-11-03 23:54:18,release,66.25833333333333,-56.6959812430236,7.317538586187419,-147.41546511027423
2025-11-03 23:54:18,release,67.07499999999999,-56.80547166739629,7.208252771533783,-146.587814849305
2025-11-03 23:54:19,release,67.04166666666666,-56.68731142671852,7.239233494836942,-145.7365038926123
2025-11-03 23:54:19,release,76.29166666666666,-56.4753910725077,7.321107740198549,-144.66286020318785
2025-11-03 23:54:19,release,79.00833333333333,-56.18770298483671,7.4459127550024755,-143.9707254857242
2025-11-03 23:54:19,release,79.75833333333333,-55.77452010591288,7.504131161549752,-143.34821115210553
2025-11-03 23:54:19,release,80.00833333333333,-55.49756266778232,7.639435422201974,-142.76406110024294
2025-11-03 23:54:19,release,82.37499999999999,-55.190200860526545,7.6407821098944035,-142.65279306016023
2025-11-03 23:54:19,release,83.37499999999999,-55.0885982498134,7.616310081976759,-142.85697748203512
2025-11-03 23:54:19,release,83.62499999999999,-55.06807693948916,7.525354700331915,-143.1902837343405
2025-11-03 23:54:20,release,84.11309523809523,-54.97170541046891,7.40546705838697,-143.2568583387989
2025-11-03 23:54:20,release,84.69642857142856,-55.01612763964307,7.324426919944617,-143.42689785893592
2025-11-03 23:54:20,release,86.225,-54.913208553472955,7.167107151658417,-144.48876453734596
2025-11-03 23:54:20,release,86.35,-55.61932099550906,6.947846797966205,-148.2943569664896
2025-11-03 23:54:20,release,88.83333333333331,-56.72884601089886,6.575482769202826,-153.9915988179536
2025-11-03 23:54:20,release,91.62499999999999,-58.08137578737348,5.9274564487184085,-160.8362823291414
2025-11-03 23:54:20,release,94.12499999999999,-59.6755225505943,5.07868436110362,-168.29752915992543
2025-11-03 23:54:20,release,94.87499999999999,-61.23790470682495,4.5827733622583064,40.0328201737167
2025-11-03 23:54:21,release,94.62499999999999,-63.04129462174491,3.878267450210363,120.0251243493738
2025-11-03 23:54:21,release,94.48214285714285,-64.57799816029494,3.216232043566242,150.50474667362516
2025-11-03 23:54:21,release,94.73214285714283,-65.89800680285809,2.4000766866669307,161.3446683589475
2025-11-03 23:54:21,release,94.23214285714283,-67.00382140674367,1.789643011830751,164.91082441229958
2025-11-03 23:54:21,release,93.48214285714285,-67.76758720409269,1.2718818583984992,166.52530555482025
2025-11-03 23:54:21,release,93.48214285714285,-68.59218474880674,0.4022312110911581,168.01748924014132
2025-11-03 23:54:21,release,94.23214285714285,-69.21379085496523,-0.581944711143471,168.8996226059258
2025-11-03 23:54:21,release,94.23214285714283,-69.42379218955908,-1.5712048637201934,169.26519155955577
2025-11-03 23:54:22,release,93.73214285714283,-69.58125845239952,-2.177425900706403,169.76080287746197
2025-11-03 23:54:22,release,93.23214285714285,-69.77362776848854,-2.6019942160528275,170.21507492169036
2025-11-03 23:54:22,release,94.48214285714283,-69.80840220311359,-2.868009382100322,170.2697206875634
2025-11-03 23:54:22,release,94.98214285714283,-68.99603078721594,-3.2065106154449525,170.33739664207667
2025-11-03 23:54:22,release,95.39880952380952,-67.89120265202646,-2.780597717390019,172.52302547770586
2025-11-03 23:54:22,release,97.07499999999999,-66.30366447625711,-2.0386424924639006,176.7472227072729
2025-11-03 23:54:22,release,95.32499999999999,-64.54346144000527,-1.2827147128362826,-33.473614185027685
2025-11-03 23:54:22,release,94.07499999999999,-62.18739337942538,-0.5630971087819101,-112.64635744908641
2025-11-03 23:54:23,release,96.50833333333333,-59.51019786318204,0.06814447762204187,-138.6664291922064
2025-11-03 23:54:23,release,93.425,-57.1310848865145,0.4715842751831161,-143.739754419603
2025-11-03 23:54:23,release,92.925,-54.95926596621957,0.4876183837991668,-142.66777049056046
2025-11-03 23:54:23,release,91.675,-53.76217750054451,0.32842682032610593,-140.90643649672228
2025-11-03 23:54:23,release,91.175,-52.77737431981831,0.24796802506439314,-139.3840769464235
2025-11-03 23:54:23,release,92.20833333333333,-52.46072487800603,0.1845811119200293,-138.77255513153096
2025-11-03 23:54:23,release,91.175,-52.40650685948731,0.19429029118130164,-138.40087342762564
2025-11-03 23:54:23,release,91.175,-52.269417847722295,0.36175815628044505,-137.89323475401872
2025-11-03 23:54:24,release,91.425,-52.0583839728498,0.6203531626593148,-137.72355694759455
2025-11-03 23:54:24,release,90.62499999999999,-52.073661822162194,0.957404665207486,-137.78252047746264
2025-11-03 23:54:24,release,91.425,-52.12222468088707,1.2731380040783336,-137.7470004180639
2025-11-03 23:54:24,release,91.09166666666665,-52.094354660379565,1.556125142342074,-137.57825096798405
2025-11-03 23:54:24,release,92.59166666666665,-52.03904372363537,1.824456861163571,-137.56523512833922
2025-11-03 23:54:24,release,91.09166666666665,-52.14256639891612,2.1088406432567686,-137.47525939157268
2025-11-03 23:54:24,release,91.84166666666665,-52.28445915831199,2.2652405711965895,-137.34317742088703
2025-11-03 23:54:24,release,93.59166666666665,-52.3841292142244,2.448763905559195,-136.9820315112809
2025-11-03 23:54:25,release,90.975,-54.26537401302452,3.1810922950264997,-141.58623764667857
2025-11-03 23:54:25,release,92.19999999999999,-56.895534956006685,3.938060000971943,-148.86729649886712
2025-11-03 23:54:25,release,93.24999999999999,-59.150501047026,4.703784456568965,-156.181666114726
2025-11-03 23:54:25,release,92.95833333333331,-61.15832673863507,5.716562107362334,-163.27846902968233
2025-11-03 23:54:25,release,92.8583333333333,-62.9145339186929,6.9253574243802305,-169.27351836207015
2025-11-03 23:54:25,release,93.70833333333331,-64.3298661280837,8.093626146763764,-174.66082851181773
2025-11-03 23:54:25,release,94.62499999999999,-64.87109069036048,8.69614412936694,-176.7232343020948
2025-11-03 23:54:25,release,94.37499999999999,-64.75820619450397,9.38136084243025,-176.73568066612728
2025-11-03 23:54:26,release,93.57499999999999,-64.79358354554144,10.196556947014166,-176.21422383722313
2025-11-03 23:54:26,release,92.57499999999999,-64.71196735906497,10.750454279530228,-175.2680785497388
2025-11-03 23:54:26,release,92.82499999999999,-64.62224962553178,11.196233984136613,-174.51170516656214
2025-11-03 23:54:26,release,92.82499999999999,-64.57190256093602,11.547299663033394,-173.87513471755085
2025-11-03 23:54:26,release,92.82499999999999,-64.48881408635121,11.812999676114545,-173.43635031153423
2025-11-03 23:54:26,release,92.82499999999999,-64.44624077727846,12.018165131680728,-173.0270423252337
2025-11-03 23:54:26,release,92.82499999999999,-64.3228701495121,11.652423503404691,-172.96460150329727
2025-11-03 23:54:26,release,93.62499999999999,-64.35316938890378,8.348413873894682,-172.35220720302897
2025-11-03 23:54:27,release,96.54166666666666,-64.54693635124706,1.4339573841645286,-170.76519952984603
2025-11-03 23:54:27,release,96.15833333333332,-65.04268140789918,-7.824927672378868,-169.0524588196287
2025-11-03 23:54:27,release,93.82499999999999,-65.69787694580126,-18.292037946464127,-167.29547059242014
2025-11-03 23:54:27,release,90.53333333333333,-66.33084625361063,-29.024871004159657,-165.19995027594058
2025-11-03 23:54:27,release,83.90833333333332,-66.94829015463284,-39.023301454860515,-162.92947224248064
2025-11-03 23:54:27,release,79.78333333333335,-67.17012704750077,-44.58713216430091,-160.36416510949158
2025-11-03 23:54:27,release,79.95,-67.67728088074966,-47.547793227055976,-159.61396201867382
2025-11-03 23:54:27,release,77.7,-68.16977290225358,-49.57991930128091,-159.12655422839828
2025-11-03 23:54:28,release,73.53333333333335,-68.55854750676299,-51.62641055158929,-158.3003177775336
2025-11-03 23:54:28,release,73.2,-69.24204654309723,-54.211644326668406,-157.63008540112108
2025-11-03 23:54:28,release,70.11666666666667,-70.25746266050191,-57.15374942876721,-156.9183502999585
2025-11-03 23:54:28,release,62.9,-71.89424155098027,-60.5723156846528,-157.05666854942712
2025-11-03 23:54:28,release,58.21666666666666,-73.504871143623,-63.35996557778529,-156.40389227937206
2025-11-03 23:54:28,release,55.09166666666666,-75.04529789851128,-65.64855606289927,-155.98846609986828
2025-11-03 23:54:28,release,55.25833333333332,-76.68995837058418,-67.68710563020903,-155.94991914268775
2025-11-03 23:54:28,release,54.46666666666666,-78.13987851666458,-69.39969781729609,-155.81808567663495
2025-11-03 23:54:29,release,51.30000000000001,-79.26792755136142,-70.75920184177764,-155.61593130704534
2025-11-03 23:54:29,release,49.46666666666667,-80.03848504621918,-71.96829805893759,-155.51181911849778
2025-11-03 23:54:29,release,50.216666666666676,-80.21705609334086,-72.93836775039651,-155.53647833150617
2025-11-03 23:54:29,release,50.63333333333334,-80.08813514953752,-73.48094846895042,-155.39239042318587
2025-11-03 23:54:29,release,50.63333333333333,-79.8903636672596,-73.90525135146738,-155.2582033045178
2025-11-03 23:54:29,release,49.59166666666667,-79.95775634277041,-74.3676025191905,-155.57820039717802
2025-11-03 23:54:29,release,43.11944444444444,-80.5642223713518,-75.12701072867479,-156.67008112742076
2025-11-03 23:54:29,release,39.242063492063494,-80.69403160211823,-76.33357793938879,-159.09642084428512
2025-11-03 23:54:30,release,29.694444444444446,-80.32930499001549,-77.62260079925846,-162.31157206325426
2025-11-03 23:54:30,rest,28.38333333333334,-79.82432638601799,-78.89841086338896,-165.59238868643678
2025-11-03 23:54:30,rest,40.75833333333333,-79.38383718700825,-80.10980572020779,-168.7144281755806
2025-11-03 23:54:30,rest,50.13333333333334,-78.75571030661608,-81.15025620913671,-171.41722188805662
2025-11-03 23:54:30,rest,50.13333333333333,-77.78870788960755,-81.95052565099144,-173.50352269503009
2025-11-03 23:54:30,rest,50.13333333333333,-77.25861840251497,-82.28211728134025,-174.33875137473748
2025-11-03 23:54:30,rest,50.13333333333333,-77.33190589285874,-82.34418342522552,-174.27555844232572
2025-11-03 23:54:30,rest,50.13333333333333,-77.66872078772577,-82.2368862847963,-173.9131835123877
2025-11-03 23:54:30,rest,51.63333333333333,-77.98771543577713,-81.91699441229025,-173.77632874709434
2025-11-03 23:54:31,rest,53.50833333333333,-78.2689179616711,-81.54670919917062,-173.77803043872112
2025-11-03 23:54:31,rest,54.00833333333333,-78.36263881944949,-81.19253281915944,-173.73039554046113
2025-11-03 23:54:31,rest,54.00833333333333,-78.4242665256126,-81.00626867339679,-173.72472964705884
2025-11-03 23:54:31,rest,54.00833333333333,-78.5048083316104,-80.97681367410381,-173.69634866037947
2025-11-03 23:54:31,rest,54.00833333333333,-78.51894775870686,-81.10264567473021,-173.7000973610812
2025-11-03 23:54:31,rest,53.883333333333326,-78.5955822231644,-81.40993203564389,-173.54748753714938
2025-11-03 23:54:31,rest,52.38333333333334,-78.72726506925898,-81.80946613246019,-173.37211038969036
2025-11-03 23:54:31,rest,52.38333333333334,-79.00869504490838,-82.16079525478435,-173.24234021608464
2025-11-03 23:54:32,rest,50.88333333333333,-79.39091872677906,-82.3985367715678,-173.11219647177086
2025-11-03 23:54:32,rest,50.88333333333333,-79.8032942285401,-82.51702815932981,-172.88681059855574
2025-11-03 23:54:32,rest,49.88333333333333,-80.21978932399611,-82.52536244572278,-172.61965095195785
2025-11-03 23:54:32,rest,49.88333333333333,-80.50336835443944,-82.3900971361146,-172.2938205498658
2025-11-03 23:54:32,rest,49.50833333333333,-80.6768854249867,-82.13843245031494,-171.92727094188288
2025-11-03 23:54:32,rest,47.75833333333333,-80.72240109797445,-81.81311090566692,-171.70112077766538
2025-11-03 23:54:32,rest,45.38333333333333,-80.70859618686993,-81.46876211490297,-171.36531369704994
2025-11-03 23:54:32,rest,43.38333333333333,-80.64284804745998,-81.20342817427954,-171.02348794651388
2025-11-03 23:54:33,rest,42.38333333333333,-80.53711499385032,-81.00385743390464,-170.57714186573207
2025-11-03 23:54:33,rest,40.46666666666667,-80.54597423395862,-80.86728938313428,-170.1105266975717
2025-11-03 23:54:33,rest,39.96666666666667,-80.68802421873039,-80.77037463337447,-169.67163688203885
2025-11-03 23:54:33,rest,39.21666666666667,-80.92237280663781,-80.76266110359785,-169.15145078171082
2025-11-03 23:54:33,pinch,25.516666666666666,-81.0125451099332,-80.05286049008777,-168.66829350147844
2025-11-03 23:54:33,release,29.524999999999995,-80.77048576328457,-78.57539604667122,-167.43168863891148
2025-11-03 23:54:33,point,34.07380952380953,-80.18939143171421,-76.45504151750654,-165.7551195095216
2025-11-03 23:54:33,point,58.536904761904765,-79.31922871264777,-73.49036106972972,-163.9166331263471
2025-11-03 23:54:33,point,80.92738095238094,-77.98601630413415,-69.32285963821371,-162.1740812265245
2025-11-03 23:54:34,point,93.2,-76.37811787198638,-63.09850351817911,-160.51526375457763
2025-11-03 23:54:34,point,96.50555555555556,-74.88295204017354,-59.10155400857745,-159.06181553364485
2025-11-03 23:54:34,point,96.67222222222222,-73.73354621324776,-57.35765898184677,-158.50341577111763
2025-11-03 23:54:34,point,96.92222222222222,-72.95203266275098,-56.312028489112656,-158.42017365494567
2025-11-03 23:54:34,point,96.92222222222222,-72.28871187072275,-55.68207027985375,-158.2812223864253
2025-11-03 23:54:34,point,96.92222222222222,-72.07166402006496,-55.105648739244074,-158.10184297728853
2025-11-03 23:54:34,point,96.92222222222222,-72.13219274997037,-54.593454761376364,-157.79420443367025
2025-11-03 23:54:35,point,96.92222222222222,-72.16406474230754,-54.4238291084642,-157.3007731972977
2025-11-03 23:54:35,point,96.92222222222222,-72.28189921856652,-54.437279185291786,-156.60229420659707
2025-11-03 23:54:35,point,96.92222222222222,-72.50426028200053,-54.374741915486446,-155.9245680556337
2025-11-03 23:54:35,point,98.7,-72.51314705735713,-53.08395010901097,-156.3971952419233
2025-11-03 23:54:35,point,100.0,-70.75237441740852,-49.165223909686674,-151.26382484626185
2025-11-03 23:54:35,point,100.0,-67.24148209651055,-43.86239777490495,-142.0567429562439
2025-11-03 23:54:35,point,100.0,-62.60444710639807,-37.26350091622059,-131.03728387812006
2025-11-03 23:54:36,point,98.75,-55.86262624279678,-29.746957310263177,-119.88767836278555
2025-11-03 23:54:36,point,94.91666666666667,-44.77933641454156,-22.295169792969034,-109.1639295792564
2025-11-03 23:54:36,point,90.91666666666667,-28.301003249793517,-16.081937731543206,-100.09334804902281
2025-11-03 23:54:36,point,91.41666666666667,-20.02289348302849,-11.78936631225851,-95.87495572482163
2025-11-03 23:54:36,point,90.79166666666667,-20.398458151259923,-8.710746559242567,-94.91796659890727
2025-11-03 23:54:36,point,91.29166666666667,-23.792006164625626,-6.132993852466226,-95.38016482817852
2025-11-03 23:54:36,point,91.91666666666667,-27.139700922771972,-4.1822347863880305,-96.26976395747427
2025-11-03 23:54:36,point,91.41666666666667,-30.423346300210984,-2.3117199454583517,-97.48063859402055
2025-11-03 23:54:37,point,91.41666666666667,-33.012439190133335,-0.6509999792633105,-98.63814540941453
2025-11-03 23:54:37,point,90.41666666666669,-34.54245620215182,0.28461539439433803,-99.3963768063658
2025-11-03 23:54:37,point,90.50000000000001,-35.31898432119376,0.9409794478012339,-99.83050303901116
2025-11-03 23:54:37,point,91.00000000000001,-36.405092094435716,0.9127080857037695,-100.4295466047134
2025-11-03 23:54:37,point,92.00000000000001,-42.6209159879307,1.1173111097648114,-104.50380872536337
2025-11-03 23:54:37,point,95.7529761904762,-52.10244121176806,0.24077611864555462,-110.95492454208974
2025-11-03 23:54:37,point,96.0,-59.82837455385783,-3.151156444221683,-118.71173741775252
2025-11-03 23:54:37,point,95.875,-65.79425493116146,-8.178091818038872,-127.37233668821459
2025-11-03 23:54:37,point,91.03333333333333,-71.07901306194154,-13.942381523124325,-136.36115113090477
2025-11-03 23:54:38,point,87.06666666666666,-75.47950975728014,-19.83979640915164,-144.75098819430002
2025-11-03 23:54:38,point,80.40833333333332,-79.06737853060505,-26.00011205314343,-147.4268268770852
2025-11-03 23:54:38,point,84.4083333333333,-79.99376949474262,-31.448979135285406,-146.8528500184706
2025-11-03 23:54:38,point,77.11666666666665,-81.09608123847474,-33.38440201832467,-146.26652290078826
2025-11-03 23:54:38,point,69.86666666666666,-82.2101090667243,-33.4871792209492,-145.55790093118497
2025-11-03 23:54:38,point,68.74166666666666,-82.55812616778977,-33.79161273978771,-144.72156254462422
2025-11-03 23:54:38,point,71.4738095238095,-82.5646410613588,-34.89200165944665,-143.62569453930513
2025-11-03 23:54:38,point,76.49047619047619,-82.3223892334719,-36.3386323903421,-142.94512508301446
2025-11-03 23:54:39,point,81.99047619047617,-81.97404927213691,-37.75190262398043,-142.43765623687074
2025-11-03 23:54:39,point,88.36666666666665,-81.46837762943555,-39.33356007448464,-142.04396580635722
2025-11-03 23:54:39,point,92.86666666666666,-80.67423908996314,-41.467900620282194,-141.7198196982912
2025-11-03 23:54:39,point,96.74166666666666,-79.99721750293085,-43.61053716613576,-141.57800332650402
2025-11-03 23:54:39,point,98.95833333333333,-78.92151958419981,-46.33984997664656,-142.27392838600116
2025-11-03 23:54:39,point,99.125,-78.06262587812779,-48.591161055438604,-144.088856618112
2025-11-03 23:54:39,point,99.125,-77.30164708866877,-50.20763343527018,-146.66881783086404
2025-11-03 23:54:39,point,99.125,-76.5588761972272,-51.26183492873504,-149.97721002768176
2025-11-03 23:54:40,point,97.325,-76.01922148972537,-51.82906536200085,-154.0603615814
2025-11-03 23:54:40,point,98.325,-76.02908455386971,-51.5475086513288,-159.17952277446784
2025-11-03 23:54:40,point,98.625,-76.79623290187644,-50.09968976248791,-164.59443208994884
2025-11-03 23:54:40,point,99.125,-77.30075729155851,-48.580866860740585,-169.11431102235156
2025-11-03 23:54:40,point,99.125,-77.42878236995301,-47.61719137450247,-172.41391620656788
2025-11-03 23:54:40,point,99.125,-78.0656318492117,-47.055131974056856,-174.49573397423637
2025-11-03 23:54:40,point,98.625,-78.83320314996291,-46.60917306795077,-175.7436487394646
2025-11-03 23:54:40,point,99.125,-79.32571436381147,-46.530671351843914,-177.01792361161415
2025-11-03 23:54:41,point,99.125,-79.42864014345817,-46.331866819517785,-178.00372498138017
2025-11-03 23:54:41,point,99.125,-79.4140598534014,-46.56314716056697,-177.86492324166767
2025-11-03 23:54:41,point,99.125,-79.4250160818105,-46.86022219307848,-177.33030053818408
2025-11-03 23:54:41,point,99.125,-79.05340545801718,-46.954228128124456,-176.77894974961694
2025-11-03 23:54:41,point,99.125,-78.75485569604848,-47.0917209899234,-176.41923575291926
2025-11-03 23:54:41,point,99.125,-78.5157707052519,-47.234352325776996,-175.35821480663725
2025-11-03 23:54:41,point,99.125,-78.26568472896935,-47.787533534254706,-173.4514255679685
2025-11-03 23:54:41,point,99.0,-78.19479566154637,-48.09490775034236,-172.1167718078246
2025-11-03 23:54:42,point,99.0,-78.64559499286742,-47.80992097223795,-171.5325536303016
2025-11-03 23:54:42,point,99.0,-79.20659549151618,-47.52567044808579,-171.4122905934558
2025-11-03 23:54:42,point,99.0,-79.45511449740434,-46.983202327133824,-170.82880377494538
2025-11-03 23:54:42,point,98.75,-79.55435631877552,-46.45995826982582,-169.5102772215391
2025-11-03 23:54:42,point,98.625,-79.77902270611983,-45.859282616905936,-167.7727225481018
2025-11-03 23:54:42,point,98.15833333333333,-80.15130015057585,-45.07782945269173,-166.20561439382587
2025-11-03 23:54:42,point,98.15833333333333,-80.40063859226322,-44.29833392212029,-164.5486525905232
2025-11-03 23:54:42,point,94.49166666666666,-80.63193054920086,-43.41405960556175,-162.95597654912626
2025-11-03 23:54:43,point,92.65833333333333,-81.12608249597298,-42.5547030673104,-161.9273027218598
2025-11-03 23:54:43,point,93.40833333333333,-81.53033771050343,-41.76048637677371,-161.39420075195824
2025-11-03 23:54:43,point,93.15833333333333,-81.88241722304133,-41.03151598503716,-161.40159999896605
2025-11-03 23:54:43,point,93.90833333333333,-81.99472643326314,-40.79574769245821,-161.34826405486928
2025-11-03 23:54:43,point,93.90833333333333,-82.21760134298354,-40.81625549932696,-161.51966347890152
2025-11-03 23:54:43,point,94.70833333333333,-82.5686835491374,-42.65494268544843,-161.28773834358608
2025-11-03 23:54:43,point,97.95833333333333,-82.37505055436222,-48.05564240208051,-162.22146913338196
2025-11-03 23:54:43,point,93.05833333333332,-81.74242729098017,-55.48022731304142,-164.4276274672011
2025-11-03 23:54:43,point,80.79761904761905,-80.20879502571431,-60.935943999247534,-168.2860428477175
2025-11-03 23:54:44,point,43.13214285714286,-78.16521105730168,-64.29119345872971,-173.2713368046747
2025-11-03 23:54:44,pinch,56.05119047619047,-75.04062703645096,-66.00618916270656,36.41262513922632
2025-11-03 23:54:44,pinch,69.21666666666665,-70.89958316253241,-66.14552374762224,114.60152485606947
2025-11-03 23:54:44,pinch,76.61309523809526,-67.0269988681585,-64.84502405166704,142.1281378668223
2025-11-03 23:54:44,pinch,83.6797619047619,-63.74119371878924,-62.71374367516316,150.28616140298323
2025-11-03 23:54:44,pinch,84.37976190476189,-61.60374740280783,-61.050585865017815,152.7924471743282
2025-11-03 23:54:44,pinch,82.71309523809524,-60.6325552413103,-59.83635063527509,153.29998922695404
2025-11-03 23:54:44,pinch,81.71309523809524,-60.64869018410309,-58.943181731859156,153.47508581239887
2025-11-03 23:54:45,pinch,81.21309523809524,-61.19379635407916,-58.29095115792165,153.4453248674721
2025-11-03 23:54:45,pinch,81.71309523809524,-61.726516944232586,-57.785335522831716,153.58863986688982
2025-11-03 23:54:45,pinch,82.96309523809524,-62.14041839872601,-57.41995739291762,153.82888723827347
2025-11-03 23:54:45,pinch,83.29642857142858,-62.61428848980252,-57.05811742146132,153.89312428558577
2025-11-03 23:54:45,pinch,84.19642857142856,-62.84291347346493,-56.661697302300006,154.02825080039315
2025-11-03 23:54:45,pinch,84.19642857142856,-62.903805635179594,-56.17731525947773,154.05703555092353
2025-11-03 23:54:45,pinch,84.86309523809524,-62.85074603437429,-55.669560525434186,153.9423442451348
2025-11-03 23:54:45,pinch,84.86309523809524,-62.75017718159478,-55.24958927520609,153.56192439787964
2025-11-03 23:54:46,pinch,85.11309523809524,-62.615193858932855,-54.84214995974655,153.15699959899604
2025-11-03 23:54:46,pinch,84.61309523809524,-62.438244243397676,-54.46872584414681,152.61339684804173
2025-11-03 23:54:46,pinch,84.86309523809524,-62.21106719544997,-54.211118471173044,151.92758553689038
2025-11-03 23:54:46,pinch,84.86309523809524,-62.041058082232325,-54.140734769257946,151.19459574296576
2025-11-03 23:54:46,pinch,84.69642857142856,-61.966048220913784,-54.120496141608726,150.26265410714757
2025-11-03 23:54:46,pinch,85.57142857142857,-61.979672867451086,-54.124906653108134,149.37289998066734
2025-11-03 23:54:46,pinch,85.57142857142857,-62.051709014292285,-54.058864480033606,148.80363362731802
2025-11-03 23:54:46,pinch,89.82142857142857,-62.13942806330873,-53.95447591754657,148.3838382288173
2025-11-03 23:54:47,pinch,92.82142857142857,-62.27983030098013,-53.84744833033746,147.93547989527136
2025-11-03 23:54:47,pinch,93.82142857142857,-62.197295175543374,-53.66999743281791,147.60583860489615
2025-11-03 23:54:47,pinch,96.57142857142857,-62.045731948742855,-53.44681154878078,147.6248664378009
2025-11-03 23:54:47,pinch,96.57142857142857,-61.79975412170554,-53.07266742897332,147.69653660599573
2025-11-03 23:54:47,pinch,96.57142857142857,-61.57682051657866,-52.768140410332336,147.52404893601255
2025-11-03 23:54:47,pinch,96.57142857142857,-61.33949925743829,-52.50543825915022,147.39501947941014
2025-11-03 23:54:47,pinch,96.32142857142857,-61.08873443668474,-52.280338375983305,147.32638824854885
2025-11-03 23:54:47,pinch,95.82142857142857,-60.99760797466426,-52.120301265932504,147.4025011714441
2025-11-03 23:54:48,pinch,95.82142857142857,-60.73996593324536,-52.08369153653193,147.56101700449128
2025-11-03 23:54:48,pinch,96.07142857142857,-60.67942780067908,-52.32788330965684,148.37454207656742
2025-11-03 23:54:48,pinch,96.17142857142856,-60.629697579399576,-53.25202733449266,149.89936578865056
2025-11-03 23:54:48,pinch,96.67142857142856,-60.66558313449492,-54.968709112731936,152.04188233708226
2025-11-03 23:54:48,pinch,94.92142857142858,-60.96438174968886,-57.96145269978531,155.78958151126784
2025-11-03 23:54:48,pinch,94.42142857142858,-61.695532903676565,-62.196632059680255,160.61921047261873
2025-11-03 23:54:48,pinch,94.82142857142858,-62.71899479235488,-66.54505153488509,165.78313919243703
2025-11-03 23:54:48,pinch,95.84642857142858,-63.970853478967626,-70.84154177553668,170.96812318352698
2025-11-03 23:54:49,pinch,95.34642857142858,-65.32193758332662,-74.57398452774238,175.75287780627227
2025-11-03 23:54:49,pinch,96.55476190476192,-66.51466528018094,-77.83628159169977,-35.84345022422629
2025-11-03 23:54:49,pinch,95.55476190476192,-67.48568681146145,-80.21415606833759,-119.03192022514358
2025-11-03 23:54:49,pinch,95.55476190476192,-68.14387980026761,-81.65802234174157,-151.0533145419488
2025-11-03 23:54:49,pinch,95.30476190476192,-68.51509751904624,-82.76400179128507,-162.45997867825943
2025-11-03 23:54:49,pinch,95.30476190476192,-68.3942929785973,-83.5385104151317,-166.17455426667132
2025-11-03 23:54:49,pinch,95.80476190476192,-68.0486354106279,-84.0580892417639,-166.93381517053206
2025-11-03 23:54:49,pinch,95.40476190476191,-67.7954710692878,-84.25813914125882,-167.03741752640443
2025-11-03 23:54:50,pinch,95.90476190476191,-67.373658486094,-84.26445047899189,-167.139722241649
2025-11-03 23:54:50,pinch,96.15476190476191,-66.74918695298223,-83.78748102104026,-167.98799810871202
2025-11-03 23:54:50,pinch,96.55476190476192,-66.03805021904448,-81.55075630942056,-170.37656798434057
2025-11-03 23:54:50,pinch,96.32142857142858,-64.77545572007473,-77.26626488993223,-173.7716995871865
2025-11-03 23:54:50,pinch,94.51309523809525,-62.64530678791608,-71.19597335953516,38.129129299570266
2025-11-03 23:54:50,pinch,90.34642857142858,-59.79845319747996,-64.0679192996374,119.24646382539325
2025-11-03 23:54:50,pinch,85.76309523809525,-56.45953613720499,-56.12435565149439,147.73839691254676
2025-11-03 23:54:50,pinch,85.23809523809524,-52.94399111076126,-48.36185872137529,155.76931762258434
2025-11-03 23:54:50,pinch,85.98809523809524,-49.674484117100725,-42.75005735946327,157.1717126504832
2025-11-03 23:54:51,pinch,84.48809523809524,-47.27035319988827,-39.51822329650174,157.1685109699599
2025-11-03 23:54:51,pinch,81.98809523809524,-45.88939566882159,-38.37738952698889,157.80495048765695
2025-11-03 23:54:51,pinch,82.23809523809524,-45.44317647329693,-38.127167266374805,159.22215969930676
2025-11-03 23:54:51,pinch,83.48809523809524,-45.91969516453022,-38.684329082931356,161.12856236732785
2025-11-03 23:54:51,pinch,83.06309523809524,-46.6746736417837,-39.761554582085154,163.21702601473797
2025-11-03 23:54:51,pinch,82.33809523809525,-47.58559697487739,-41.19929788309276,165.00431754085477
2025-11-03 23:54:51,pinch,83.58809523809525,-49.25075850780547,-44.39416324324056,167.45915425155405
2025-11-03 23:54:51,pinch,85.63809523809523,-51.466805507007926,-48.80309300996008,170.50949797947385
2025-11-03 23:54:52,pinch,89.0547619047619,-53.40121810104715,-54.34309648655446,174.88504243445402
2025-11-03 23:54:52,pinch,92.23809523809524,-55.07884438260986,-60.21286393748342,-35.97995933160712
2025-11-03 23:54:52,pinch,92.86309523809524,-56.63007090110055,-66.09397523956228,-117.32701858927993
2025-11-03 23:54:52,pinch,92.375,-58.25389130458542,-71.43883281100372,-146.71064233243192
2025-11-03 23:54:52,pinch,89.45833333333333,-59.29418875208786,-75.3448614171342,-156.2965412085692
2025-11-03 23:54:52,pinch,90.45833333333334,-59.97831955903504,-77.78198819951955,-158.80813725491032
2025-11-03 23:54:52,pinch,90.45833333333334,-60.404476455625485,-79.1420808154609,-158.85404497266546
2025-11-03 23:54:52,pinch,90.45833333333334,-60.51301841775353,-79.85787421735562,-158.4930154054168
2025-11-03 23:54:53,pinch,90.45833333333334,-60.80912403977969,-79.96426958443647,-158.03622167116234
2025-11-03 23:54:53,pinch,89.29166666666666,-61.3341408774166,-79.82246254028713,-157.34503837459488
2025-11-03 23:54:53,pinch,79.16785714285714,-62.652653911305975,-80.30705997900239,-155.19598315624154
2025-11-03 23:54:53,pinch,49.43452380952381,-64.22896993230643,-80.84756296291144,-153.31799603029327
2025-11-03 23:54:53,pinch,39.60119047619048,-66.13373647697674,-80.82001999009904,-151.67645214742288
2025-11-03 23:54:53,pinch,39.38452380952381,-68.16621208503383,-81.0431745149047,-152.25658955122398
2025-11-03 23:54:53,pinch,35.701190476190476,-68.74614578370351,-81.70886014330965,-151.615948203402
2025-11-03 23:54:53,pinch,32.23452380952381,-66.95003395171236,-82.64586656180973,-150.37867629740998
2025-11-03 23:55:06,pinch,41.32619047619048,-61.52968863878929,-82.93363414380525,-151.475871702882
2025-11-03 23:55:06,pinch,52.214285714285715,-52.4114761142944,-83.21436607321442,-154.1048180429848
2025-11-03 23:55:07,grasp,50.94166666666666,-31.53788597239391,-82.21972052605935,-149.56954137598834
2025-11-03 23:55:09,grasp,49.541666666666664,3.150176562468383,-79.01365284610388,-39.47660947427178
2025-11-03 23:55:09,grasp,48.4,34.61773115809554,-64.24386096685427,-7.858061931597468
2025-11-03 23:55:09,grasp,57.274999999999984,61.23310263530139,-27.34710104102412,18.630891411115204
2025-11-03 23:55:09,grasp,46.716666666666654,70.51513249514645,-6.148704306352659,39.30974734606593
2025-11-03 23:55:10,grasp,41.71666666666666,68.70525507192266,9.117521114267106,58.657693463662106
2025-11-03 23:55:10,grasp,42.858333333333334,20.588802102768227,14.711650723491843,78.35400864022162
2025-11-03 23:55:10,grasp,43.88333333333333,27.206515246270293,17.50204817992013,82.49534533882043
2025-11-03 23:55:10,grasp,40.61944444444444,56.45804671953886,20.346966103645,82.44272190392508
2025-11-03 23:55:10,grasp,45.411111111111104,15.643364155050268,23.80552190494096,87.8745477262641
2025-11-05 00:25:24,rest,100.0,-47.30924474478849,-42.65527718074391,-84.54080677267333
2025-11-05 00:25:24,rest,100.0,-65.71571672824884,-61.23944714731937,-119.02656696557926
2025-11-05 00:25:24,rest,100.0,-72.70220036460657,-69.40951399523826,-133.68789114294958
2025-11-05 00:25:24,rest,100.0,-75.32100572880918,-73.29601062212609,-140.74198482688632
2025-11-05 00:25:24,rest,100.0,-76.25671890286496,-75.40336903090132,-144.71795351454185
2025-11-05 00:25:25,rest,100.0,-76.38462716122913,-77.0557904779996,-147.8599388227248
2025-11-05 00:25:25,rest,100.0,-76.34181331316886,-79.04867742044249,-151.72922798050126
2025-11-05 00:25:25,rest,100.0,-76.37141926246049,-80.6786216743863,-155.97977873230377
2025-11-05 00:25:25,rest,100.0,-76.46958147161747,-81.74228001432371,-160.29192440105442
2025-11-05 00:25:25,rest,99.75,-76.58024064798356,-82.19855750743619,-164.37769788284868
2025-11-05 00:25:25,rest,97.66666666666667,-76.93473079189607,-81.96541435288174,-168.411012241074
2025-11-05 00:25:25,rest,99.0,-77.72405738221492,-81.0960299471514,-171.57494627240385
2025-11-05 00:25:25,rest,97.75,-78.26998887264907,-80.08277005176288,-174.31844564474108
2025-11-05 00:25:26,rest,94.0,-78.47844284691166,-79.0965008090355,-176.5188305838368
2025-11-05 00:25:26,rest,94.5,-78.83158083948692,-78.19828155845492,-178.34336866746958
2025-11-05 00:25:26,rest,100.0,-79.13749836966068,-77.71988706367281,36.64723530612059
2025-11-05 00:25:26,rest,100.0,-79.28028371217157,-77.70374184648685,-92.78160529378931
2025-11-05 00:25:26,rest,99.5,-79.14418692286748,-78.04564752691026,-143.8594391069269
2025-11-05 00:25:26,rest,99.5,-78.98646297717465,-78.53204727349919,-163.47391214268282
2025-11-05 00:25:26,rest,99.5,-79.0967249496891,-79.10968097639349,-170.6060479059905
2025-11-05 00:25:26,rest,99.2,-79.22465064679744,-79.5071138693534,-173.10414567061264
2025-11-05 00:25:26,rest,99.2,-79.37733189335057,-79.61157468976359,-174.2939466631684
2025-11-05 00:25:27,rest,99.2,-79.45441110051266,-79.48680218225415,-175.27030869575165
2025-11-05 00:25:27,rest,99.2,-79.60405024680065,-79.17191881372901,-176.12567586355405
2025-11-05 00:25:27,rest,99.2,-79.7429314389469,-78.62686703698219,-177.1254697664109
2025-11-05 00:25:27,rest,99.0,-79.8968712099427,-77.88168902602611,-178.12046773423185
2025-11-05 00:25:27,rest,99.0,-79.85763469194987,-77.20158558648151,-178.8220409689389
2025-11-05 00:25:27,rest,98.5,-79.83384449917321,-76.56140118280382,-179.23357317006517
2025-11-05 00:25:27,rest,99.0,-79.73722054623725,-75.8712555444215,36.23053354606948
2025-11-05 00:25:27,rest,99.0,-79.41207629995084,-75.25534578683903,121.96617297543332
2025-11-05 00:25:28,rest,99.0,-79.05118196524772,-74.67203899318866,156.07061200497867
2025-11-05 00:25:28,rest,99.0,-78.63860096037267,-74.16505700783544,169.61760232069463
2025-11-05 00:25:28,rest,99.0,-78.26509381235559,-73.61285973662353,174.86901969443946
2025-11-05 00:25:28,rest,99.0,-77.8533554537282,-73.04516860183432,176.8242137902986
2025-11-05 00:25:28,rest,99.0,-77.30952385595768,-72.32623168312902,177.93416087575702
2025-11-05 00:25:28,rest,99.0,-76.77829865557571,-71.44952798337755,178.8306855691656
2025-11-05 00:25:28,rest,99.0,-76.24098357450235,-70.54866017838235,179.45906856266623
2025-11-05 00:25:28,rest,97.25,-75.71038475753917,-69.53879875290656,179.43788534555614
2025-11-05 00:25:28,rest,97.25,-75.43969963330031,-68.97054495830722,179.50732080758135
2025-11-05 00:25:29,rest,96.08333333333333,-75.52224123707516,-68.96533040084854,179.74460893071
2025-11-05 00:25:29,rest,96.75,-75.80654409306771,-69.68942551637036,-35.730621069968805
2025-11-05 00:25:29,rest,97.25,-76.28042684952707,-70.86922898689963,-121.76665288345305
2025-11-05 00:25:29,rest,97.5,-76.70888855892387,-72.19559092578149,-155.90646401452005
2025-11-05 00:25:29,rest,97.5,-77.11852236654639,-73.61991045232513,-168.78891056806273
2025-11-05 00:25:29,rest,98.0,-77.36464761728908,-74.63895349176086,-173.35350225629946
2025-11-05 00:25:29,rest,98.5,-77.32380946180756,-75.20273485577863,-174.76862174712195
2025-11-05 00:25:29,rest,98.0,-77.29284398066224,-75.24671040871246,-175.88374020312972
2025-11-05 00:25:30,rest,98.0,-77.22812462482827,-75.07766160154482,-176.67311608275867
2025-11-05 00:25:30,rest,98.0,-77.09017237085182,-74.83950668430325,-177.2304473659854
2025-11-05 00:25:30,rest,97.75,-76.83803943965512,-74.5373940612634,-177.96643552620796
2025-11-05 00:25:30,rest,96.58333333333333,-76.5786892888233,-74.33589634561302,-178.45976860362094
2025-11-05 00:25:30,rest,94.91666666666667,-76.18648116626636,-74.19374219083163,-178.6444502288698
2025-11-05 00:25:30,rest,94.41666666666667,-75.73185136851389,-74.15330929972541,-178.27854416107397
2025-11-05 00:25:30,rest,93.66666666666667,-75.34169422668802,-74.09784681624018,-177.59792950396127
2025-11-05 00:25:30,rest,93.66666666666667,-75.07906758120859,-73.99046323287843,-176.94859356829906
2025-11-05 00:25:30,rest,93.66666666666667,-74.95573866311807,-73.90065410117235,-176.57418339240937
2025-11-05 00:25:31,rest,93.66666666666667,-74.8463238390953,-73.75082826293566,-176.65922357581564
2025-11-05 00:25:31,rest,93.41666666666667,-74.89149593641321,-73.52032068074004,-177.36979273737592
2025-11-05 00:25:31,rest,93.41666666666667,-74.87140946895953,-73.30999197272881,-178.23709403209017
2025-11-05 00:25:31,rest,92.74999999999999,-74.80016327991704,-73.14706167296212,36.56668024591471
2025-11-05 00:25:31,rest,92.5,-74.75353296977602,-72.99910737121523,121.56433480723906
2025-11-05 00:25:31,rest,92.5,-74.80210663065343,-72.8151761390289,155.02355868263032
2025-11-05 00:25:31,rest,92.5,-74.80287032926935,-72.57146442253325,167.95306291317044
2025-11-05 00:25:31,rest,93.20833333333333,-74.91203415090168,-72.40291248291072,173.2476797836513
2025-11-05 00:25:31,rest,93.375,-75.08890047454746,-72.24327507407595,175.3866086980321
2025-11-05 00:25:32,rest,92.62499999999999,-75.28372334002026,-72.12619357310422,176.73265965749735
2025-11-05 00:25:32,rest,92.625,-75.46279457908547,-72.28796497783459,177.98773806422128
2025-11-05 00:25:32,rest,91.625,-75.39237127899122,-72.6267484063462,-36.69946429115288
2025-11-05 00:25:32,rest,91.68749999999999,-75.49821216561688,-73.2586585342323,-121.66105562944189
2025-11-05 00:25:32,rest,91.47916666666667,-75.59287594810118,-74.14945443496771,-155.23251327462134
2025-11-05 00:25:32,rest,91.89583333333333,-75.80876112693173,-75.13413716819815,-168.26025778338482
2025-11-05 00:25:32,rest,90.14583333333333,-76.04192361205963,-76.16726876403212,-173.21196803850557
2025-11-05 00:25:32,rest,90.3125,-76.42786316834696,-77.08471940030854,-174.8407557543038
2025-11-05 00:25:33,rest,91.41666666666667,-77.3049028895569,-77.95359100845246,-175.20079242556886
2025-11-05 00:25:33,rest,93.16666666666667,-78.12667960531846,-78.58295280664173,-175.1042880860329
2025-11-05 00:25:33,rest,94.83333333333333,-78.79543345558638,-78.96557517788867,-174.62011397254173
2025-11-05 00:25:33,rest,99.0,-79.21064744446699,-79.17330070587694,-173.93377876262065
2025-11-05 00:25:33,rest,98.5,-79.29964380009093,-79.3068506954491,-173.34867673751438
2025-11-05 00:25:33,rest,97.41666666666666,-79.20023005420857,-79.28551440428026,-173.1948749803334
2025-11-05 00:25:33,rest,96.08333333333333,-78.78471478503594,-79.17501466232648,-173.30123396777466
2025-11-05 00:25:33,rest,92.25,-78.21119855454108,-79.07847678597693,-173.10035190507386
2025-11-05 00:25:33,rest,90.875,-77.65960833583156,-78.88907745596082,-173.08680074296387
2025-11-05 00:25:33,rest,88.04166666666666,-77.25347325140004,-78.615626698795,-173.38723732307858
2025-11-05 00:25:34,rest,85.41666666666666,-77.2125478576094,-78.22963453849079,-173.7958752189927
2025-11-05 00:25:34,rest,77.08333333333333,-77.29121419631318,-77.8584205430522,-174.14583679014868
2025-11-05 00:25:34,rest,77.66666666666666,-77.50117038707884,-77.43776301965549,-174.56240273395412
2025-11-05 00:25:34,rest,71.83333333333333,-77.61845900181933,-77.0084526635303,-175.44533381330794
2025-11-05 00:25:34,rest,70.08333333333331,-77.69855351572588,-76.66485642214477,-176.20746155386217
2025-11-05 00:25:34,rest,69.33333333333331,-77.7840580854631,-76.44545399655703,-176.97188046360733
2025-11-05 00:25:34,rest,68.49999999999999,-77.7788680942906,-76.29481060314504,-177.7397788782319
2025-11-05 00:25:35,rest,67.33333333333331,-77.41341908811864,-76.24143278850363,-177.83628084492784
2025-11-05 00:25:35,rest,67.58333333333331,-76.89377579441714,-76.35004838177711,-177.71182039155866
2025-11-05 00:25:35,rest,67.33333333333331,-76.63242766882053,-76.53776536312691,-177.533527201671
2025-11-05 00:25:35,rest,67.33333333333331,-76.50035379103285,-76.73703697955159,-177.23410730204964
2025-11-05 00:25:35,rest,63.33333333333332,-76.45315313263002,-76.92849389492659,-176.83951142470346
2025-11-05 00:25:35,rest,62.83333333333332,-76.54391539038836,-77.08199597307896,-176.36296294931765
2025-11-05 00:25:35,rest,62.33333333333332,-77.0018393624148,-77.15222168622249,-176.46642072789797
2025-11-05 00:25:35,rest,60.999999999999986,-77.41790422513694,-77.13463683208988,-176.5544093124054
2025-11-05 00:25:35,rest,61.499999999999986,-77.48458314976936,-77.08321216817399,-176.57098140036737
2025-11-05 00:25:36,rest,61.499999999999986,-77.5427789056824,-76.9189984740616,-176.57117098458957
2025-11-05 00:25:36,rest,62.08333333333332,-77.5687262770679,-76.60288658170491,-176.79767295134764
2025-11-05 00:25:36,rest,64.68333333333332,-77.67991355253267,-76.27881219403696,-177.1087689073936
2025-11-05 00:25:36,rest,69.43333333333332,-77.94142390502212,-76.01934246112395,-177.45247403407944
2025-11-05 00:25:36,rest,72.18333333333332,-78.15674528557952,-75.85724757009146,-177.9267208195571
2025-11-05 00:25:36,rest,81.71666666666667,-78.72408838805796,-75.61394362439864,-178.76508173413836
2025-11-05 00:25:36,rest,89.11666666666667,-79.20310441786388,-75.3252880802032,35.933125432895395
2025-11-05 00:25:36,rest,90.325,-79.46287140814147,-75.0960686677067,121.24955277473217
2025-11-05 00:25:37,rest,90.325,-79.51562710105037,-74.8507609893058,154.74985488715674
2025-11-05 00:25:37,rest,90.325,-79.46390470683596,-74.57096924347476,167.42022514773544
2025-11-05 00:25:37,rest,90.325,-79.60196785088897,-74.15018921651895,171.710834203194
2025-11-05 00:25:37,rest,90.325,-79.57212206717503,-73.7598729965504,172.91077898926562
2025-11-05 00:25:37,rest,89.99166666666667,-79.48949365767467,-73.58579901616852,173.23537403995425
2025-11-05 00:25:37,rest,90.15833333333333,-79.61276638122229,-73.59578901100913,173.16575125188027
2025-11-05 00:25:37,rest,90.15833333333333,-79.86214811441852,-73.54294834998157,172.89184279236667
2025-11-05 00:25:37,rest,90.15833333333335,-80.16500002867967,-73.47668764762284,172.5654983067631
2025-11-05 00:25:38,rest,90.65833333333333,-80.27367136966228,-73.70801358366035,172.5480233915067
2025-11-05 00:25:38,rest,90.65833333333335,-80.42279416407598,-74.12515141665482,172.9162096969629
2025-11-05 00:25:38,rest,91.15833333333335,-80.66322674500691,-74.57049914416545,173.49573000978614
2025-11-05 00:25:38,rest,90.65833333333333,-80.86147180040257,-75.00578328753508,174.3642851041331
2025-11-05 00:25:38,rest,90.65833333333333,-81.09038955740417,-75.56469036626777,175.39021799626875
2025-11-05 00:25:38,rest,90.99166666666667,-81.28019656919761,-76.15268380684286,176.54976792962137
2025-11-05 00:25:38,rest,91.49166666666666,-81.5834121483013,-76.5531705284725,177.56387852900727
2025-11-05 00:25:38,rest,91.325,-81.90607090363663,-76.86188443499583,178.28038114135614
2025-11-05 00:25:38,rest,91.325,-82.06341224914237,-77.16241723222689,179.02172127199287
2025-11-05 00:25:39,rest,91.49166666666667,-82.25030131188227,-77.38667063978593,179.50612054398806
2025-11-05 00:25:39,rest,91.40833333333333,-82.08588512653245,-77.65407162865802,-36.17613801864226
2025-11-05 00:25:39,rest,91.075,-81.75634503486745,-77.77671938623573,-122.38492251386455
2025-11-05 00:25:39,rest,90.45,-81.3741646235632,-77.6767357210268,-156.82010342718505
2025-11-05 00:25:39,rest,89.45,-80.82680749214667,-77.41206842704706,-170.6176280719153
2025-11-05 00:25:39,rest,81.46666666666667,-80.21061026600707,-77.0361476022183,39.42651342372727
2025-11-05 00:25:39,rest,81.51666666666667,-79.49969347284787,-76.71024097437999,123.51752143326098
2025-11-05 00:25:40,rest,81.01666666666667,-79.078867044046,-76.34083221763125,157.37565046302134
2025-11-05 00:25:40,rest,81.76666666666667,-78.70660666238818,-75.98697420635501,170.87106407312586
2025-11-05 00:25:40,rest,82.76666666666667,-78.33673769371292,-75.75071407020647,176.200495722051
2025-11-05 00:25:40,rest,82.76666666666668,-78.05660139485329,-75.61231140080113,178.33861398236087
2025-11-05 00:25:40,rest,82.60000000000001,-77.98869059217873,-75.55292793517503,-36.51084349673526
2025-11-05 00:25:40,rest,82.76666666666667,-77.81793367007292,-75.6940428521734,-122.52386534535842
2025-11-05 00:25:40,rest,82.76666666666667,-77.52809697295103,-75.98465998713267,58.981170361237425
2025-11-05 00:25:40,rest,82.76666666666667,-76.97847014523973,-76.38846706558573,-83.44669817802531
2025-11-05 00:25:40,rest,82.51666666666667,-76.32674430523505,-76.91733612422007,-138.67296572031745
2025-11-05 00:25:41,rest,80.01666666666667,-75.35869588568421,-77.18245364865288,-158.87343534762223
2025-11-05 00:25:41,rest,73.01666666666667,-74.00879675280466,-77.26151436166637,-165.56108740793513
2025-11-05 00:25:41,rest,72.26666666666667,-73.36090395390157,-77.13312768054281,-167.48247986219272
2025-11-05 00:25:41,rest,78.51666666666667,-73.23888380903702,-77.13985105310582,-167.33481108637906
2025-11-05 00:25:41,rest,80.51666666666667,-73.46090681040702,-77.48426166735065,-166.25723312521848
2025-11-05 00:25:41,rest,82.55,-74.05521049568074,-78.13003613112494,-165.88282371670357
2025-11-05 00:25:41,rest,92.28333333333333,-74.98555033878057,-79.04603118079811,-166.0856832702471
2025-11-05 00:25:41,rest,93.40833333333333,-75.99367161428313,-79.74192810005931,-165.6888448921145
2025-11-05 00:25:41,rest,86.8,-75.95753707985226,-79.11624157727721,-164.7169881580454
2025-11-05 00:25:42,rest,64.02916666666667,-74.27749842980698,-74.91182293972986,-161.68263040273175
2025-11-05 00:25:42,pinch,33.06369047619048,-72.78132775592124,-65.85023624912618,-158.81657206400268
2025-11-05 00:25:42,release,37.397619047619045,-71.29228201713863,-51.02903387793064,-155.36465988739155
2025-11-05 00:25:42,release,42.3952380952381,-69.58156401837697,-32.023183496691416,-151.64957992056918
2025-11-05 00:25:42,release,42.95357142857142,-67.78242360707767,-13.278958664902582,-148.25712862236188
2025-11-05 00:25:42,release,46.784523809523805,-66.0967395640109,0.8648465314433667,-144.6580793403104
2025-11-05 00:25:42,release,47.64642857142856,-64.7509075793659,6.779942876117447,-141.97496200452204
2025-11-05 00:25:42,release,40.39642857142857,-62.61545303040597,6.262425022779244,-138.8645162971902
2025-11-05 00:25:43,pinch,33.01865079365079,-59.88203256805012,2.5238423353580703,-135.6553459495333
2025-11-05 00:25:43,grasp,49.02083333333333,-56.13931035853318,-2.7808850385274972,-131.84034644205053
2025-11-05 00:25:43,grasp,57.604166666666664,-51.90663677359127,-7.908636089923492,-127.48384097582928
2025-11-05 00:25:43,grasp,57.891666666666666,-47.3130223585035,-12.460752364275725,-122.9429249144291
2025-11-05 00:25:43,grasp,59.30833333333334,-43.52425096009985,-15.8812164164245,-119.09626348116305
2025-11-05 00:25:43,grasp,59.05833333333334,-40.19137249602403,-18.20373139059022,-115.90031078153544
2025-11-05 00:25:43,grasp,60.05833333333334,-37.33805373585827,-19.575194725363843,-113.55451331651855
2025-11-05 00:25:43,grasp,60.05833333333334,-35.76313843428903,-19.99107555707473,-112.12977844647304
2025-11-05 00:25:43,grasp,59.55833333333334,-35.03584355449034,-20.139152560522106,-111.40747202745581
2025-11-05 00:25:44,grasp,59.55833333333334,-34.657521832460645,-20.257912682866795,-111.0090448533048
2025-11-05 00:25:44,grasp,59.55833333333334,-34.25780881922189,-20.38647368954205,-110.73409947226713
2025-11-05 00:25:44,grasp,59.55833333333334,-33.99410700321092,-20.654299335147424,-110.59014668304381
2025-11-05 00:25:44,grasp,59.55833333333334,-33.555778363424395,-21.02237428752838,-110.35864181322464
2025-11-05 00:25:44,grasp,59.55833333333334,-33.419410833474345,-21.38070392048232,-110.28898580074855
2025-11-05 00:25:44,grasp,60.05833333333334,-33.16590724252091,-21.607566249393393,-110.0142593937275
2025-11-05 00:25:44,grasp,60.05833333333334,-33.22579161522232,-21.691001969292813,-109.92895982327393
2025-11-05 00:25:44,grasp,59.55833333333334,-33.912555876164014,-22.258652950278762,-110.05381449490528
2025-11-05 00:25:45,grasp,57.104166666666664,-36.64631354543862,-24.261117851751408,-112.06614121551128
2025-11-05 00:25:45,grasp,55.27083333333332,-40.12998678073971,-26.27838348869544,-114.88383854193742
2025-11-05 00:25:45,grasp,49.93749999999999,-43.87986880477182,-28.347691213455022,-118.83479792337096
2025-11-05 00:25:46,grasp,48.68749999999999,-50.30771075066164,-23.963934970061565,-123.22315023930952
2025-11-05 00:25:46,grasp,37.44345238095237,-55.51811253989435,-17.236458677294788,-125.75840305849482
2025-11-05 00:25:46,pinch,38.19484126984127,-59.63380776807086,-9.640113932581773,-126.78403449974032
2025-11-05 00:25:46,pinch,36.29960317460317,-62.51502071196106,-1.293241477093153,-126.82366781656668
2025-11-05 00:25:46,pinch,38.766269841269846,-64.39366097963007,5.962346464145988,-126.36946147399087
2025-11-05 00:25:46,pinch,34.891269841269846,-66.26813327629307,9.816366330138022,-126.39274864722523
2025-11-05 00:25:46,pinch,36.69484126984126,-64.8172714241846,6.045492265463233,-125.18061067220788
2025-11-05 00:25:46,pinch,35.336507936507935,-63.390598481421485,-0.04355021647220658,-124.90657812430997
2025-11-05 00:25:46,pinch,30.953174603174606,-61.893396712275276,-6.365098414320373,-125.30357616303107
2025-11-05 00:25:47,grasp,36.53511904761904,-60.75809450991396,-11.745740044731,-125.25475402504206
2025-11-05 00:25:47,release,34.30119047619047,-60.22991954729912,-15.722728954993539,-125.16178721155272
2025-11-05 00:25:47,release,34.54285714285715,-59.65634423655651,-16.461714318172522,-123.6242833357513
2025-11-05 00:25:47,release,34.37619047619048,-60.22161846457042,-16.327123257460524,-123.2721650869625
2025-11-05 00:25:47,grasp,39.018452380952375,-60.869434839732506,-16.019952015869677,-123.30712124497543
2025-11-05 00:25:47,grasp,45.351785714285704,-61.61196089582017,-15.517821277302424,-123.6168449780242
2025-11-05 00:25:47,grasp,47.476785714285704,-62.124593153710386,-15.081275819717245,-123.91086427404045
2025-11-05 00:25:47,grasp,48.643452380952375,-62.49384955900663,-14.793470980425557,-124.11547946913271
2025-11-05 00:25:47,grasp,49.643452380952375,-62.54172801439986,-14.702641759011623,-124.02888609636699
2025-11-05 00:25:48,grasp,53.03630952380952,-62.22520552576407,-14.98105889631302,-123.46777702670457
2025-11-05 00:25:48,grasp,59.052976190476194,-61.68435238466303,-15.568145985534223,-122.38281714064466
2025-11-05 00:25:48,grasp,65.83273809523808,-60.76355924350818,-16.54348405721413,-121.1359370415767
2025-11-05 00:25:48,grasp,69.99940476190477,-59.711388148967444,-17.781548206370363,-119.77825766727878
2025-11-05 00:25:48,grasp,80.71666666666668,-58.462010832621715,-19.10410950514718,-118.28052521010976
2025-11-05 00:25:48,grasp,86.05000000000001,-57.30079227702913,-20.524305787791924,-117.27895168372336
2025-11-05 00:25:48,grasp,89.23333333333333,-56.95056440761856,-21.94369509006775,-117.31295767844566
2025-11-05 00:25:48,grasp,89.48333333333333,-57.134292356486235,-23.22992523228025,-117.97830947558629
2025-11-05 00:25:49,grasp,88.98333333333333,-57.552306455531905,-24.261223920998574,-118.94219650453155
2025-11-05 00:25:49,grasp,89.48333333333333,-57.886521513263176,-25.04922144607025,-119.92201986010825
2025-11-05 00:25:49,grasp,88.98333333333333,-58.26135620509185,-25.820399506673958,-120.99680624470271
2025-11-05 00:25:49,grasp,86.99583333333334,-58.62272222677656,-26.392789726482214,-121.84329451350342
2025-11-05 00:25:49,grasp,87.79583333333333,-58.256526260654894,-26.60848613411398,-121.84304000302924
2025-11-05 00:25:49,grasp,88.54583333333333,-57.677434574187956,-26.644781720759795,-121.53760889074522
2025-11-05 00:25:49,grasp,88.98333333333333,-57.27982297188472,-26.521960733113144,-121.0263743063404
2025-11-05 00:25:49,grasp,88.31666666666668,-56.77989180335598,-26.173216836259655,-120.50719986488699
2025-11-05 00:25:49,grasp,88.31666666666666,-56.317331654286306,-25.62114061409038,-120.21981331862068
2025-11-05 00:25:50,grasp,87.91666666666667,-56.317658812284726,-24.679477067219274,-120.06825416674515
2025-11-05 00:25:50,grasp,87.70833333333333,-56.53112088240259,-23.777648533303015,-119.95596852557657
2025-11-05 00:25:50,grasp,87.29166666666667,-56.61298546061128,-23.08985898614702,-119.65568926417569
2025-11-05 00:25:50,grasp,80.23928571428573,-56.54618709008275,-22.859688402029946,-119.30338571341602
2025-11-05 00:25:50,grasp,60.07440476190475,-57.293913082912745,-22.761433801406383,-119.58544833257392
2025-11-05 00:25:50,grasp,35.0827380952381,-58.95813824937085,-21.548142087460114,-120.83298308075767
2025-11-05 00:25:51,pinch,41.436904761904756,-60.42766946447783,-23.692540973705952,-124.11889034772818
2025-11-05 00:25:51,pinch,37.23650793650794,-61.01264186239386,-27.168338423685988,-127.67455465549334
2025-11-05 00:25:52,pinch,38.20555555555556,-61.302722595923846,-30.988095516679362,-132.13470884892556
2025-11-05 00:25:52,pinch,35.922222222222224,-61.81246349142619,-34.5829163255641,-137.7887810891787
2025-11-05 00:25:52,pinch,36.3138888888889,-62.478925102419694,-38.4315356315335,-144.46727539892348
2025-11-05 00:25:52,pinch,40.93055555555556,-63.103342329047045,-45.22053464010199,-151.6733782225257
2025-11-05 00:25:52,pinch,43.5625,-64.26307688308037,-50.75601871896186,-154.88251780617367
2025-11-05 00:25:52,pinch,42.92916666666667,-66.0773830182354,-55.41998167639872,-157.9260290461608
2025-11-05 00:25:52,pinch,43.301785714285714,-68.01505968148825,-59.596498513942805,-160.89393245418108
2025-11-05 00:25:52,pinch,45.01011904761905,-69.64172081957469,-63.37650251208845,-162.9541386991525
2025-11-05 00:25:53,pinch,46.301785714285714,-70.76236512884532,-66.53486323829824,-164.11645537934822
2025-11-05 00:25:53,pinch,45.10595238095239,-71.19103065080112,-67.23085736402601,-164.69221520880524
2025-11-05 00:25:53,pinch,47.530952380952385,-70.42049564581748,-66.24485789551727,-165.57199099716317
2025-11-05 00:25:53,pinch,47.51428571428571,-69.22949668861492,-64.62257016457565,-166.17809600481627
2025-11-05 00:25:53,pinch,46.93928571428572,-68.13444220633365,-62.563925353258576,-166.62729735623918
2025-11-05 00:25:53,pinch,43.16428571428572,-66.90200350844106,-59.91016293150814,-166.69992112500762
2025-11-05 00:25:53,pinch,39.85833333333333,-65.65111850720919,-56.5738822901764,-166.45281698434778
2025-11-05 00:25:53,grasp,39.208333333333336,-64.42636077081002,-53.53721175789487,-166.101942679646
2025-11-05 00:25:53,grasp,43.666666666666664,-63.19153256241606,-49.51457546320215,-164.48984372818802
2025-11-05 00:25:54,grasp,45.995833333333344,-62.25039307338925,-44.37837789410786,-162.91693949671867
2025-11-05 00:25:54,grasp,46.37083333333334,-61.47269297514269,-39.097941419539595,-160.14478712948505
2025-11-05 00:25:54,grasp,46.37083333333334,-60.9863073051274,-34.252961858820875,-157.4983477485488
2025-11-05 00:25:54,grasp,40.5375,-60.351988747365795,-29.85807072894849,-154.40799728711758
2025-11-05 00:25:54,grasp,39.45416666666667,-59.72802564029489,-25.76105702929364,-150.92395940849127
2025-11-05 00:25:54,grasp,45.6625,-59.4355278085515,-23.066145539465786,-148.3164949133845
2025-11-05 00:25:54,grasp,47.4125,-59.13089911821797,-21.798868674953216,-145.90800534877695
2025-11-05 00:25:54,grasp,48.479166666666664,-58.76888474267007,-21.193700356135302,-144.37577790806125
2025-11-05 00:25:55,grasp,46.94345238095238,-58.32584770654667,-20.55999266172278,-143.46296542034747
2025-11-05 00:25:55,grasp,45.94345238095238,-58.061416123966254,-20.166107291214637,-143.1530250050428
2025-11-05 00:25:55,grasp,46.44345238095238,-57.788429021531975,-19.982381239487935,-143.13147583449893
2025-11-05 00:25:55,grasp,47.44345238095238,-57.580863617139435,-19.97464381012746,-143.19331548254985
2025-11-05 00:25:55,grasp,49.97916666666667,-57.46857755150701,-20.513788645035973,-143.2707194148602
2025-11-05 00:25:55,grasp,51.645833333333336,-57.635956745821204,-21.668921126376034,-144.5096100013136
2025-11-05 00:25:55,grasp,50.145833333333336,-58.2611783524597,-24.53836735391598,-147.12950145070897
2025-11-05 00:25:56,grasp,51.81249999999999,-59.205614925375436,-28.69706005464765,-150.9055152763459
2025-11-05 00:25:56,grasp,53.02083333333333,-60.43125586202483,-33.975768617118476,-155.93456041702262
2025-11-05 00:25:56,grasp,51.46666666666666,-62.220123490220075,-41.072767507438314,-162.76922178411323
2025-11-05 00:25:56,pinch,54.38333333333334,-64.01786318158024,-48.41602953880259,-170.19867676608814
2025-11-05 00:25:56,pinch,67.10000000000001,-65.64508071266962,-55.087233318568806,38.6210420898273
2025-11-05 00:25:56,pinch,77.01666666666668,-66.89327688811298,-60.16582597808658,119.78934173373571
2025-11-05 00:25:56,pinch,82.65,-67.91291966925557,-64.00979375822617,150.79802994749252
2025-11-05 00:25:56,pinch,87.38452380952381,-68.70010165200225,-66.9292408892272,162.54400983505073
2025-11-05 00:25:56,pinch,90.075,-69.00029826858267,-68.64400452398756,167.27016009226793
2025-11-05 00:25:57,pinch,93.45,-69.2904259128091,-69.58608283407759,168.8230147123646
2025-11-05 00:25:57,pinch,93.40833333333333,-69.34567725149059,-70.0061606399139,169.25146169596738
2025-11-05 00:25:57,pinch,93.825,-69.65846309966798,-70.18301111278853,169.1984349637266
2025-11-05 00:25:57,pinch,91.95,-70.16381782029758,-70.21808616075319,168.76520439738294
2025-11-05 00:25:57,pinch,90.78333333333333,-70.69184138844793,-70.21853417066211,168.1818319553224
2025-11-05 00:25:57,pinch,89.17619047619048,-71.11469516322174,-70.22936206180616,167.57104087763264
2025-11-05 00:25:57,pinch,89.17619047619048,-71.46754413930626,-70.22872380342174,167.04377239156156
2025-11-05 00:25:57,pinch,89.17619047619048,-72.07699965887899,-70.36297013386746,167.09338796950144
2025-11-05 00:25:58,pinch,88.67619047619048,-72.2945540931849,-70.42299448921648,167.30636749328022
2025-11-05 00:25:58,pinch,89.17619047619048,-72.14095330951238,-70.41266665840699,167.37995465499418
2025-11-05 00:25:58,pinch,89.53333333333335,-71.77247776652868,-70.37813254357565,167.5634268062152
2025-11-05 00:25:58,pinch,91.53333333333335,-71.29689089006906,-70.29869662771667,167.74965726023584
2025-11-05 00:25:58,pinch,91.825,-70.79071604417084,-70.26772280336576,167.89202570212183
2025-11-05 00:25:58,pinch,93.15833333333333,-70.2860009299013,-70.30701539842319,168.00343567226366
2025-11-05 00:25:58,pinch,95.2,-69.91514427958244,-70.41438330789903,168.34710695199874
2025-11-05 00:25:58,pinch,95.2,-69.63261549183636,-70.52607650626237,168.81106734031437
2025-11-05 00:25:59,pinch,95.34285714285714,-69.36051028825406,-70.56575008381549,169.00678955180024
2025-11-05 00:25:59,pinch,95.34285714285714,-69.01259645679515,-70.59565143543466,168.98392499675458
2025-11-05 00:25:59,pinch,94.46785714285714,-68.55169826154933,-70.47534085409467,169.10600897541252
2025-11-05 00:25:59,pinch,89.63452380952381,-68.60105441242149,-70.5050464942542,169.70701296787723
2025-11-05 00:25:59,pinch,87.71785714285714,-68.6853955090985,-70.55741851893634,169.8848574971301
2025-11-05 00:25:59,pinch,89.075,-68.61154365075164,-70.71364262480971,170.0431635887137
2025-11-05 00:25:59,pinch,90.075,-68.54005009416946,-70.93078729639785,170.32432080451733
2025-11-05 00:25:59,pinch,90.325,-68.49732877134451,-71.1308360585972,170.7406973035914
2025-11-05 00:26:00,pinch,94.075,-68.549582281899,-71.45417676414327,171.0473368942587
2025-11-05 00:26:00,pinch,94.95,-68.02509904391404,-71.54617952794734,170.85237470265736
2025-11-05 00:26:00,pinch,97.45,-67.4480661403303,-71.59566384906125,170.91776102140648
2025-11-05 00:26:00,pinch,94.95,-67.5652593411651,-72.17765342724631,171.06429068725043
2025-11-05 00:26:00,pinch,95.7,-67.97422688560019,-73.00975520255999,171.20578604645408
2025-11-05 00:26:00,pinch,93.7,-68.57765749768326,-73.84768704230078,171.3611390727067
2025-11-05 00:26:00,pinch,91.15833333333333,-69.34298570516961,-74.62005774547191,171.47885261597247
2025-11-05 00:26:00,pinch,84.82499999999999,-70.12129808670508,-75.33798635254938,171.55443613343388
2025-11-05 00:26:01,pinch,78.99166666666667,-70.9210303233601,-75.96127118438982,171.6365043982957
2025-11-05 00:26:01,pinch,80.74166666666667,-71.17601969841185,-76.22074871253494,171.56708255102177
2025-11-05 00:26:01,pinch,82.075,-71.21013924261538,-76.28101015317759,171.50357879173725
2025-11-05 00:26:01,pinch,82.49166666666667,-71.108647888491,-76.30289417007778,171.48341822829508
2025-11-05 00:26:01,pinch,82.99166666666666,-70.97941393148815,-76.32461890285657,171.4910189161962
2025-11-05 00:26:01,pinch,82.99166666666667,-70.92587484648222,-76.33377390290374,171.48170546309322
2025-11-05 00:26:01,pinch,84.49166666666666,-71.10722283590735,-76.47896608202211,171.73434493477123
2025-11-05 00:26:01,pinch,85.36666666666666,-71.64207685569784,-76.75968935714852,172.6873648004489
2025-11-05 00:26:02,pinch,81.55119047619047,-72.38301989850981,-76.78114290876644,174.66186247083073
2025-11-05 00:26:02,pinch,78.51666666666668,-72.95367290623648,-76.57613153820945,177.31229039209597
2025-11-05 00:26:02,pinch,74.65000000000002,-73.8636500307594,-76.53485939463263,-36.634724273430294
2025-11-05 00:26:02,pinch,76.23333333333333,-74.59761086989555,-76.64321441184667,-121.23072200214362
2025-11-05 00:26:02,pinch,73.65,-75.04712119447797,-76.47723543059602,-154.06295851109556
2025-11-05 00:26:02,pinch,75.55833333333335,-75.00166373014773,-75.82734198741824,-166.37397456361097
2025-11-05 00:26:02,pinch,74.775,-74.6975841851548,-75.23138079876446,-171.39898116268807
2025-11-05 00:26:02,pinch,74.94166666666668,-74.8412160542764,-75.08315849747444,-174.0107914014464
2025-11-05 00:26:03,pinch,75.99166666666667,-74.48572271065763,-75.11143551963076,-174.3388600198781
2025-11-05 00:26:03,pinch,75.58333333333334,-74.24448654063222,-75.50522461775749,-173.65813366577623
2025-11-05 00:26:03,pinch,79.20833333333334,-74.07504532639604,-76.27617242027634,-173.17829841931115
2025-11-05 00:26:03,pinch,82.44404761904762,-74.1188593789212,-77.34079805085233,-173.17809562050687
2025-11-05 00:26:03,pinch,82.96785714285714,-74.21737315125581,-78.47868715993687,-173.18073274343206
2025-11-05 00:26:03,pinch,76.79285714285714,-74.08068278614199,-79.26886682662783,-172.09840931536291
2025-11-05 00:26:03,pinch,74.29285714285714,-74.08664555463187,-79.75384683909232,-170.84044315338247
2025-11-05 00:26:03,pinch,84.49583333333332,-73.61564038003075,-79.376561934262,-170.09172764146672
2025-11-05 00:26:04,pinch,82.08333333333333,-72.61310571617915,-78.662845996192,-169.18487329057464
2025-11-05 00:26:04,pinch,71.93333333333334,-71.85384165536007,-77.14411450022084,-167.53142447843865
2025-11-05 00:26:04,pinch,61.14166666666666,-71.49579000483405,-75.20441176746968,-164.6975494719443
2025-11-05 00:26:04,point,47.32857142857142,-71.60955359847445,-72.67512883072746,-161.99177276336772
2025-11-05 00:26:04,point,92.99166666666667,-71.88421447319413,-69.24918571792485,-159.5095153235307
2025-11-05 00:26:04,point,96.125,-72.80061295954906,-67.0445134179947,-156.65754468462276
2025-11-05 00:26:04,point,96.125,-74.37828984384292,-65.33751435168371,-153.9255914227666
2025-11-05 00:26:04,point,96.95833333333334,-75.59350592937088,-64.61452107823678,-151.6300979568938
2025-11-05 00:26:04,point,96.375,-76.44460090758369,-64.27649819225607,-150.32971352275123
2025-11-05 00:26:05,point,95.625,-76.7156541257521,-64.39878199937412,-149.6708056430431
2025-11-05 00:26:05,point,93.15833333333335,-76.32432236451447,-64.84075255721854,-150.06906483523443
2025-11-05 00:26:05,point,91.40833333333335,-75.28147437076024,-65.4120129353406,-151.5646995185619
2025-11-05 00:26:05,point,89.2,-73.73329953796359,-65.94251767789522,-153.73333071619626
2025-11-05 00:26:05,point,90.075,-72.1047811672077,-66.41968516939619,-156.50274584858977
2025-11-05 00:26:05,point,87.65833333333333,-70.04667284186026,-66.73005903602247,-160.59285276086234
2025-11-05 00:26:05,point,67.7952380952381,-68.06820787312176,-66.67654028718108,-165.67766375639576
2025-11-05 00:26:05,point,63.878571428571426,-66.98923833188462,-67.17831467447637,-170.058697100816
2025-11-05 00:26:05,point,57.170238095238105,-67.37112478142595,-69.1095029884863,-172.37744961910795
2025-11-05 00:26:06,point,50.570238095238096,-68.53657384039656,-71.31395992051117,-172.2627800274556
2025-11-05 00:26:06,point,60.18333333333333,-70.09099150352226,-73.74469665457248,-168.93090971632452
2025-11-05 00:26:06,point,52.012499999999996,-72.1403678665938,-75.93685242532341,-163.9607235398209
2025-11-05 00:26:06,rest,48.04583333333333,-74.26112333881287,-77.3842959541283,-159.02421392818337
2025-11-05 00:26:06,rest,60.30000000000001,-75.88378006149435,-77.83475053418314,-154.79254737431535
2025-11-05 00:26:06,rest,63.30000000000001,-76.75240505189937,-77.87399975220602,-151.30205439386302
2025-11-05 00:26:06,rest,65.30000000000001,-77.37843289718175,-77.71436348283589,-148.20546090927957
2025-11-05 00:26:06,rest,65.55000000000001,-77.41570034037126,-77.86966101142195,-146.69422588601418
2025-11-05 00:26:07,rest,65.17500000000001,-76.74488899305362,-78.38375073254706,-145.89903557898924
2025-11-05 00:26:07,rest,63.59166666666668,-75.47017092236109,-79.05889684994422,-145.7963188243946
2025-11-05 00:26:07,rest,53.61666666666666,-74.06740854090967,-79.84229130860956,-146.3488091418347
2025-11-05 00:26:07,rest,44.93333333333333,-72.4783835449151,-80.50564819940321,-147.5757101525178
2025-11-05 00:26:07,rest,37.35,-70.8346579820073,-80.69698848840042,-149.58636998302566
2025-11-05 00:26:07,pinch,34.116666666666674,-69.41493005081435,-80.58975596090693,-152.04451322623237
2025-11-05 00:26:07,pinch,40.09166666666667,-68.50215423023845,-80.34512084136884,-154.29967283696908
2025-11-05 00:26:07,pinch,41.34166666666667,-68.05837542528963,-80.09748996243681,-155.4880430268586
2025-11-05 00:26:08,pinch,38.46666666666667,-67.998152408054,-79.90171010950738,-155.6964826581114
2025-11-05 00:26:08,pinch,37.88333333333333,-68.25098768748092,-79.76870160598641,-155.21187536874268
2025-11-05 00:26:08,pinch,38.30555555555556,-68.30529362451689,-79.80949905639403,-154.39436153285402
2025-11-05 00:26:08,pinch,38.80555555555556,-68.25026097852283,-79.95684473851654,-153.84465869759327
2025-11-05 00:26:08,pinch,38.0,-68.17619207034352,-79.98349537557255,-153.5702458794392
2025-11-05 00:26:08,pinch,35.04166666666667,-67.99019002872096,-79.93632794597013,-153.6453290905187
2025-11-05 00:26:08,pinch,35.8,-67.47769509564213,-79.81411870512608,-154.1653842070613
2025-11-05 00:26:08,pinch,41.75000000000001,-66.86637698291722,-79.67891615811794,-155.5433147406109
2025-11-05 00:26:08,pinch,45.45833333333333,-67.0440403012496,-79.4743941085004,-157.99838150827298
2025-11-05 00:26:09,pinch,54.62619047619049,-67.42558010276306,-78.88665714732838,-161.1696633704283
2025-11-05 00:26:09,pinch,66.85119047619048,-68.07719939416947,-78.46478702991283,-164.46377763293088
2025-11-05 00:26:09,pinch,70.35952380952381,-69.65401861383965,-78.6835214309695,-167.19385885520575
2025-11-05 00:26:09,pinch,72.20000000000002,-70.73301816263896,-78.65824786274354,-168.16688191234488
2025-11-05 00:26:09,pinch,78.03333333333333,-71.78922106357976,-78.75598034343733,-168.06967790255237
2025-11-05 00:26:09,pinch,82.78333333333333,-72.42577650044399,-78.54010052131684,-167.44083617298713
2025-11-05 00:26:09,pinch,84.35476190476192,-73.06811607752599,-78.33303539986522,-166.1478579401504
2025-11-05 00:26:09,pinch,83.43809523809524,-73.41998767154818,-77.94698274897831,-165.15103065015342
2025-11-05 00:26:10,pinch,83.43809523809524,-73.0613925519709,-76.5333996750997,-164.69720191246913
2025-11-05 00:26:10,pinch,83.43809523809524,-73.08543442147456,-76.35521662867531,-165.34322994105753
2025-11-05 00:26:10,pinch,83.27142857142856,-72.71262999662736,-76.09287361626922,-166.5787761373577
2025-11-05 00:26:10,pinch,82.2047619047619,-72.29705099530041,-76.45273590547895,-168.07128930668193
2025-11-05 00:26:10,pinch,79.53333333333333,-71.89171207874591,-76.28791967683276,-169.8091673183941
2025-11-05 00:26:10,pinch,76.86666666666665,-71.71747691521779,-75.96779982658096,-171.33344675775155
2025-11-05 00:26:10,pinch,73.03333333333333,-71.62476769334384,-75.81220853539891,-172.7732566747568
2025-11-05 00:26:10,pinch,66.7,-71.7017157709,-75.25215482435739,-174.38583425442602
2025-11-05 00:26:10,pinch,65.03333333333333,-72.15727877345834,-75.14797002589764,-175.44762220210873
2025-11-05 00:26:11,pinch,63.31666666666666,-73.13191804067228,-74.19033319008152,-175.11768889518186
2025-11-05 00:26:11,pinch,62.933333333333344,-74.51858378496657,-73.4630792419526,-174.42834286608897
2025-11-05 00:26:11,pinch,68.48333333333335,-75.83839850831896,-72.67989235639575,-173.9526696601166
2025-11-05 00:26:11,pinch,68.06666666666668,-77.07034047170107,-71.70015557661839,-173.5915385956118
2025-11-05 00:26:11,pinch,67.86666666666667,-77.89141452585517,-70.58525546352385,-173.25341128993963
2025-11-05 00:26:11,pinch,67.75,-78.4782018944541,-69.25689530364467,-173.47985681638858
2025-11-05 00:26:11,pinch,69.09583333333332,-78.35963690984988,-68.67243762620876,-174.6873577385623
2025-11-05 00:26:11,pinch,70.16249999999998,-77.80403070513144,-68.3448787726393,-175.705276474862
2025-11-05 00:26:12,pinch,68.9125,-77.13262761466059,-68.16312435968756,-176.33528344721105
2025-11-05 00:26:12,pinch,68.20416666666665,-76.38138649002533,-68.12650221390436,-176.96320775443888
2025-11-05 00:26:12,pinch,64.55416666666667,-75.83798883708879,-67.69425523979189,-177.75834921217813
2025-11-05 00:26:12,pinch,63.904166666666676,-75.60950852636934,-67.19399657642279,-178.40867018913997
2025-11-05 00:26:12,pinch,62.841666666666676,-76.03156393077126,-66.85662197126133,-178.48468469737898
2025-11-05 00:26:12,pinch,64.575,-77.32377853875192,-66.04864674403117,-177.4884682854975
2025-11-05 00:26:12,pinch,62.49166666666666,-78.19608316883037,-65.50346778287377,-173.4344391721001
2025-11-05 00:26:12,pinch,57.891666666666666,-78.78217237160669,-65.04494868246331,-166.34499633166428
2025-11-05 00:26:13,pinch,48.01666666666666,-79.17609623073517,-65.08413778195923,-158.79354720511373
2025-11-05 00:26:13,pinch,45.23809523809524,-78.90974624119664,-64.69005519119713,-152.13963858676647
2025-11-05 00:26:13,point,42.28273809523809,-77.60691289988219,-63.3511413803792,-147.0609844486591
2025-11-05 00:26:13,point,46.61607142857143,-75.15163045059472,-61.37759105180025,-142.41722038210077
2025-11-05 00:26:13,point,62.219047619047615,-72.25091617584182,-58.709956393039114,-139.26967072941204
2025-11-05 00:26:13,point,81.81547619047619,-69.2451014299657,-55.71710196915696,-138.43673499124267
2025-11-05 00:26:13,point,96.89880952380952,-66.2918001368771,-52.85994539870871,-139.46127815619602
2025-11-05 00:26:13,point,97.60714285714285,-64.54843419242658,-50.5388673850283,-141.6441164047617
2025-11-05 00:26:14,point,98.91666666666666,-64.05110037363775,-48.818140228792984,-143.69750066688925
2025-11-05 00:26:14,point,98.91666666666666,-64.54937797308001,-48.06794489211249,-146.6360427403313
2025-11-05 00:26:14,point,99.66666666666666,-65.95367922572683,-47.646110080917296,-149.36988970420603
2025-11-05 00:26:14,point,99.66666666666666,-67.41197337836435,-47.431670325542854,-151.3238335356632
2025-11-05 00:26:14,point,99.66666666666666,-68.4257284917754,-47.21734211808005,-152.24702674425933
2025-11-05 00:26:14,point,100.0,-68.91762115922218,-47.09959070084679,-152.70303118121706
2025-11-05 00:26:14,point,100.0,-69.12100253498582,-47.11858684427412,-153.07941228269894
2025-11-05 00:26:14,point,100.0,-69.25688917804166,-47.23693802282366,-153.52975133048065
2025-11-05 00:26:14,point,100.0,-69.33271298604512,-47.49521274959099,-153.83483996037495
2025-11-05 00:26:15,point,100.0,-69.59012204359523,-48.16399324164833,-155.51824470232992
2025-11-05 00:26:15,point,100.0,-69.76956423400213,-48.65609319452034,-157.3501884481276
2025-11-05 00:26:15,point,99.625,-70.617562641029,-48.401607498710476,-158.48469014622958
2025-11-05 00:26:15,point,98.52380952380953,-69.70613587303563,-45.67450276682922,-152.2705793107683
2025-11-05 00:26:15,point,94.44047619047619,-66.69539444790136,-42.90121899006709,-140.1084043685765
2025-11-05 00:26:15,point,90.91666666666666,-60.82283157162995,-40.25662057672557,-125.75291201585853
2025-11-05 00:26:15,point,80.04980158730159,-48.76529157247364,-38.75022102512037,-111.30370940320431
2025-11-05 00:26:15,point,72.40694444444443,-21.9298864432247,-37.08328921099825,-98.95227349420253
2025-11-05 00:26:16,point,61.073611111111106,17.640069219526033,-35.71447755657243,-88.8578902347403
2025-11-05 00:26:16,point,59.07916666666666,43.12038475906883,-35.99689938652159,-82.18934846615856
2025-11-05 00:26:16,point,65.58194444444445,56.28444605251045,-36.251019406946455,-79.27529022850779
2025-11-05 00:26:16,point,63.748611111111096,63.937400508649404,-37.12777635899506,-77.61108855433312
2025-11-05 00:26:16,point,68.04027777777776,68.41440107862326,-37.132117445569165,-76.66566649867048
2025-11-05 00:26:16,point,70.41527777777777,71.13682301590636,-37.765717822052565,-76.13286264844041
2025-11-05 00:26:16,point,66.56249999999999,73.5907118059022,-38.49104733617753,-75.75173424071977
2025-11-05 00:26:17,point,60.34583333333332,75.17189244754896,-39.59329911374046,-75.56930287127761
2025-11-05 00:26:17,point,65.5375,73.99258793495738,-40.62885965138142,-75.4447609485464
2025-11-05 00:26:17,point,68.4986111111111,73.40617790904956,-41.224488781881995,-75.46335557080005
2025-11-05 00:26:17,point,79.34444444444445,71.13265917064933,-41.41313310053032,-75.23245799044017
2025-11-05 00:26:17,point,81.80277777777778,67.89890197346392,-40.34105041286263,-75.87823223279186
2025-11-05 00:26:17,point,83.93333333333334,63.303787216551285,-38.8967343601054,-77.09023488845236
2025-11-05 00:26:17,point,93.51666666666667,58.108709358848245,-35.50006256755775,-78.64287871324709
2025-11-05 00:26:17,point,96.7,51.19561555633343,-31.47495499501975,-80.55373309088603
2025-11-05 00:26:18,point,98.66666666666666,40.660404853887535,-26.920495068135494,-82.8468431435661
2025-11-05 00:26:18,point,98.54166666666666,25.699643845699477,-22.876209542822732,-85.74678006333039
2025-11-05 00:26:18,point,98.04166666666666,14.003787963474743,-20.53318531687941,-87.73380077077545
2025-11-05 00:26:18,point,98.04166666666666,5.4049487323493,-18.94502023378243,-89.12481685402477
2025-11-05 00:26:18,point,98.04166666666666,0.2531821293494383,-17.860097728838713,-89.9557082889839
2025-11-05 00:26:18,point,97.54166666666666,-3.368774748165907,-17.123513991188158,-90.54490880813563
2025-11-05 00:26:18,point,98.54166666666666,-6.30269911766022,-16.264297444346496,-91.04713168116687
2025-11-05 00:26:18,point,98.04166666666666,-18.779206419924463,-16.012921773261628,-93.63663535821705
2025-11-05 00:26:18,point,99.16666666666666,-34.91860495992135,-17.802618595111646,-97.76382963997303
2025-11-05 00:26:19,point,96.91666666666666,-49.73448095923732,-21.282091573826644,-102.54066893125261
2025-11-05 00:26:19,point,87.08333333333333,-60.35226759725778,-25.545088148162023,-106.8560038340204
2025-11-05 00:26:19,point,84.30416666666666,-68.71234626002372,-28.920437835909194,-111.09564657442095
2025-11-05 00:26:19,point,74.17480158730157,-75.42427350221138,-30.376425131387638,-115.41072483422222
2025-11-05 00:26:19,point,86.21369047619046,-80.85500336659408,-30.74510853163418,-117.34731848547904
2025-11-05 00:26:19,point,88.01369047619046,-83.43879727324091,-31.539232291104106,-117.69254135976954
2025-11-05 00:26:19,point,90.20416666666665,-84.16713203822479,-32.26087441510519,-117.5980429242532
2025-11-05 00:26:19,point,89.10416666666666,-84.6554744330676,-33.16126613780585,-118.16721443405562
2025-11-05 00:26:20,point,89.4970238095238,-84.32065909851838,-33.66385873704263,-118.71862402720967
2025-11-05 00:26:20,point,89.4970238095238,-83.49737897620511,-34.184508150441154,-119.07704108053635
2025-11-05 00:26:20,point,87.86369047619048,-82.83956400942738,-34.54027676567148,-119.55712608489068
2025-11-05 00:26:20,point,86.53035714285713,-82.81044520677276,-34.78872864375817,-119.80514041130598
2025-11-05 00:26:20,point,87.61369047619047,-83.04675756128472,-35.28557195643532,-119.88829743695962
2025-11-05 00:26:20,point,87.61369047619047,-83.18239581985455,-35.64070415629467,-119.8991486240776
2025-11-05 00:26:20,point,91.90535714285714,-82.78970168145997,-38.21024429507049,-120.53884620606232
2025-11-05 00:26:20,point,93.25059523809524,-81.14147591915301,-43.41465743492478,-120.53387222771497
2025-11-05 00:26:20,point,95.25,-77.12536643411568,-47.0268219157,-120.51870938996932
2025-11-05 00:26:21,point,91.07142857142857,-70.12233710192146,-45.80251533938531,-120.79362735363495
2025-11-05 00:26:21,point,82.32142857142858,-64.28872368185161,-40.160425819452755,-122.98907551583589
2025-11-05 00:26:21,point,66.64285714285714,-61.08509888059231,-28.42842811803221,-130.1860196980685
2025-11-05 00:26:21,grasp,42.83095238095238,-60.39343624385225,-15.065179827859742,-138.90022120140014
2025-11-05 00:26:21,grasp,38.533333333333324,-61.204401241723545,-0.6175483393627399,-148.37001572735096
2025-11-05 00:26:21,grasp,36.34166666666666,-63.321126757053875,12.696707429603661,-156.96246405482222
2025-11-05 00:26:21,release,35.544444444444444,-66.54768768359362,25.53069446206186,-164.06856370555948
2025-11-05 00:26:21,point,36.30853174603175,-69.12996922569289,36.514420366205194,-170.09927136867202
2025-11-05 00:26:22,point,41.61130952380953,-71.02198842254425,44.26116378870002,-171.6640140667273
2025-11-05 00:26:22,point,38.93214285714286,-71.68658379999681,49.57509191126293,-171.88874737933764
2025-11-05 00:26:22,point,38.97380952380953,-72.27296283536745,53.31658079746914,-172.02481947191586
2025-11-05 00:26:22,point,38.22380952380953,-72.78761264347585,56.699362109947856,-171.9084797803236
2025-11-05 00:26:22,point,38.423809523809524,-73.32530720208601,58.94333420971206,-171.37947522759094
2025-11-05 00:26:22,point,38.06269841269842,-73.97213225070793,60.40979819916335,-170.53207873262699
2025-11-05 00:26:22,point,38.31269841269842,-74.44783442934062,61.61747355261589,-169.8563425798194
2025-11-05 00:26:22,point,37.31269841269842,-74.889990792389,62.20121641649865,-169.3016269415955
2025-11-05 00:26:22,point,35.929365079365084,-75.29135229288482,62.31557067330641,-168.9154930001776
2025-11-05 00:26:23,point,34.804365079365084,-75.45678850375175,62.13804637779462,-168.73861247811794
2025-11-05 00:26:23,point,36.39603174603175,-75.62491391905246,62.051243113308935,-168.51709051726286
2025-11-05 00:26:23,point,35.60436507936508,-75.75203000446417,62.28000743348325,-168.33965800272222
2025-11-05 00:26:23,point,35.804365079365084,-75.94379393411114,62.36148616303103,-168.0297215847025
2025-11-05 00:26:23,point,34.88769841269841,-76.06928892002382,62.65125182608371,-167.84917970918775
2025-11-05 00:26:23,point,34.80436507936508,-76.1007373301515,63.2542353783069,-167.58625987851474
2025-11-05 00:26:23,point,36.47103174603175,-76.43205034549374,63.69999039672288,-167.2287463032158
2025-11-05 00:26:23,point,35.13035714285714,-77.04095034070846,61.231500011159106,-171.03778427070023
2025-11-05 00:26:30,point,38.911904761904765,-75.17156912112759,61.447347848148894,-171.1316905002351
2025-11-05 00:26:30,grasp,52.63928571428571,-69.37302044195543,62.07540292210982,-166.24511593233825
2025-11-05 00:26:30,grasp,39.0,-48.78592575550556,62.32436190330457,-144.5020820941328
2025-11-05 00:26:30,grasp,38.79285714285714,8.618141668529322,60.06679625173176,-84.04422928376896
2025-11-05 00:26:30,grasp,38.47857142857142,46.66610153781648,52.52333562564106,-45.20134410129684
2025-11-05 00:26:30,point,40.98611111111111,65.83077540302754,46.025832306240126,-29.222732539004078
2025-11-05 00:26:31,point,46.96468253968253,73.6129459055135,35.39507273416366,-22.44751121813304
2025-11-05 00:26:31,point,68.61488095238096,77.37446846909278,19.8004546917613,-18.791447658949785
2025-11-05 00:26:31,point,90.02440476190475,79.26109628601155,-1.491439491249718,-17.190339788003513
2025-11-05 00:26:31,point,95.88690476190476,80.14587037001567,-23.24605873615208,-17.181765645363832
2025-11-05 00:26:31,point,96.95833333333333,80.48473234942405,-39.495812461838085,-19.19289166582388
2025-11-05 00:26:31,point,96.48333333333333,79.65130370256568,-47.92581648098353,-24.273538141238834
2025-11-05 00:26:31,point,90.88749999999999,79.15733743340921,-51.128409212160605,-28.66775471464809
2025-11-05 00:26:31,point,87.33749999999999,78.39598026784174,-53.04920544278822,-32.16173689679
2025-11-05 00:26:32,point,82.98035714285713,77.49511739653182,-54.76210198993968,-34.93732151721298
2025-11-05 00:26:32,point,78.87916666666665,76.23394146559319,-55.95216820414703,-37.79565707421583
2025-11-05 00:26:32,point,75.44583333333333,74.72486043113321,-56.62171844288281,-40.76769602907433
2025-11-05 00:26:32,point,72.4736111111111,73.72783018455134,-56.35699996464798,-43.101096103788194
2025-11-05 00:26:32,point,69.47361111111111,72.97382074935868,-56.32143065644961,-45.330047064851726
2025-11-05 00:26:32,point,69.42361111111111,72.620772281603,-55.95535459417621,-47.33046024422579
2025-11-05 00:26:32,point,69.71646825396826,72.58190388097623,-55.134328888017265,-49.17711926065743
2025-11-05 00:26:32,point,66.04980158730159,73.03592433377125,-54.540030131309344,-50.16801661490986
2025-11-05 00:26:32,point,65.2998015873016,73.93789903051913,-54.13597153452539,-50.24360272852269
2025-11-05 00:26:33,point,66.40694444444443,74.66601423463476,-54.21251445917868,-50.13815518273717
2025-11-05 00:26:33,point,66.40694444444443,75.3882212068149,-54.360880272469224,-49.779653950079535
2025-11-05 00:26:33,point,66.24027777777778,75.74399407049512,-54.320249660137975,-49.59792687142949
2025-11-05 00:26:33,point,66.40694444444445,75.7597260163286,-54.484726760666206,-49.53949969170067
2025-11-05 00:26:33,point,66.15694444444445,75.62020988388073,-53.69707117323239,-49.330479088293785
2025-11-05 00:26:33,point,69.50813492063492,75.42942521489738,-52.41731254138999,-48.63498722323868
2025-11-05 00:26:33,point,70.15813492063492,75.3096532618112,-51.20744197543506,-47.88053849893642
2025-11-05 00:26:33,point,68.82480158730158,74.98726956545129,-50.00908782826109,-47.23494857566448
2025-11-05 00:26:34,point,68.6998015873016,74.65937865632317,-48.749264353460575,-46.60035394978733
2025-11-05 00:26:34,point,68.9498015873016,74.63237842453395,-47.2475832225916,-45.82776792187812
2025-11-05 00:26:34,point,68.9498015873016,74.74762670319669,-46.60614446937762,-45.258470261275306
2025-11-05 00:26:34,point,68.94980158730158,74.79922781815456,-46.37442802209509,-45.18090704817703
2025-11-05 00:26:34,point,70.11646825396825,74.79989571460595,-46.18038296771847,-45.086733843478
2025-11-05 00:26:34,point,70.6998015873016,74.82611560741412,-45.99773807076332,-44.96239971867512
2025-11-05 00:26:34,point,70.1998015873016,74.86345792829724,-45.93760073567062,-44.86394218129796
2025-11-05 00:26:34,point,70.69980158730158,74.84525819917366,-45.81579700137992,-44.780018196485045
2025-11-05 00:26:35,point,71.19980158730158,74.75578267295705,-45.716978684503864,-44.71891661775588
2025-11-05 00:26:35,point,71.4498015873016,74.63691207095154,-45.6411420144172,-44.75002488919692
2025-11-05 00:26:35,point,71.61646825396825,74.4473922316429,-45.489121394577396,-44.832450120665364
2025-11-05 00:26:35,point,70.61646825396825,74.25090170347926,-45.36860218909018,-44.99353626670122
2025-11-05 00:26:35,point,70.61646825396825,74.13620810147815,-45.290196470959685,-45.10179450998995
2025-11-05 00:26:35,point,70.61646825396825,74.0562257367059,-45.31151464035418,-45.20212295045417
2025-11-05 00:26:35,point,71.11646825396825,74.0444732301217,-45.45470597929545,-45.3266711581967
2025-11-05 00:26:35,point,70.61646825396825,73.98032603345598,-45.55339057053328,-45.423249321363386
2025-11-05 00:26:36,point,70.36646825396825,73.96199816239297,-45.75290275338665,-45.56652244875059
2025-11-05 00:26:36,point,70.61646825396825,73.93784351151423,-45.831630204496676,-45.62600915412787
2025-11-05 00:26:36,point,70.61646825396825,73.75944039383297,-45.79056150256217,-45.760187278943164
2025-11-05 00:26:36,point,70.61646825396825,73.68563112037559,-45.685503306204595,-45.78530131698861
2025-11-05 00:26:36,point,70.11646825396825,73.57168152118618,-45.48341759957768,-45.8265805617644
2025-11-05 00:26:36,point,70.9498015873016,73.77596387083281,-45.440519076140696,-45.718301985276966
2025-11-05 00:26:36,point,71.4498015873016,74.32198058983501,-45.41992327292766,-45.26008380374414
2025-11-05 00:26:36,point,71.1998015873016,75.07416214221004,-45.410724451912344,-44.90120862746615
2025-11-05 00:26:37,point,71.6998015873016,75.74714197178292,-45.4717038394495,-44.64871566149618
2025-11-05 00:26:37,point,71.6998015873016,76.36467382422745,-45.49006151086216,-44.265783500036875
2025-11-05 00:26:37,point,70.86646825396825,76.70218025229252,-45.12852651524317,-43.79530950698417
2025-11-05 00:26:37,point,69.86646825396825,76.77334434368541,-44.69185871084029,-43.430655578656925
2025-11-05 00:26:37,point,69.9498015873016,76.39259828535538,-44.05746871682521,-43.421966948040975
2025-11-05 00:26:37,point,70.11646825396825,75.83656308456874,-43.39914245216177,-43.27790752575635
2025-11-05 00:26:37,point,70.11646825396825,75.40556813304144,-42.63543380346768,-43.003327655095426
2025-11-05 00:26:37,point,70.86646825396825,74.87118451805509,-41.8939647176591,-43.0113236375534
2025-11-05 00:26:37,point,70.61646825396825,74.50144021976902,-41.49356364783057,-43.16160144400056
2025-11-05 00:26:38,point,70.99146825396825,74.12147984429491,-41.15661741939432,-43.39440069617655
2025-11-05 00:26:38,point,71.24146825396825,73.82106559082169,-40.86011685706545,-43.60155756185212
2025-11-05 00:26:38,point,70.74146825396825,73.56117761757635,-40.76221037417923,-43.789476489694906
2025-11-05 00:26:38,point,70.74146825396825,73.3781273511783,-40.83251413509882,-43.951587068890774
2025-11-05 00:26:38,point,70.90813492063491,73.32278534184667,-41.182143341600785,-44.04079010946573
2025-11-05 00:26:38,point,70.86646825396825,73.43796547705509,-41.66033786589419,-44.06760954576204
2025-11-05 00:26:38,point,70.6998015873016,73.76904505903364,-42.32562416734294,-44.028232017337935
2025-11-05 00:26:38,point,70.36646825396825,73.8937876524593,-43.377096630201606,-44.15229613002859
2025-11-05 00:26:39,point,70.36646825396825,73.97836448850435,-44.08927897546924,-44.28082219572413
2025-11-05 00:26:39,point,70.36646825396825,74.12347034833044,-44.735191777933665,-44.419459398614094
2025-11-05 00:26:39,point,70.36646825396825,74.21152972883628,-45.2982890385073,-44.58379546818642
2025-11-05 00:26:39,point,70.36646825396825,74.23605456222089,-45.91088699001277,-44.727641095531595
2025-11-05 00:26:39,point,70.36646825396825,74.04584299435416,-46.227486886964826,-44.8528373715061
2025-11-05 00:26:39,point,70.61646825396825,74.07932102572926,-46.227183611266014,-44.833910699432806
2025-11-05 00:26:39,point,70.86646825396825,74.129009352879,-46.485517301385606,-44.84678060998448
2025-11-05 00:26:40,point,70.61646825396825,74.10397590205332,-46.69715794321274,-44.8847724872337
2025-11-05 00:26:40,point,70.61646825396825,74.13927619843786,-46.928910515037884,-44.88290468001057
2025-11-05 00:26:40,point,71.36646825396825,74.23880786332128,-46.925328499495734,-44.86784797776022
2025-11-05 00:26:40,point,71.11646825396825,74.37514149472244,-46.90168294882004,-44.933896509838206
2025-11-05 00:26:40,point,71.11646825396825,74.57167339744267,-46.88476607216354,-44.92829619280741
2025-11-05 00:26:40,point,71.11646825396825,74.6881514769124,-46.830765780035684,-44.980558071299484
2025-11-05 00:26:40,point,71.11646825396825,74.73359679293199,-46.81450558474454,-44.99401222141905
2025-11-05 00:26:40,point,71.11646825396825,74.72974851618025,-46.74155958399723,-45.028218632823354
2025-11-05 00:26:40,point,71.61646825396825,74.59102438818051,-46.80644772392937,-45.05677934435609
2025-11-05 00:26:41,point,71.61646825396825,74.4189606537771,-46.937724370401455,-45.062238164057135
2025-11-05 00:26:41,point,71.11646825396825,74.20052217011995,-47.00452215777484,-45.095662977938915
2025-11-05 00:26:41,point,71.11646825396825,74.03129169536597,-46.97117613567271,-45.04104627949572
2025-11-05 00:26:41,point,71.11646825396825,73.9687750534037,-46.93491818838066,-44.97415535472511
2025-11-05 00:26:41,point,71.11646825396825,73.95424931550102,-46.770035255054694,-44.920165588613706
2025-11-05 00:26:41,point,71.11646825396825,73.94439930185179,-46.57992693969287,-44.901793432587134
2025-11-05 00:26:41,point,71.11646825396825,73.99060313144673,-46.41937059909563,-44.8069598471465
2025-11-05 00:26:41,point,70.86646825396825,74.00781861174914,-46.371340583697595,-44.76645321396683
2025-11-05 00:26:41,point,70.86646825396825,74.08205666021263,-46.38699822553971,-44.75243951528594
2025-11-05 00:26:42,point,70.86646825396825,74.16202696819826,-46.38008600114951,-44.74476330537473
2025-11-05 00:26:42,point,68.86646825396825,74.2741733695193,-46.43639519668115,-44.737710175857956
2025-11-05 00:26:42,point,68.61646825396825,74.29991794999438,-46.39786306511779,-44.79963839090004
2025-11-05 00:26:42,point,68.61646825396825,74.33740877465326,-46.290947110790064,-44.896293635618534
2025-11-05 00:26:42,point,69.11646825396825,74.36619642536245,-46.26671437779735,-44.96576598866819
2025-11-05 00:26:42,point,69.11646825396825,74.38756240130718,-46.202501131607775,-45.0052380327544
2025-11-05 00:26:42,point,69.36646825396825,74.37491250497621,-46.147448259615004,-45.0588049008302
2025-11-05 00:26:42,point,71.36646825396825,74.26030238347464,-46.162149488554604,-45.10748324477781
2025-11-05 00:26:43,point,71.36646825396825,74.31780837904601,-46.18202477851432,-45.040009438287385
2025-11-05 00:26:43,point,70.86646825396825,74.37255445568634,-46.33157527387358,-44.96299730987071
2025-11-05 00:26:43,point,70.86646825396825,74.55307923268106,-46.37990327034804,-44.78720042176066
2025-11-05 00:26:43,point,71.11646825396825,74.87970941174558,-46.52613555700488,-44.59648586496047
2025-11-05 00:26:43,point,71.11646825396825,75.00764303108939,-46.75641130683393,-44.46047995005793
2025-11-05 00:26:43,point,70.86646825396825,75.03720558343926,-46.90988296214918,-44.38953349121111
2025-11-05 00:26:44,point,70.61646825396825,75.08998483688642,-46.84619175799703,-44.18098787108626
2025-11-05 00:26:44,point,70.11646825396825,75.15357918445062,-46.71808330841111,-43.96161649140727
2025-11-05 00:26:44,point,69.86646825396825,75.48783304678207,-46.68209102257869,-43.585283368293844
2025-11-05 00:26:44,point,69.86646825396825,75.55286532534497,-46.597300858923404,-43.31848051473506
2025-11-05 00:26:44,point,70.03313492063492,75.6037172050269,-46.523421490993385,-43.13011363991243
2025-11-05 00:26:44,point,70.03313492063492,75.8275121071156,-46.554636742477214,-42.80536950293755
2025-11-05 00:26:44,point,70.28313492063492,75.95020830844129,-46.778479421479574,-42.69838816739365
2025-11-05 00:26:44,point,70.78313492063492,76.01235676254166,-47.002070688402966,-42.683344838380414
2025-11-05 00:26:45,point,70.86646825396825,75.6867124087455,-47.105405588618254,-42.90111697048549
2025-11-05 00:26:45,point,70.36646825396825,75.67888554145398,-47.01638942336341,-42.897041858855374
2025-11-05 00:26:45,point,69.86646825396825,75.9542428790688,-46.84790422708336,-42.831543793319725
2025-11-05 00:26:45,point,70.6998015873016,75.9703924632108,-46.84912102068638,-43.057039681902076
2025-11-05 00:26:45,point,70.9498015873016,76.03023007227532,-47.01402496100887,-43.192864934652015
2025-11-05 00:26:45,point,70.94980158730158,75.96967307171384,-47.196782866234614,-43.424077664544114
2025-11-05 00:26:45,point,71.36646825396825,75.89816466229189,-47.33683720259438,-43.66993290818253
2025-11-05 00:26:45,point,71.9498015873016,75.54827869490157,-47.478243465339794,-43.98140951686094
2025-11-05 00:26:46,point,72.4498015873016,74.95350941806439,-47.664125553013136,-44.27603584833685
2025-11-05 00:26:46,point,71.9498015873016,74.66360096839625,-47.60742550513136,-44.30725558408714
2025-11-05 00:26:46,point,72.1998015873016,74.29044872717543,-47.47450725425533,-44.34731875995563
2025-11-05 00:26:46,point,71.6998015873016,74.31111710671303,-47.25714667898793,-44.19903181084668
2025-11-05 00:26:46,point,71.6998015873016,74.24773020350489,-47.18132168023803,-44.20481435051542
2025-11-05 00:26:46,point,71.4498015873016,74.1093596349427,-47.239743807286864,-44.44306162132669
2025-11-05 00:26:46,point,71.4498015873016,73.9856095454119,-47.37449323921284,-44.67821544951779
2025-11-05 00:26:46,point,71.1998015873016,73.77994314555389,-47.22907257391019,-44.75872319226382
2025-11-05 00:26:47,point,71.3248015873016,73.89526605241096,-47.156669085760115,-44.70927625500636
2025-11-05 00:26:47,point,71.6998015873016,73.62661460026116,-47.29818056673565,-44.86991015761048
2025-11-05 00:26:47,point,71.6998015873016,73.60781900224214,-47.228047615048574,-44.84144625434103
2025-11-05 00:26:47,point,71.9498015873016,73.72481315974395,-47.25610306134938,-44.773767837658355
2025-11-05 00:26:47,point,71.6998015873016,73.90913904065582,-47.266839837448785,-44.746284181185
2025-11-05 00:26:47,point,71.4498015873016,74.00506051421108,-47.479114007315026,-44.86913744938833
2025-11-05 00:26:47,point,71.6998015873016,73.88980806955882,-47.59803798098443,-45.075092839641314
2025-11-05 00:26:48,point,71.1998015873016,73.89087632714173,-47.51195084414638,-45.09546388499915
2025-11-05 00:26:48,point,70.86646825396825,73.74023897912153,-47.48288362749896,-45.1673750816949
2025-11-05 00:26:48,point,70.36646825396825,73.74973834225756,-47.339045967859754,-45.11193757003815
2025-11-05 00:26:48,point,70.86646825396825,73.84217749277886,-47.128047152445355,-44.95114251128254
2025-11-05 00:26:48,point,70.6998015873016,74.06441237530885,-46.90540238466565,-44.80278213987252
2025-11-05 00:26:48,point,70.69980158730158,74.20935755116702,-46.85908891816196,-44.697363383744694
2025-11-05 00:26:48,point,71.1998015873016,74.40669593651124,-46.836096539803066,-44.589051769574674
2025-11-05 00:26:48,point,70.6998015873016,74.69879788488815,-46.9281706310309,-44.47257943170345
2025-11-05 00:26:49,point,70.6998015873016,74.70770365333219,-47.210747471181094,-44.45739616292411
2025-11-05 00:26:49,point,70.6998015873016,74.65065661239322,-47.346853962872814,-44.448053540345796
2025-11-05 00:26:49,point,70.6998015873016,74.60924070155573,-47.6175496322647,-44.44141412804494
2025-11-05 00:26:49,point,70.6998015873016,74.59617788579988,-47.7170905008127,-44.53417131776648
2025-11-05 00:26:49,point,70.6998015873016,74.54238222567628,-47.870831904560774,-44.67952472447061
2025-11-05 00:26:49,point,71.1998015873016,74.49376761258337,-47.871084885986036,-44.72363638005052
2025-11-05 00:26:49,point,71.1998015873016,74.57224139601666,-47.756782637631744,-44.70363376894028
2025-11-05 00:26:50,point,71.1998015873016,74.66419812104022,-47.70967125686319,-44.73034610421688
2025-11-05 00:26:50,point,71.69980158730158,74.87098464208,-47.682641050127216,-44.70631696749752
2025-11-05 00:26:50,point,71.4498015873016,75.4117753585046,-47.55041892224931,-44.43053263920615
2025-11-05 00:26:50,point,71.6998015873016,75.49484876865006,-47.45969891039415,-44.53460234614959
2025-11-05 00:26:50,point,72.1998015873016,75.55009971777501,-47.513994270038495,-44.67067821207958
2025-11-05 00:26:50,point,71.94980158730158,75.64531397020309,-47.59183767682491,-44.819862182221044
2025-11-05 00:26:50,point,71.9498015873016,75.77383990085552,-47.64193513988851,-44.90706274341825
2025-11-05 00:26:50,point,74.44980158730158,75.60871168790368,-48.69957209928714,-45.46160842630684
2025-11-05 00:26:51,point,79.87480158730158,73.98624902769184,-53.15302148988174,-45.74186084813398
2025-11-05 00:26:51,point,90.93749999999999,71.81766886196785,-58.30374767622851,-44.30656231626057
2025-11-05 00:26:51,point,91.7,69.66274334535481,-63.3910688619563,-41.2705369559684
2025-11-05 00:26:51,point,83.79166666666667,67.24224255287902,-68.45966436694428,-36.34476022434697
2025-11-05 00:26:51,pinch,40.510714285714286,64.46817320693512,-73.4029970623755,-29.474235991758867
2025-11-05 00:26:51,pinch,47.74404761904762,62.18255383717784,-77.09059785315546,-20.320561974911982
2025-11-05 00:26:51,pinch,43.03571428571428,63.07143225195884,-78.2408706420604,-16.526077020335048
2025-11-05 00:26:51,pinch,37.34404761904762,65.8157864687578,-77.70840144211724,-19.61971406203563
2025-11-05 00:26:52,point,59.959523809523816,68.34504630079685,-75.66818294408115,-27.603076962058807
2025-11-05 00:26:52,point,89.625,70.8820952864676,-71.98639051841567,-36.197680290151226
2025-11-05 00:26:52,point,92.04166666666667,73.46276851529899,-65.84576962529744,-42.341837307861155
2025-11-05 00:26:52,point,92.88333333333333,75.52507225054798,-59.10125646283933,-46.11071318361439
2025-11-05 00:26:52,point,81.03313492063491,76.45394287702938,-52.6480150425904,-47.428849181225615
2025-11-05 00:26:52,point,72.69980158730158,76.70380541448691,-47.040426825874974,-47.41497711974235
2025-11-05 00:26:52,point,70.32480158730158,76.77433390790037,-42.666005473720034,-46.39748438963213
2025-11-05 00:26:52,point,68.0748015873016,76.79751798410396,-39.33320211367267,-45.23102643166398
2025-11-05 00:26:53,point,68.0748015873016,77.04995037605435,-39.14456485570551,-44.525062926888275
2025-11-05 00:26:53,point,60.97896825396825,77.56531379381236,-47.56104579635439,-44.79513658690328
2025-11-05 00:26:53,point,35.49146825396826,77.74419056223593,-55.612406076873626,-45.08583921828826
2025-11-05 00:26:53,rest,33.94999999999999,78.08193509664214,-61.47828991096483,-45.12901962095655
2025-11-05 00:26:53,rest,65.91666666666667,78.56995335625271,-65.17050184600714,-45.19855902586626
2025-11-05 00:26:53,rest,96.04166666666666,79.18891770347446,-67.1351864099048,-45.223795830710884
2025-11-05 00:26:53,rest,99.75,79.47677673072735,-67.89586111454693,-45.53574345349553
2025-11-05 00:26:53,rest,98.91666666666667,79.47441672590296,-68.06598229360104,-45.62998244905529
2025-11-05 00:26:54,rest,98.91666666666667,79.4343015459486,-67.90063739118479,-46.179467976381275
2025-11-05 00:26:54,rest,98.91666666666666,79.31469631676501,-67.47551783258054,-46.89195783270053
2025-11-05 00:26:54,rest,99.75,79.24199711223636,-66.93282994680476,-47.57426962534487
2025-11-05 00:26:54,rest,99.75,79.17504396989213,-66.44421074526122,-48.19386069709093
2025-11-05 00:26:54,rest,99.75,79.17690491795041,-66.0362978790503,-48.67031249536653
2025-11-05 00:26:54,rest,99.25,79.20886557638079,-65.75719279353315,-48.956200860802724
2025-11-05 00:26:54,rest,99.25,79.40346190240781,-65.52041280657515,-49.08944147121241
2025-11-05 00:26:54,rest,95.95833333333334,79.12034675540934,-65.98887011753735,-49.617902565338326
2025-11-05 00:26:55,rest,70.29166666666666,78.7979350041012,-66.47276405960042,-50.129317996450766
2025-11-05 00:26:55,rest,43.675000000000004,78.58041968235844,-66.54127775795443,-50.59742118315712
2025-11-05 00:26:55,point,33.8265873015873,78.43052011508182,-65.57872014457271,-51.21460687638351
2025-11-05 00:26:55,point,57.58075396825396,78.3056551462898,-62.56413208337929,-51.90916563982334
2025-11-05 00:26:55,point,68.43194444444445,78.10875181034717,-55.96401311718627,-52.60180434827532
2025-11-05 00:26:55,point,69.64027777777778,78.60923361370624,-52.36281047231648,-52.69011915438651
2025-11-05 00:26:55,point,69.64027777777778,79.01929225021274,-50.76191926484883,-52.728044031950304
2025-11-05 00:26:55,point,69.80694444444445,79.1792332159314,-49.94429684179272,-52.7986483572471
2025-11-05 00:26:55,point,69.80694444444444,79.23994991852175,-49.36703331535021,-52.755716092510454
2025-11-05 00:26:56,point,70.30694444444444,79.17942319818279,-48.915399482912974,-52.695704063014034
2025-11-05 00:26:56,point,70.30694444444444,79.03749487570698,-48.53735319075206,-52.660896882834834
2025-11-05 00:26:56,point,70.30694444444444,78.72928978430942,-48.311948470615334,-52.68826961593459
2025-11-05 00:26:56,point,69.97361111111111,78.45402071681166,-48.199668012746045,-52.7181549222242
2025-11-05 00:26:56,point,70.47361111111111,78.14524155848227,-48.13957707478263,-52.76489242511968
2025-11-05 00:26:56,point,70.9736111111111,77.8136888546371,-48.15273732559751,-52.82344446880175
2025-11-05 00:26:56,point,71.4736111111111,77.56022113768124,-48.28792936568758,-52.86807306659068
2025-11-05 00:26:56,point,69.69027777777778,77.6141938959651,-48.473514307437924,-52.62411907577172
2025-11-05 00:26:57,point,69.89027777777778,77.35905510672076,-48.88091892774909,-51.527274830920206
2025-11-05 00:26:57,point,69.80694444444444,77.20457973131138,-48.73323804069041,-49.67025760345106
2025-11-05 00:26:57,point,69.84980158730158,76.99934621642296,-48.379000433999366,-47.37326788000134
2025-11-05 00:26:57,point,69.47480158730158,76.74567144105718,-47.838409247173296,-44.82128627635844
2025-11-05 00:26:57,point,66.30813492063491,76.23410690965707,-47.17516019784656,-42.19611942258294
2025-11-05 00:26:57,point,65.48313492063491,75.37482890583274,-46.53182774472522,-39.803818722342314
2025-11-05 00:26:57,point,65.56646825396825,74.9402036076591,-45.3742293154737,-38.38125980336253
2025-11-05 00:26:57,point,64.48313492063491,74.38760502094055,-44.606192932928565,-37.708989349345764
2025-11-05 00:26:58,point,65.06646825396825,73.9899186884029,-43.83420807544377,-37.523593837923165
2025-11-05 00:26:58,point,65.06646825396825,73.5378662319304,-43.39577929154308,-37.594164106639504
2025-11-05 00:26:58,point,65.06646825396825,73.49473643423406,-43.09939016163521,-37.791350060130185
2025-11-05 00:26:58,point,65.06646825396825,73.6475184923047,-42.86121888096508,-38.053237316610875
2025-11-05 00:26:58,point,65.06646825396825,73.72188487204029,-42.970663369444225,-38.259751108961254
2025-11-05 00:26:58,point,65.06646825396825,73.88897953295947,-43.1900095283411,-38.52282836371835
2025-11-05 00:26:58,point,65.06646825396825,74.03955913881308,-43.64412502530715,-38.79008152746382
2025-11-05 00:26:58,point,65.56646825396825,74.37254590021652,-43.9935760373444,-39.11401590265914
2025-11-05 00:26:59,point,65.56646825396825,74.46509703970406,-44.356849812165805,-39.447717349671734
2025-11-05 00:26:59,point,65.56646825396825,74.37799312929343,-44.49087627088991,-39.829450482398215
2025-11-05 00:26:59,point,65.06646825396825,74.23825632148728,-44.68006764920437,-40.34250546141974
2025-11-05 00:26:59,point,65.56646825396825,74.10546962951875,-44.903640094229765,-40.89969619657879
2025-11-05 00:26:59,point,65.56646825396825,74.03513920907369,-45.30039101656348,-41.364821620967746
2025-11-05 00:26:59,point,65.56646825396825,73.93843057939269,-45.24585539657646,-41.75281879483057
2025-11-05 00:26:59,point,66.06646825396825,73.99863636974314,-45.17221593059135,-42.11871618599851
2025-11-05 00:26:59,point,66.56646825396825,74.31118981844205,-45.0941496720354,-42.39181114406654
2025-11-05 00:27:00,point,66.06646825396825,74.47673473480222,-45.025730821773976,-42.69822182905814
2025-11-05 00:27:00,point,66.6498015873016,74.72725862151138,-44.98088885585578,-42.70351257031179
2025-11-05 00:27:00,point,66.6498015873016,74.65883598715155,-44.74202143431703,-43.03403784345133
2025-11-05 00:27:00,point,66.31646825396825,74.70402914731577,-45.121175000743335,-43.28727954496857
2025-11-05 00:27:00,point,66.31646825396825,74.98045173773637,-45.36320600684192,-43.40790960207498
2025-11-05 00:27:00,point,66.81646825396825,74.88032921746672,-45.7142350632945,-43.55335057079258
2025-11-05 00:27:00,point,66.81646825396825,75.01885452324598,-46.20919337982436,-43.5297920466742
2025-11-05 00:27:00,point,66.81646825396824,75.0724569890637,-46.579850658521025,-43.754344234582646
2025-11-05 00:27:01,point,67.89980158730158,75.350180034895,-46.8333335901956,-43.70693772790489
2025-11-05 00:27:01,point,67.3998015873016,75.22221404624261,-46.879338942295604,-43.951864763391754
2025-11-05 00:27:01,point,66.3998015873016,74.9229752075785,-46.987764103414776,-44.132848064712455
2025-11-05 00:27:01,point,65.31646825396825,74.96947294683544,-47.05430107116872,-44.22480428958829
2025-11-05 00:27:01,point,65.31646825396825,74.84030114478759,-46.742687941725094,-44.49543694404045
2025-11-05 00:27:01,point,66.09980158730158,74.5821135446837,-46.43103956848048,-44.734897629088636
2025-11-05 00:27:01,point,66.09980158730158,74.09620564807858,-46.225656267400694,-44.991183797398804
2025-11-05 00:27:01,point,64.81646825396825,73.9816666872423,-46.05481275475171,-44.92953793578977
2025-11-05 00:27:02,point,67.09980158730158,73.96486660067646,-45.86233305193035,-44.99882281338188
2025-11-05 00:27:02,point,67.59980158730158,73.91851568834943,-45.69991737785797,-45.152910277088026
2025-11-05 00:27:02,point,67.31646825396825,74.07301865945404,-45.760270210582426,-45.11088047730803
2025-11-05 00:27:02,point,67.84980158730158,74.12689420878681,-45.823878669920845,-45.10577286600186
2025-11-05 00:27:02,point,67.48313492063492,74.31414814299643,-46.2782000555937,-45.15341704313379
2025-11-05 00:27:02,point,67.98313492063491,74.54371610195139,-46.89796443423977,-45.43888072581198
2025-11-05 00:27:02,point,67.39980158730158,74.63208857482175,-47.45568796084183,-46.119797256958904
2025-11-05 00:27:03,point,67.1498015873016,74.65728456095576,-48.111532832331406,-47.00120615254161
2025-11-05 00:27:03,point,66.80694444444444,74.54235798900109,-48.57793561102244,-47.9916037956872
2025-11-05 00:27:03,point,68.80694444444444,74.71689100947881,-49.076051188725714,-48.82820776030412
2025-11-05 00:27:03,point,70.2236111111111,74.97482785663566,-49.239895343060965,-49.53704449974444
2025-11-05 00:27:03,point,70.36646825396824,75.03090045288661,-49.24783051952277,-50.10290512356042
2025-11-05 00:27:03,point,70.36646825396825,74.94818704151953,-49.269689406080275,-50.30818752321254
2025-11-05 00:27:03,point,70.36646825396824,74.92338087396631,-49.20124908558718,-50.2693226232723
2025-11-05 00:27:03,point,70.36646825396824,74.9057920207446,-49.42772492127205,-50.11107577766778
2025-11-05 00:27:04,point,70.36646825396824,74.8035440478954,-49.72089979049075,-50.00957376127119
2025-11-05 00:27:04,point,70.51646825396824,74.64519946576635,-49.92437884600207,-49.936896440145304
2025-11-05 00:27:04,point,70.51646825396824,74.51884738557624,-49.99968430216047,-49.85827517435332
2025-11-05 00:27:04,point,70.51646825396824,74.52965824664422,-50.15574685023076,-49.67781757455013
2025-11-05 00:27:04,point,70.01646825396824,74.66696151870151,-50.36455934398889,-49.43879644838144
2025-11-05 00:27:04,point,70.01646825396824,74.84901217638556,-50.306611903688236,-49.19069027226581
2025-11-05 00:27:04,point,70.01646825396824,75.0107651763234,-50.16409269593293,-48.94892583219492
2025-11-05 00:27:04,point,70.01646825396824,75.22050973460244,-50.0276197445423,-48.68744309132454
2025-11-05 00:27:05,point,70.01646825396824,75.42279348284636,-49.89223870143347,-48.43696639876349
2025-11-05 00:27:05,point,70.01646825396824,75.5361327288453,-49.73153240205532,-48.251587733778265
2025-11-05 00:27:05,point,70.01646825396824,75.5043360930627,-49.61652640215616,-48.15753348695781
2025-11-05 00:27:05,point,70.01646825396824,75.48151042949556,-49.54021547459878,-48.061916219416055
2025-11-05 00:27:05,point,70.01646825396824,75.43442951202172,-49.52829959984148,-47.96525805797961
2025-11-05 00:27:05,point,70.51646825396824,75.36592154363498,-49.557876463384574,-47.93076183619304
2025-11-05 00:27:05,point,69.26646825396824,75.33148402562591,-49.66286846880611,-47.88356520988187
2025-11-05 00:27:06,point,69.76646825396824,75.38321788970367,-49.63677528140085,-47.87389774212356
2025-11-05 00:27:06,point,69.76646825396824,75.34919432434239,-49.54541503151318,-47.93104409012274
2025-11-05 00:27:06,point,69.76646825396824,75.31329004993665,-49.5190634291074,-48.00194231172361
2025-11-05 00:27:06,point,69.86646825396824,75.31240984549417,-49.36212894102316,-48.13692352098027
2025-11-05 00:27:06,point,69.86646825396824,75.29805412826092,-49.277365673300736,-48.25998925488604
2025-11-05 00:27:06,point,69.96646825396824,75.28775067566882,-49.23957903472227,-48.43086365865216
2025-11-05 00:27:06,point,69.54980158730157,75.22282106850476,-49.24051821291488,-48.585045757324735
2025-11-05 00:27:06,point,69.54980158730157,75.1600712837035,-49.29721687551738,-48.68132481301714
2025-11-05 00:27:07,point,69.54980158730157,75.14248327549217,-49.38777877570335,-48.79216779761299
2025-11-05 00:27:07,point,69.54980158730157,75.06145816360534,-49.84503494792534,-48.92154449562814
2025-11-05 00:27:07,point,74.72916666666666,73.3569866494828,-52.42600070309464,-48.962134390838486
2025-11-05 00:27:07,point,89.80416666666666,70.67383872601143,-56.37660167209538,-48.093319220147706
2025-11-05 00:27:07,point,88.95833333333333,67.44703846853463,-60.91343951856001,-44.923522783800756
2025-11-05 00:27:07,point,74.04166666666667,64.46878294629009,-64.14435326567948,-37.84465031586207
2025-11-05 00:27:07,point,38.409523809523805,62.07769916740467,-62.63568395487826,-27.755625427412973
2025-11-05 00:27:07,grasp,49.666666666666664,59.62742535351405,-53.53589099071638,-17.476966789982413
2025-11-05 00:27:08,grasp,54.449999999999996,58.22927085395807,-40.7530686344446,-12.054388059214565
2025-11-05 00:27:08,grasp,42.00833333333333,57.72393387300148,-28.030208024597165,-13.083869560614291
2025-11-05 00:27:08,point,37.009523809523806,56.922487700488524,-16.174611122626484,-19.994512908508895
2025-11-05 00:27:08,point,35.30119047619046,55.3051930232448,-5.3123998304949005,-30.84876781029587
2025-11-05 00:27:08,point,47.409523809523805,53.307155465113624,3.2684113823042233,-37.96126340824148
2025-11-10 14:56:35,rest,88.90416666666665,-46.006215984928915,-43.44673075997395,-90.02555384071944
2025-11-10 14:56:35,rest,95.09166666666667,-66.74362195250347,-61.6739879835817,-125.7316240397196
2025-11-10 14:56:35,rest,97.66666666666667,-75.33438938966518,-69.92273946288263,-140.284060169387
2025-11-10 14:56:35,rest,98.16666666666667,-78.81760049134216,-73.97315001327371,-146.79355372225228
2025-11-10 14:56:35,rest,98.41666666666667,-80.12780699170844,-76.29372479139312,-150.2940292656636
2025-11-10 14:56:36,rest,98.91666666666667,-80.40189749407527,-78.07101562099147,-153.16753258867433
2025-11-10 14:56:36,rest,99.25,-80.85705705587137,-79.93389602009682,-156.39516703518285
2025-11-10 14:56:36,rest,99.25,-80.66485665820993,-81.24395604204616,-160.26572168636193
2025-11-10 14:56:36,rest,99.5,-80.32036942672428,-82.01086062595704,-164.48189376929287
2025-11-10 14:56:36,rest,99.5,-80.06878729638929,-82.14254427113332,-168.91022321791868
2025-11-10 14:56:36,rest,100.0,-80.14978358721774,-81.77937782824313,-173.13310601645554
2025-11-10 14:56:36,rest,100.0,-80.67071368292355,-81.16989613742248,-176.2540167866929
2025-11-10 14:56:36,rest,99.5,-81.06359815272577,-80.60646822128953,-178.50156988249137
2025-11-10 14:56:37,rest,99.5,-81.33280199692975,-80.15812111883562,35.923828213255135
2025-11-10 14:56:37,rest,98.75,-81.59424346164835,-79.86387764196962,121.26971378201162
2025-11-10 14:56:37,rest,98.5,-81.98758091757941,-79.81940051127417,155.51036444724735
2025-11-10 14:56:37,rest,98.5,-82.17654259715624,-79.91413580418913,169.58924777963253
2025-11-10 14:56:37,rest,98.0,-82.23397913086859,-80.12310047230687,175.6924149140668
2025-11-10 14:56:37,rest,98.0,-82.39408078030564,-80.30425736898509,-37.66131398277257
2025-11-10 14:56:37,rest,98.0,-82.55588399822676,-80.39141195141684,-122.8722608740369
2025-11-10 14:56:37,rest,98.0,-82.85460094471833,-80.39328108343328,-156.8474946438927
2025-11-10 14:56:37,rest,98.0,-82.89195970940449,-80.39420673317252,-170.35239351568714
2025-11-10 14:56:38,rest,98.0,-82.85405740665959,-80.41898921469979,-175.73618068775565
2025-11-10 14:56:38,rest,98.0,-82.73897486038273,-80.5075616941792,-177.85563945627655
2025-11-10 14:56:38,rest,99.0,-82.65101150906366,-80.58854152347206,-178.68902400061626
2025-11-10 14:56:38,rest,98.5,-82.56827152629171,-80.6226909267064,-179.08977516540762
2025-11-10 14:56:38,rest,98.25,-82.21810573960778,-80.35165700172544,36.06894377877275
2025-11-10 14:56:38,rest,98.25,-80.35177804566572,-79.65387878252787,121.85056385944468
2025-11-10 14:56:38,rest,98.0,-74.61625066094152,-78.02234385982253,-56.1047342323461
2025-11-10 14:56:38,rest,98.625,-62.98485778435989,-76.029931954439,-119.56267179459617
2025-11-10 14:56:39,rest,91.70833333333334,-40.373652441255885,-73.90359049270884,-123.69588640665481
2025-11-10 14:56:39,rest,86.19166666666666,-6.716179166677625,-71.87444436307663,-91.64172124921348
2025-11-10 14:56:39,rest,69.54166666666666,22.57184028807411,-70.22382469106032,-64.8560919902241
2025-11-10 14:56:39,rest,64.5625,41.57196586037338,-69.05128899113885,-50.16554357744204
2025-11-10 14:56:39,rest,64.37916666666666,51.98974438207789,-68.98190797452895,-42.76489769685517
2025-11-10 14:56:39,rest,67.66666666666667,57.700391426264915,-69.40909680454489,-39.491683844254766
2025-11-10 14:56:39,rest,66.83333333333334,60.59114654357123,-69.96548370895573,-38.163152304195414
2025-11-10 14:56:39,rest,67.5,62.244324323250794,-70.40538259634162,-37.62104627914384
2025-11-10 14:56:40,rest,72.16666666666666,63.6250826214131,-70.69626174133492,-37.25578606892874
2025-11-10 14:56:40,rest,75.51666666666668,65.35047194677904,-70.97717143153321,-36.6957197638651
2025-11-10 14:56:40,rest,77.51666666666667,67.2831239516098,-71.29990009587111,-35.87511926103956
2025-11-10 14:56:40,rest,79.91666666666666,69.28191047810887,-71.75202584499414,-34.87207838498663
2025-11-10 14:56:40,rest,80.95833333333333,71.35578547845404,-72.2686739675976,-33.71774267041383
2025-11-10 14:56:40,rest,79.58333333333333,73.32118434522307,-72.81065022141708,-32.5575283900053
2025-11-10 14:56:40,rest,82.35833333333333,74.8063995621754,-73.39177274120496,-31.512833562614208
2025-11-10 14:56:40,rest,84.85833333333333,75.70811733586973,-73.90348552986839,-30.758090435219444
2025-11-10 14:56:40,rest,84.35833333333333,76.3172913331137,-74.34988465913753,-30.167635407723303
2025-11-10 14:56:41,rest,84.85833333333333,76.70940585326002,-74.7053663910938,-29.59266359615531
2025-11-10 14:56:41,rest,85.10833333333333,76.83407210440348,-75.01633709334493,-29.14144603990762
2025-11-10 14:56:41,rest,85.85833333333333,76.96120346391245,-75.48123749314038,-28.51146533291925
2025-11-10 14:56:41,rest,85.23333333333333,77.55655750866157,-76.20499895403957,-27.331239676387348
2025-11-10 14:56:41,rest,88.65,78.3882779258906,-77.28025217726702,-25.588079751374472
2025-11-10 14:56:41,rest,89.9,79.3605333225151,-78.46980580684627,-23.681417818521304
2025-11-10 14:56:41,rest,93.625,80.42546629807332,-79.6228346539039,-22.018853241800585
2025-11-10 14:56:41,rest,98.25,81.44963923984174,-80.6934256909799,-20.39128687913589
2025-11-10 14:56:42,rest,98.375,82.4138107981383,-81.5817955520498,-19.04440717256317
2025-11-10 14:56:42,rest,97.75,83.15781430478978,-82.26910045141437,-18.24336413933755
2025-11-10 14:56:42,rest,98.25,83.70271365326204,-82.64175649289683,-17.85680498075192
2025-11-10 14:56:42,rest,97.75,83.9450294621549,-82.91444820960965,-17.694173308266265
2025-11-10 14:56:42,rest,97.625,83.9904180909209,-83.12428597263863,-17.56546315867124
2025-11-10 14:56:42,rest,97.125,84.03633455910054,-83.31882951815177,-17.48530264616503
2025-11-10 14:56:42,rest,97.625,83.93880871127939,-83.42641376877413,-17.394392860363894
2025-11-10 14:56:42,rest,96.0,83.69361963159815,-83.41325832645234,-17.380201062832487
2025-11-10 14:56:42,rest,95.5,83.43126089628916,-83.37993648810529,-17.49412540528056
2025-11-10 14:56:43,rest,95.75,83.31078502884603,-83.31595748801402,-17.673966592620385
2025-11-10 14:56:43,rest,95.75,83.20447640447986,-83.2132553231635,-17.89033287661444
2025-11-10 14:56:43,rest,95.75,83.11359531867016,-83.08897630164505,-18.15650068904343
2025-11-10 14:56:43,rest,95.75,82.99149184731456,-82.96855410538593,-18.400978999120035
2025-11-10 14:56:43,rest,95.375,81.56143427179663,-82.73676433070801,-18.352686789060538
2025-11-10 14:56:43,rest,97.125,77.80345396677477,-83.03755959997552,-21.32263321498069
2025-11-10 14:56:43,rest,96.83333333333333,68.18654363369649,-83.38486908834471,-30.632693391941537
2025-11-10 14:56:43,rest,95.00000000000001,29.85992111203369,-83.55399892951104,-63.963150517696846
2025-11-10 14:56:44,rest,95.75,-24.22639247360538,-83.74273316093355,-116.87172781157813
2025-11-10 14:56:44,rest,97.875,-54.58433408721139,-84.02109356805443,-148.26026478605357
2025-11-10 14:56:44,rest,94.375,-70.8526988727054,-84.50211771011956,-163.82266854246893
2025-11-10 14:56:44,rest,88.5625,-78.0394372386994,-84.44891473735333,-170.33667169000506
2025-11-10 14:56:44,rest,85.5625,-81.2953922393416,-84.31272366768131,-173.23711182503283
2025-11-10 14:56:44,rest,89.5625,-82.66567272514558,-84.38459246166664,-174.11937340911044
2025-11-10 14:56:44,rest,92.5625,-83.16026418307789,-84.59453791805713,-174.17689974815534
2025-11-10 14:56:45,rest,94.5625,-83.32945190883775,-84.81534879184247,-173.85761374073508
2025-11-10 14:56:45,rest,95.39583333333333,-83.24998296790434,-85.10139090111673,-173.4344723301412
2025-11-10 14:56:45,rest,96.39583333333333,-83.17582480849191,-85.29126781281701,-173.07649635883894
2025-11-10 14:56:45,rest,96.39583333333333,-83.04668479234402,-85.44326216017868,-172.7939904773874
2025-11-10 14:56:45,rest,96.39583333333333,-82.96251013376605,-85.56283365390209,-172.53767525429012
2025-11-10 14:56:45,rest,99.33333333333333,-82.82448073975908,-85.6673246544626,-172.28727812442446
2025-11-10 14:56:45,rest,100.0,-82.61515468104491,-85.68652881109924,-172.10912530843655
2025-11-10 14:56:45,rest,100.0,-82.61873639897448,-85.66924426204844,-171.93021981864058
2025-11-10 14:56:46,rest,100.0,-82.66265110841215,-85.6739975869556,-171.56009955391534
2025-11-10 14:56:46,rest,100.0,-82.73446181997701,-85.63334804372015,-171.21050113724382
2025-11-10 14:56:46,rest,100.0,-82.75568780321836,-85.54767338789563,-171.12589296475159
2025-11-10 14:56:46,rest,100.0,-82.5909648480207,-85.38291894895733,-171.14694795295748
2025-11-10 14:56:46,rest,100.0,-82.52268842304083,-85.35459497227984,-171.10548201318932
2025-11-10 14:56:46,rest,100.0,-82.61599260213092,-85.19362769012665,-171.1547930416123
2025-11-10 14:56:46,rest,100.0,-82.65612266403673,-85.11135648592574,-171.42323828059398
2025-11-10 14:56:46,rest,99.83333333333333,-82.52536680080098,-85.04915624361738,-171.73133327569764
2025-11-10 14:56:46,rest,99.33333333333333,-82.47879072480507,-85.17517147825238,-171.75773538459345
2025-11-10 14:56:47,rest,99.33333333333334,-82.49113128582432,-85.29037041672453,-171.68534329870772
2025-11-10 14:56:47,rest,98.33333333333333,-82.58687332901934,-85.42065962582146,-171.57034443525305
2025-11-10 14:56:47,rest,98.0,-82.49167935063392,-85.6079147192026,-171.4707309226032
2025-11-10 14:56:47,rest,98.0,-82.36591471744585,-85.78276788240491,-171.30090643358838
2025-11-10 14:56:47,rest,98.0,-82.47999696559282,-85.75185491080754,-171.275494213706
2025-11-10 14:56:47,rest,99.5,-82.47409930950917,-85.00337419037082,-170.782127881039
2025-11-10 14:56:47,rest,97.625,-82.70289331297278,-83.53876551092641,-170.7100679057562
2025-11-10 14:56:47,rest,80.70833333333334,-83.43566292058475,-81.12320476097432,-171.27631664517608
2025-11-10 14:56:47,rest,57.3392857142857,-84.24200886838776,-78.10298052811623,-171.9891491468643
2025-11-10 14:56:48,rest,46.41547619047619,-84.8694737055704,-74.77235941524853,-172.84386455466898
2025-11-10 14:56:48,rest,34.30952380952381,-85.37460426339194,-71.19091443635486,-173.5314942387427
2025-11-10 14:56:48,release,54.96785714285715,-85.87887119866082,-67.96500452484236,-174.85319130729886
2025-11-10 14:56:48,release,59.87619047619047,-84.79005706824181,-65.29111998864114,-174.70975444575888
2025-11-10 14:56:48,release,56.275000000000006,-82.97078845347593,-63.55947002612842,-173.88834813930532
2025-11-10 14:56:48,release,48.733333333333334,-80.88560701075413,-61.949045994689584,-172.53400681015995
2025-11-10 14:56:48,release,42.29166666666667,-78.62932195812891,-60.27899545246325,-170.49686023244192
2025-11-10 14:56:49,release,30.783333333333335,-76.26438964253174,-58.655428245305416,-167.92517831052947
2025-11-10 14:56:49,grasp,55.49404761904761,-73.88630734112414,-56.719507096823435,-164.9268830004025
2025-11-10 14:56:49,grasp,72.25,-73.11180997632758,-56.284098833600034,-162.9759137386626
2025-11-10 14:56:49,grasp,78.75,-72.46369850459232,-56.530440712087554,-161.087099050127
2025-11-10 14:56:49,grasp,82.2,-71.86173929994074,-57.196738686008295,-159.21753072139455
2025-11-10 14:56:49,grasp,83.25,-71.53147443145497,-57.666409919262605,-157.8393868972321
2025-11-10 14:56:49,grasp,83.25,-71.32441355197552,-57.856216875057285,-156.95351344219628
2025-11-10 14:56:49,grasp,83.25,-71.18266209658191,-57.91944459630005,-156.2295874439215
2025-11-10 14:56:49,grasp,83.25,-70.94474338088355,-57.85437711710929,-155.6815733417322
2025-11-10 14:56:50,grasp,83.25,-70.72998004461515,-57.76371258537267,-155.08060678780052
2025-11-10 14:56:50,grasp,82.75,-70.59182436738242,-57.66436917778764,-154.7759933552068
2025-11-10 14:56:50,grasp,84.33333333333333,-70.43815935882749,-57.60386821909067,-154.2773715575152
2025-11-10 14:56:50,grasp,85.83333333333333,-70.24988792678963,-57.58905599602193,-153.6207975194342
2025-11-10 14:56:50,grasp,85.83333333333333,-70.04791354660384,-57.55093578670873,-152.9206865842845
2025-11-10 14:56:50,grasp,84.33333333333333,-69.96944324942487,-57.513327288309874,-152.5165046864366
2025-11-10 14:56:50,grasp,79.7,-69.64273371631826,-57.29232215847713,-151.98748165871888
2025-11-10 14:56:51,grasp,41.541666666666664,-70.86419871700184,-58.82194406910012,-153.51633247569677
2025-11-10 14:56:51,release,32.05714285714286,-72.62632680294328,-60.55643269871736,-156.1713880750126
2025-11-10 14:56:51,release,41.45,-74.55033705946603,-61.91221586844024,-159.44964782549195
2025-11-10 14:56:51,release,62.69166666666667,-76.45908149775521,-62.97924421779436,-163.0384141677995
2025-11-10 14:56:51,release,72.27619047619046,-78.24774722835434,-63.841498196450914,-166.3315808682986
2025-11-10 14:56:51,release,69.7718253968254,-80.58794399622614,-64.79459304125089,-170.31291408019746
2025-11-10 14:56:51,release,73.1051587301587,-81.64737068293697,-64.97977461126918,-172.26922658008723
2025-11-10 14:56:51,release,74.52182539682539,-82.08843359825761,-64.97343798975422,-173.04612258204418
2025-11-10 14:56:51,release,73.73015873015872,-82.3175527563937,-64.81313636939312,-173.21688468988276
2025-11-10 14:56:52,release,71.81349206349206,-82.53896152434406,-64.67925934752299,-173.13636897393178
2025-11-10 14:56:52,release,70.18849206349206,-82.78017959268325,-64.5241800336969,-173.06970459854682
2025-11-10 14:56:52,release,69.05515873015875,-82.74539407572388,-64.46039802881556,-172.75865879738453
2025-11-10 14:56:52,release,69.05515873015874,-82.65551808849293,-64.4899424654968,-172.55000390895827
2025-11-10 14:56:52,release,50.319047619047616,-81.39548909441935,-64.68215145440288,-168.71290059816317
2025-11-10 14:56:52,release,42.61785714285714,-79.61482801924453,-65.56525403325763,-167.7588343868228
2025-11-10 14:56:52,release,37.71666666666666,-77.30180002066177,-66.60702400055094,-168.78241709317885
2025-11-10 14:56:52,point,31.14047619047619,-74.74837834740714,-67.50408120839248,-171.2471837399263
2025-11-10 14:56:53,grasp,73.7,-72.03380632821838,-68.1249981331442,-175.05323349428608
2025-11-10 14:56:53,grasp,75.33333333333334,-69.09647265953951,-67.76180575478209,36.192202014233644
2025-11-10 14:56:53,grasp,68.55,-68.23672404847528,-67.54254802496354,111.78519147485034
2025-11-10 14:56:53,grasp,67.86666666666667,-68.17007803962852,-66.43676285340476,140.1903633585489
2025-11-10 14:56:53,grasp,68.11666666666667,-68.56991776324054,-65.42887208691457,150.95563960780362
2025-11-10 14:56:53,grasp,68.11666666666667,-68.9913138376512,-64.99480635669356,155.10206402814748
2025-11-10 14:56:53,grasp,68.11666666666667,-69.35654845632888,-64.76463961202441,156.7453889564082
2025-11-10 14:56:53,grasp,69.36666666666667,-70.2717938442279,-64.41174125841736,157.55259756081617
2025-11-10 14:56:53,grasp,69.73214285714285,-73.10923565715883,-67.28022357921967,160.70144448749065
2025-11-10 14:56:54,grasp,46.95892857142857,-75.21801535117957,-71.12348905349685,164.73251608961357
2025-11-10 14:56:54,pinch,46.40952380952382,-76.8974762027035,-74.78031140534745,168.71520281012732
2025-11-10 14:56:54,pinch,44.833333333333336,-78.22950210185861,-77.7994324559684,172.713382722777
2025-11-10 14:56:54,rest,53.91666666666667,-79.34814947876706,-80.15036522902534,176.55630040729903
2025-11-10 14:56:54,rest,85.70833333333333,-79.88456858381161,-82.10662089413921,-35.951627154711474
2025-11-10 14:56:54,rest,93.25,-79.0068882928222,-83.74394245723302,-120.54172781856069
2025-11-10 14:56:54,rest,92.91666666666667,-78.58482287212061,-84.68294506281552,-154.2201198690358
2025-11-10 14:56:54,rest,93.41666666666667,-78.41003329177072,-85.08823827785594,-167.49619585056354
2025-11-10 14:56:55,rest,96.5,-78.33973628205337,-85.23498346381707,-172.56635106075626
2025-11-10 14:56:55,rest,97.0,-78.38802951544099,-85.24412417609923,-174.4508499104411
2025-11-10 14:56:55,rest,98.0,-78.5634310252957,-85.23011009591491,-175.0198389746584
2025-11-10 14:56:55,rest,98.0,-78.56139262048457,-85.17598971520233,-175.16631750415326
2025-11-10 14:56:55,rest,99.0,-78.71053285392199,-84.97908406081572,-175.28930083615427
2025-11-10 14:56:55,rest,98.5,-79.05738633894792,-84.65236355665202,-175.50081840612467
2025-11-10 14:56:55,rest,95.125,-79.36272735706953,-83.77787823017077,-176.07910359422263
2025-11-10 14:56:55,rest,71.04166666666666,-79.09757815114284,-82.36802786331631,-175.82574055894077
2025-11-10 14:56:56,rest,36.725,-78.73668131326359,-80.43672927181957,-175.28128877172693
2025-11-10 14:56:56,point,53.38571428571428,-78.47340697480195,-77.88094560602302,-174.41371456733185
2025-11-10 14:56:56,point,86.29166666666667,-78.19055537875977,-74.57168618506489,-173.18231544464072
2025-11-10 14:56:56,point,99.16666666666666,-77.58871125138194,-69.99326436369248,-171.6916268952278
2025-11-10 14:56:56,point,98.91666666666666,-77.05347317720292,-66.62035256946464,-169.98701341332648
2025-11-10 14:56:56,point,98.91666666666666,-77.06250472663118,-65.29941399104354,-169.19736992065236
2025-11-10 14:56:56,point,98.91666666666666,-76.9093262500131,-64.78901148187771,-168.61569883205374
2025-11-10 14:56:56,point,98.91666666666667,-76.8021086421169,-64.5694102222611,-168.20750247993115
2025-11-10 14:56:57,point,98.91666666666666,-76.5396908861351,-64.4291442123574,-167.85364624657737
2025-11-10 14:56:57,point,99.66666666666666,-76.34819181222012,-64.06803445813044,-167.32385810125976
2025-11-10 14:56:57,point,100.0,-74.13502719829228,-59.451960571730254,-162.39995910422346
2025-11-10 14:56:57,point,100.0,-69.35772209244399,-53.63483398691683,-150.5077857741797
2025-11-10 14:56:57,point,100.0,-61.62832601210627,-47.5360378444626,-135.04408804767164
2025-11-10 14:56:57,point,97.88333333333334,-47.97407537939233,-41.34101429172443,-118.46617638071851
2025-11-10 14:56:57,point,99.3,-25.863607980412844,-35.129871068530406,-103.66049837256622
2025-11-10 14:56:57,point,100.0,1.3225984657063918,-29.07507548194411,-91.79664122199031
2025-11-10 14:56:58,point,99.83333333333333,15.268385577516021,-26.637950996138382,-86.31955713873408
2025-11-10 14:56:58,point,99.83333333333333,21.10082229963213,-25.441163232225783,-84.12278965457928
2025-11-10 14:56:58,point,99.83333333333333,22.430483521770185,-24.57293230770214,-83.59288802673026
2025-11-10 14:56:58,point,100.0,20.014946238740507,-24.499247657386917,-83.96159595383044
2025-11-10 14:56:58,point,100.0,1.7797728099872625,-27.515864613723828,-89.81640903496445
2025-11-10 14:56:58,point,97.38333333333334,-18.830437323111028,-33.218444134885296,-98.85508124648973
2025-11-10 14:56:58,point,98.38333333333334,-35.71239074094132,-40.189011054685444,-110.73584457664711
2025-11-10 14:56:58,point,100.0,-48.3170722196856,-47.614519841410214,-125.18255905848658
2025-11-10 14:56:59,point,99.5,-57.36271489203904,-55.099303521143966,-140.5173200338445
2025-11-10 14:56:59,point,98.79166666666666,-64.3254910726638,-62.604685470711495,-151.71185291813393
2025-11-10 14:56:59,point,98.66666666666667,-67.42460203649827,-66.35702630480415,-156.7212500953654
2025-11-10 14:56:59,point,98.91666666666666,-68.99138980288686,-67.5029810226921,-158.78926968759353
2025-11-10 14:56:59,point,99.41666666666666,-69.93829239511444,-67.5197994990599,-159.1591837450107
2025-11-10 14:56:59,point,99.41666666666666,-70.72180813501583,-67.18125902966341,-159.44771738712083
2025-11-10 14:56:59,point,99.16666666666666,-70.98863143375313,-67.5307224217921,-159.86546083436536
2025-11-10 14:56:59,point,98.66666666666666,-70.53737924358373,-69.19445465238573,-158.6524065199285
2025-11-10 14:57:00,point,98.16666666666666,-69.64813989837631,-71.92055706776976,-155.42604554175574
2025-11-10 14:57:00,point,97.91666666666666,-68.33582809290169,-75.37195264013059,-150.31845795544456
2025-11-10 14:57:00,point,97.48095238095237,-66.45915583630745,-78.39096504116293,-143.90565774762916
2025-11-10 14:57:00,point,95.98095238095237,-64.59831142449951,-79.99621951125222,-137.0604398327474
2025-11-10 14:57:00,point,95.00595238095237,-63.009684550484174,-79.83886292374164,-130.42914640097425
2025-11-10 14:57:00,point,93.83333333333333,-61.76738283161823,-79.10586380594287,-125.9379031927412
2025-11-10 14:57:00,point,93.83333333333333,-60.87853586852601,-78.49116030493612,-123.28278313191572
2025-11-10 14:57:00,point,93.83333333333333,-60.710824592659286,-78.38806805443176,-121.98797521777396
2025-11-10 14:57:00,point,93.83333333333333,-61.17303691349124,-78.66544062941314,-121.90746017953924
2025-11-10 14:57:01,point,94.42261904761904,-61.574695887914615,-79.16957945052664,-122.35825569398611
2025-11-10 14:57:01,point,95.17261904761904,-63.533514420549494,-79.8466198241849,-124.93456557981267
2025-11-10 14:57:01,point,96.63095238095237,-65.78002010522576,-79.4351863003036,-129.64654847502
2025-11-10 14:57:01,point,96.96666666666667,-67.93455109093398,-77.68396074798093,-135.40868102183873
2025-11-10 14:57:01,point,99.16666666666666,-69.4972309049774,-74.99187788641603,-141.91930734276258
2025-11-10 14:57:01,point,99.16666666666666,-71.00125244199408,-71.36673392550068,-148.57458522409695
2025-11-10 14:57:01,point,99.16666666666666,-72.18438182939803,-67.59111426767298,-155.04177872621594
2025-11-10 14:57:01,point,99.16666666666666,-72.32330927592454,-65.3080508803613,-159.7234814400983
2025-11-10 14:57:02,point,99.16666666666666,-72.31263002463902,-64.21506355247355,-161.96897946681202
2025-11-10 14:57:02,point,99.16666666666666,-72.29091565714997,-63.59368664347843,-162.75598144116697
2025-11-10 14:57:02,point,99.16666666666666,-72.43224787753651,-63.16813304127798,-163.11096414787016
2025-11-10 14:57:02,point,99.16666666666666,-72.34821306227936,-62.99929634553517,-163.1760732007436
2025-11-10 14:57:02,point,99.16666666666666,-72.18074968396706,-62.94949760288638,-163.05547360013972
2025-11-10 14:57:02,point,99.16666666666666,-72.34594551268933,-62.543737758673934,-163.0292667111102
2025-11-10 14:57:02,point,98.26666666666667,-72.66262861544537,-61.84118891451831,-163.2531536955408
2025-11-10 14:57:14,point,94.51666666666665,-72.08651127207146,-58.75195957553026,-160.2831094689376
2025-11-10 14:57:14,point,75.49999999999999,-71.06665860903453,-54.838624409005824,-157.47183327334926
2025-11-10 14:57:14,point,60.74880952380952,-69.64837468887549,-50.48813385358875,-155.34600830948017
2025-11-10 14:57:14,grasp,60.25297619047618,-68.02701349978327,-46.18513500557743,-153.45740484711675
2025-11-10 14:57:15,grasp,78.76547619047619,-65.8434709209041,-42.35745989422557,-152.12032306947694
2025-11-10 14:57:15,grasp,84.94999999999999,-63.06156764510365,-39.43741160503006,-150.44593865443073
2025-11-10 14:57:15,grasp,91.1,-61.66757148067417,-38.641751764680635,-152.47899589926618
2025-11-10 14:57:15,grasp,90.76666666666665,-60.884994492690865,-38.528487683685654,-154.6427485775625
2025-11-10 14:57:15,grasp,89.93333333333334,-60.509585338055196,-38.86332654799138,-155.54540751981529
2025-11-10 14:57:15,grasp,89.60000000000001,-60.415959813504585,-39.45726746848653,-156.55180070200532
2025-11-10 14:57:15,grasp,88.87083333333334,-60.59161313271834,-40.22342211195118,-156.96316275863313
2025-11-10 14:57:15,grasp,86.67916666666667,-60.73407474260158,-41.12727463142088,-156.72726103412418
2025-11-10 14:57:15,grasp,86.05416666666667,-60.60130279047191,-42.01776737396146,-156.48790864235553
2025-11-10 14:57:16,grasp,84.9375,-60.39327024127124,-42.85701362314782,-156.3771504857895
2025-11-10 14:57:16,grasp,84.1875,-60.3697463551989,-43.76514687785718,-157.2116096419715
2025-11-10 14:57:16,grasp,84.85416666666667,-60.26819430125982,-44.56376409238388,-157.5230722071765
2025-11-10 14:57:16,grasp,84.52083333333333,-60.27747898746753,-45.11117474338883,-157.9687941830408
2025-11-10 14:57:16,grasp,81.4125,-60.221357062742825,-45.6564682387658,-156.86675557238857
2025-11-10 14:57:16,grasp,85.42083333333333,-62.3299885821218,-48.558563754302284,-156.7219479361806
2025-11-10 14:57:16,grasp,85.02083333333334,-66.07241882194421,-52.086492933306026,-156.92197492558745
2025-11-10 14:57:16,grasp,84.52083333333334,-70.48829487882617,-55.30491933301391,-156.3635655304489
2025-11-10 14:57:17,grasp,82.94583333333331,-75.15913470389026,-57.16335028148303,-156.07544882492596
2025-11-10 14:57:17,grasp,80.20416666666665,-79.44901197546497,-56.94708350045978,-155.19140931644844
2025-11-10 14:57:17,grasp,81.6125,-83.54606522937223,-54.25345204729538,-155.4059212508609
2025-11-10 14:57:17,grasp,83.02916666666667,-86.36988348211466,-51.218163473091906,-155.39350213314208
2025-11-10 14:57:17,grasp,81.90416666666667,-88.01178756803708,-49.535054637717124,-155.22853364596796
2025-11-10 14:57:17,grasp,81.90416666666667,-89.02523980830918,-48.532100987817614,-155.65471404098585
2025-11-10 14:57:18,grasp,83.05416666666666,-89.81963719606532,-47.67171116410158,-156.20695406023216
2025-11-10 14:57:18,grasp,85.28333333333333,-90.59139334798242,-46.5718580260361,-157.63181082672025
2025-11-10 14:57:18,grasp,85.95,-91.52711435954646,-44.858917971503885,-159.52277479675956
2025-11-10 14:57:18,grasp,89.36666666666666,-92.44099815180067,-42.57047745018138,-161.05706523030076
2025-11-10 14:57:18,grasp,90.45,-93.31995490085617,-40.05288351650454,-162.30400588979273
2025-11-10 14:57:18,grasp,88.53214285714286,-94.05134665731683,-37.47035486870698,-163.49433013013814
2025-11-10 14:57:18,grasp,82.69880952380952,-94.66296712104739,-35.07323049477182,-164.1817198123064
2025-11-10 14:57:18,grasp,80.09166666666667,-95.19732044556491,-33.50781612344038,-164.26651464352489
2025-11-10 14:57:18,grasp,80.94880952380952,-95.27487383850351,-33.32272848128768,-164.22515245296114
2025-11-10 14:57:19,grasp,84.32380952380952,-95.13167466032766,-34.29514803875504,-163.9941440484054
2025-11-10 14:57:19,grasp,84.71666666666667,-94.63314338401734,-35.700702987285055,-163.4730652236713
2025-11-10 14:57:19,grasp,89.7,-93.86601424456762,-37.497399207285696,-162.36970711638756
2025-11-10 14:57:19,grasp,89.03333333333333,-92.70933250371516,-40.96134496433383,-162.02304421608318
2025-11-10 14:57:19,grasp,92.61666666666666,-88.69144411344269,-46.25625677511629,-158.46768139171925
2025-11-10 14:57:19,grasp,94.74999999999999,-82.9502047465937,-47.469998005556135,-153.10606535691073
2025-11-10 14:57:19,grasp,93.2440476190476,-75.02197400735517,-44.16598334968063,-146.65595128623949
2025-11-10 14:57:19,grasp,95.07738095238095,-65.05089178503381,-38.660638790008925,-139.5832171957657
2025-11-10 14:57:20,grasp,98.66071428571428,-54.18341963298981,-33.20577766145872,-133.07542112183526
2025-11-10 14:57:20,grasp,97.41071428571429,-43.68663471906582,-28.79065528520905,-126.33538472057977
2025-11-10 14:57:20,grasp,95.375,-41.84523329850455,-27.847541208605296,-127.12707029785133
2025-11-10 14:57:20,grasp,93.10833333333333,-44.34727666476352,-29.07843343302895,-132.32205447406517
2025-11-10 14:57:20,grasp,91.81666666666666,-48.719028544461636,-30.905491035490225,-139.14999203449855
2025-11-10 14:57:20,grasp,86.85833333333333,-53.05429590214006,-32.98259944307172,-146.41985872578692
2025-11-10 14:57:20,grasp,82.69166666666666,-56.23644842006611,-35.066556265230744,-152.77461855039593
2025-11-10 14:57:20,grasp,80.00714285714287,-58.35393326317566,-36.956810236200596,-158.87157929217193
2025-11-10 14:57:20,grasp,76.02380952380952,-59.62169666799367,-39.279787990540655,-165.6507939529126
2025-11-10 14:57:21,grasp,78.7779761904762,-59.13229674369785,-41.866579396240816,-171.5118153665039
2025-11-10 14:57:21,grasp,61.87777777777777,-57.48339014038311,-44.56164408990114,-176.52550619767834
2025-11-10 14:57:21,point,48.957142857142856,-56.35407590183738,-47.25414809809256,36.00825786827275
2025-11-10 14:57:21,point,57.813095238095244,-56.079558814507024,-49.40969712726263,121.87207760472286
2025-11-10 14:57:21,point,51.173809523809524,-58.933351517060444,-44.33019731789422,-58.64795112450622
2025-11-10 14:57:21,point,48.955555555555556,-61.80989765619114,-31.223643505867877,-128.70754800543057
2025-11-10 14:57:21,point,69.55833333333334,-64.99795833730666,-14.749348360019667,-154.81104297635648
2025-11-10 14:57:21,point,74.47857142857143,-67.99966070005966,0.9853969389553701,-163.98572991660825
2025-11-10 14:57:22,point,68.29880952380952,-70.05050007608783,13.567011411048831,-167.1637754879293
2025-11-10 14:57:22,point,60.90714285714285,-71.43733686910099,23.029265378645547,-168.48813126769366
2025-11-10 14:57:22,point,64.24047619047619,-72.11512180271265,26.605245245376018,-168.15873315385014
2025-11-10 14:57:22,point,67.34047619047618,-73.05156868867361,26.489529919075135,-166.9814552583361
2025-11-10 14:57:22,point,71.7904761904762,-73.71987173676014,21.914107415330292,-164.75059519755615
2025-11-10 14:57:22,point,65.96666666666667,-72.76519435714782,10.569338948001395,-162.88017163512245
2025-11-10 14:57:22,point,53.15833333333333,-70.66924286709784,-4.4051173720397,-161.9499851339673
2025-11-10 14:57:22,point,51.49166666666666,-67.84279249388278,-20.589937974457147,-162.4271422729664
2025-11-10 14:57:23,point,61.3654761904762,-63.412036983025814,-36.76854830765151,-163.1748449146903
2025-11-10 14:57:23,point,59.94761904761905,-55.58381545484647,-48.23056376433996,-161.04392231970257
2025-11-10 14:57:23,point,72.82261904761904,-45.80043203169437,-51.131518128406256,-149.85672585067184
2025-11-10 14:57:23,point,77.71428571428571,-39.937064489851444,-46.29258516817734,-134.92011731589156
2025-11-10 14:57:23,point,88.35714285714286,-33.80579691103286,-39.12353018468742,-120.99060212974254
2025-11-10 14:57:23,point,88.06547619047619,-33.78949866664005,-36.41707611265753,-118.84560878486174
2025-11-10 14:57:23,point,81.10714285714286,-36.11871208013183,-35.013025832594714,-122.3948427144573
2025-11-10 14:57:24,point,79.33095238095238,-41.67231439816938,-34.67565860781296,-134.9548730538315
2025-11-10 14:57:24,point,74.08928571428571,-47.48072947777464,-39.40278762988738,-157.63444870034672
2025-11-10 14:57:24,point,68.44047619047619,-55.674388111670105,-46.85939704707111,41.69366639336459
2025-11-10 14:57:24,point,71.29761904761905,-64.88543928582742,-54.574169257574184,120.04904290449248
2025-11-10 14:57:24,point,83.27380952380953,-76.42823824823007,-55.26503976595603,154.65821717119348
2025-11-10 14:57:24,point,87.375,-85.76179064121325,-46.74957711055286,-42.00460984178141
2025-11-10 14:57:24,point,88.45,-92.86829114701956,-36.807754738952,-114.45887286760339
2025-11-10 14:57:24,point,91.40833333333335,-97.94080140730256,-28.593126120203515,-138.40827628129466
2025-11-10 14:57:25,point,92.36666666666667,-101.43387095502266,-23.403531559314562,-144.69356515043444
2025-11-10 14:57:25,point,92.74166666666667,-99.56834292698211,-23.81618286111181,-149.62388893145226
2025-11-10 14:57:25,point,91.86666666666667,-94.54060354823997,-30.75888989440036,-151.88859322440254
2025-11-10 14:57:25,point,84.03333333333333,-89.62429376048652,-41.271033933892596,-154.59247163961118
2025-11-10 14:57:25,point,70.66666666666667,-84.30002399603539,-49.79851260404064,-158.98195368636974
2025-11-10 14:57:25,grasp,65.07777777777778,-78.56369206730496,-55.192502375980226,-165.49088505873382
2025-11-10 14:57:25,grasp,69.02499999999999,-73.16621121064962,-57.057288719682326,40.64939484088876
2025-11-10 14:57:25,grasp,51.43472222222223,-67.29171159773938,-57.95959568330465,117.8249129620308
2025-11-10 14:57:25,grasp,46.14583333333333,-64.42254578455695,-59.28590005279533,149.98978239931904
2025-11-10 14:57:26,pinch,33.24464285714285,-63.92064026993799,-59.786785677781424,165.82656134396296
2025-11-10 14:57:26,pinch,42.83571428571428,-64.7473991094256,-59.26638646847563,173.6892097816264
2025-11-10 14:57:26,pinch,34.60833333333334,-66.72682665038535,-57.92841948066388,-37.19988219675018
2025-11-10 14:57:26,release,57.5595238095238,-68.21663365878126,-56.27764705548002,-119.14748136687979
2025-11-10 14:57:26,release,72.26547619047619,-69.74539991231623,-54.639978369388515,-149.94291893879517
2025-11-10 14:57:26,release,86.69563492063493,-70.08848161460347,-52.17510819668065,-162.60186529021644
2025-11-10 14:57:26,release,90.62619047619049,-69.76822508921234,-50.09501515967993,-168.19768308445703
2025-11-10 14:57:26,release,89.84880952380954,-69.50102701011618,-48.66716773545585,-169.6486516888915
2025-11-10 14:57:27,release,86.39880952380952,-69.0523725692593,-47.93807095372577,-169.28077798630693
2025-11-10 14:57:27,release,77.89880952380953,-68.83234600222538,-47.69889846451575,-169.16308974267648
2025-11-10 14:57:27,release,67.7154761904762,-68.67613030100523,-47.56812059524054,-169.27125533679276
2025-11-10 14:57:27,release,57.32380952380952,-68.41508055631742,-47.33356121434619,-169.5627558355062
2025-11-10 14:57:27,release,47.15714285714286,-68.12759782206598,-47.09971166038623,-169.86183444092637
2025-11-10 14:57:27,release,39.267857142857146,-67.87938390459597,-46.981466860604165,-170.35082813057372
2025-11-10 14:57:27,release,36.517857142857146,-67.6988069256617,-46.79834384460332,-171.0510063005264
2025-11-10 14:57:27,release,34.18452380952381,-67.56477182112718,-46.59794525335354,-171.60069074998563
2025-11-10 14:57:28,release,35.18452380952381,-67.48456321801825,-46.3749521157016,-172.20535363388163
2025-11-10 14:57:28,release,35.68452380952381,-67.45253021910105,-46.22169298759442,-172.30938175020407
2025-11-10 14:57:28,release,36.18452380952381,-67.4424453075825,-46.13037201837669,-172.3717566231993
2025-11-10 14:57:28,release,36.68452380952381,-67.48453367482256,-45.93280041484095,-172.51352539814928
2025-11-10 14:57:28,release,35.43452380952381,-67.58759670420076,-46.07475884027514,-172.62510952089545
2025-11-10 14:57:28,release,34.267857142857146,-67.60192021065924,-47.08169736877113,-172.3225344070765
2025-11-10 14:57:28,pinch,32.43789682539682,-67.4813965189792,-47.945393348630915,-171.94743654905767
2025-11-10 14:57:28,pinch,30.116071428571423,-67.39454161950192,-48.64805381872584,-172.0655210628281
2025-11-10 14:57:29,point,29.058333333333337,-66.67486429380759,-49.80879976509317,-172.93834929306877
2025-11-10 14:57:29,point,37.34047619047619,-65.49043404209655,-52.09941860645041,-174.855186250965
2025-11-10 14:57:29,point,30.31428571428572,-63.9438895784401,-54.537246109402275,-177.57277738111236
2025-11-10 14:57:29,grasp,32.87499999999999,-62.37723346386038,-56.654321059209074,35.255818313484426
2025-11-10 14:57:29,pinch,40.6422619047619,-61.46778516662417,-59.968208305441536,116.5223845521198
2025-11-10 14:57:29,pinch,51.525595238095235,-60.95193611617753,-63.30926414734294,145.09393552331886
2025-11-10 14:57:29,pinch,65.5797619047619,-61.45564737421476,-66.26568388530988,154.32538099526187
2025-11-10 14:57:29,pinch,81.63333333333334,-62.49509083204994,-68.593429015785,157.0037033899465
2025-11-10 14:57:30,pinch,93.43452380952381,-63.753477619672864,-70.52775188772762,157.1701936602044
2025-11-10 14:57:30,pinch,95.65119047619048,-64.85854034986161,-71.90397672156466,156.05576184549216
2025-11-10 14:57:30,pinch,95.31785714285715,-65.23585560448515,-72.59202754618536,155.6853178931324
2025-11-10 14:57:30,pinch,96.31785714285715,-65.18805085445366,-73.01287358968017,155.8748638488551
2025-11-10 14:57:30,pinch,95.65119047619048,-65.14677261764672,-73.18440952134854,156.09086207959655
2025-11-10 14:57:30,pinch,95.15119047619048,-65.10740703759986,-73.23165955934017,156.2106892562395
2025-11-10 14:57:30,pinch,95.15119047619048,-65.0480883923041,-73.25111527609131,156.2521892586826
2025-11-10 14:57:30,pinch,95.35119047619048,-65.13316276234245,-73.2420482681803,156.3681449052733
2025-11-10 14:57:30,pinch,95.93452380952381,-65.3240153128832,-73.24040832961732,156.51583252950564
2025-11-10 14:57:31,pinch,96.95833333333333,-65.4579116985194,-73.22827973471168,156.84359649891132
2025-11-10 14:57:31,pinch,98.70833333333333,-65.48412956194426,-73.07806043049395,157.15768151786395
2025-11-10 14:57:31,pinch,96.68452380952381,-65.62104163688396,-72.6337842772437,157.1659186552253
2025-11-10 14:57:31,pinch,95.35119047619047,-65.53537428410812,-71.822820135283,157.57317595957954
2025-11-10 14:57:31,pinch,91.64285714285714,-64.9639782574949,-70.80362048133438,157.64752198912302
2025-11-10 14:57:31,pinch,84.375,-64.28719714682892,-69.60001260090317,157.35595308180993
2025-11-10 14:57:31,pinch,80.23214285714285,-63.73404666344867,-68.20714436628151,156.73569085700439
2025-11-10 14:57:31,pinch,75.89642857142857,-63.36142979359361,-66.82682739639807,156.09169596455638
2025-11-10 14:57:32,pinch,73.94642857142857,-62.845289290678906,-65.62965376079568,155.87344543307452
2025-11-10 14:57:32,pinch,74.57142857142857,-62.51890631821838,-64.85377674602182,155.17085637049746
2025-11-10 14:57:32,pinch,74.94642857142857,-62.691373046836546,-64.42046335690556,154.88787492167967
2025-11-10 14:57:32,pinch,75.61309523809523,-62.8921820220519,-64.19238574561591,155.09687507034496
2025-11-10 14:57:32,pinch,76.36309523809523,-62.803716592134506,-63.97543912510342,155.48188949784154
2025-11-10 14:57:32,pinch,76.36309523809523,-62.424075162295566,-63.7763392571822,155.69446474282648
2025-11-10 14:57:32,pinch,75.86309523809523,-62.010820381035224,-63.61521230971411,155.75933472933286
2025-11-10 14:57:32,pinch,75.64880952380953,-61.510292930718805,-63.44043281495162,155.99307434515754
2025-11-10 14:57:33,pinch,76.64880952380953,-60.82713076798019,-63.19199393542292,156.01510217404558
2025-11-10 14:57:33,pinch,76.64880952380952,-60.07835182344384,-62.91184810660454,155.9591796267626
2025-11-10 14:57:33,pinch,77.01547619047618,-59.415586867375,-62.71913738595978,155.99325513378886
2025-11-10 14:57:33,pinch,79.18214285714285,-58.94508863023677,-62.57405403684631,156.39032060332036
2025-11-10 14:57:33,pinch,79.84880952380952,-58.537034899288244,-62.48894253076871,156.8503637537333
2025-11-10 14:57:33,pinch,83.01547619047619,-58.378517567396855,-62.39854492889907,157.2320816358796
2025-11-10 14:57:33,pinch,82.9154761904762,-58.29317512305634,-62.37583746636886,157.84366736080153
2025-11-10 14:57:33,pinch,84.7904761904762,-58.38036702938973,-62.39151757555072,158.2768577141902
2025-11-10 14:57:33,pinch,85.44047619047619,-58.48283001542973,-62.39365711993042,158.51952021218824
2025-11-10 14:57:34,pinch,85.69047619047619,-58.59737072670919,-62.34493483473563,158.63968317438525
2025-11-10 14:57:34,pinch,83.0404761904762,-59.35169437968633,-63.454898255217806,159.0844807547552
2025-11-10 14:57:34,pinch,77.89166666666667,-59.98258283051294,-64.77590790461099,160.04409407998745
2025-11-10 14:57:34,pinch,73.80833333333334,-59.62342399103726,-66.13981602971293,160.70857985602208
2025-11-10 14:57:34,pinch,71.04583333333333,-59.99756938537793,-67.36585593657452,161.29189998258428
2025-11-10 14:57:34,pinch,58.07916666666666,-60.86600466150056,-69.31915300667944,162.26417966756452
2025-11-10 14:57:34,pinch,54.58749999999999,-61.66117408026788,-71.1089958974947,163.18415246800674
2025-11-10 14:57:34,pinch,55.004166666666656,-62.04053421168071,-72.32879140902942,163.8250922875868
2025-11-10 14:57:35,pinch,52.7125,-62.167396192250855,-73.22770556625245,163.68844216620084
2025-11-10 14:57:35,pinch,54.712499999999984,-63.665784122164,-73.91708773082392,163.3735289337997
2025-11-10 14:57:35,pinch,52.087499999999984,-64.28574563259849,-74.1907211632598,162.88732097334002
2025-11-10 14:57:35,pinch,51.25416666666667,-64.5902920467403,-74.22590280965922,162.20400916554365
2025-11-10 14:57:35,pinch,49.79583333333333,-64.79626201458072,-74.4701361528012,161.8685652023533
2025-11-10 14:57:35,pinch,49.29583333333333,-64.48921628526409,-74.0277073052157,161.3899817464893
2025-11-10 14:57:35,pinch,49.04583333333333,-64.31144959053685,-73.7798959078988,160.71607457515967
2025-11-10 14:57:35,pinch,47.87916666666666,-63.76494921642749,-73.2517319711321,160.07451220354383
2025-11-10 14:57:36,pinch,46.04583333333333,-63.89127663680067,-73.58412534366973,159.69566587687206
2025-11-10 14:57:36,pinch,47.7125,-63.68487112454618,-73.10931051301276,159.08933071161727
2025-11-10 14:57:36,pinch,48.11249999999999,-64.0914668349519,-72.91120779296804,158.45258200722907
2025-11-10 14:57:36,pinch,50.129166666666656,-64.42683258798061,-72.73187517396332,157.94844076013632
2025-11-10 14:57:36,pinch,45.2375,-62.87149304642429,-72.97680885093692,159.7701083485569
2025-11-10 14:57:36,pinch,38.583333333333336,-61.3715785198088,-73.34499356060607,162.78246985217623
2025-11-10 14:57:36,pinch,38.891666666666666,-58.60597646077821,-73.37217547585908,165.9632320786813
2025-11-10 14:57:36,pinch,43.81428571428572,-56.329650968464925,-73.81695986087544,169.42809900238933
2025-11-10 14:57:37,pinch,53.28095238095237,-53.76069870244976,-73.9466013524887,172.63576790903625
2025-11-10 14:57:37,pinch,59.8642857142857,-51.7773671095344,-74.38335440355846,176.00376307302338
2025-11-10 14:57:37,pinch,60.73928571428571,-51.55275025775418,-74.31921177910687,177.07865850437145
2025-11-10 14:57:37,pinch,60.23928571428571,-51.45481448386248,-74.37646534242366,177.48488042399055
2025-11-10 14:57:37,pinch,60.73928571428571,-51.773677634899165,-74.3053308534777,177.55853269373296
2025-11-10 14:57:37,pinch,61.23928571428571,-51.951694818370626,-74.25599171391889,177.5142700010166
2025-11-10 14:57:37,pinch,59.3642857142857,-52.17218883185912,-74.16826732763806,177.76846628953618
2025-11-10 14:57:37,pinch,58.71428571428571,-52.48202988899625,-73.96937080049513,177.80865406604494
2025-11-10 14:57:38,pinch,49.422619047619044,-53.86684646821605,-73.06013790366767,178.8170249112323
2025-11-10 14:57:38,pinch,46.41785714285714,-56.43959239280548,-71.60965058982072,-34.1035710720266
2025-11-10 14:57:39,pinch,34.32261904761904,-62.2502416445462,-72.81461126109065,-117.7041727283398
2025-11-10 14:57:39,rest,41.46969696969697,-67.84409228853539,-75.07986067663636,-147.46074463002455
2025-11-10 14:57:40,rest,72.39166666666667,-72.1667560716038,-77.15981955264608,-158.01867509896456
2025-11-10 14:57:40,rest,82.75,-75.61953264554464,-78.69704955104018,-161.13890036052496
2025-11-10 14:57:40,rest,98.16666666666667,-78.00882836258799,-80.34200484927219,-162.18437854134544
2025-11-10 14:57:40,rest,99.5,-79.81437653555028,-81.8906992827338,-163.8516461178619
2025-11-10 14:57:40,rest,99.5,-78.99551720310777,-83.70461028895578,-165.19610644129796
2025-11-10 14:57:40,rest,100.0,-77.81156326672794,-84.84793320602068,-168.65781041568928
2025-11-10 14:57:40,rest,100.0,-77.29694163019104,-84.92031019315411,-171.85586055814474
2025-11-10 14:57:41,rest,100.0,-76.50017392795286,-84.26658135285523,-174.96880471756697
2025-11-10 14:57:41,rest,99.5,-72.45737853722407,-83.11826888810941,-175.87316070082397
2025-11-10 14:57:41,rest,98.5,-63.19373734866166,-81.55656193956622,-170.37945483737462
2025-11-10 14:57:41,rest,98.25,-43.49733866069731,-79.97578528633717,-148.20416147492165
2025-11-10 14:57:41,rest,99.16666666666667,-4.888133120147419,-78.42106336627816,-99.6495914023306
2025-11-10 14:57:41,rest,96.15,30.760645601773746,-76.9352661621967,-64.43755613932125
2025-11-10 14:57:41,rest,94.475,52.901006539818404,-75.59277382294434,-45.5989136962374
2025-11-10 14:57:41,rest,96.625,65.70132616368838,-74.61510908065526,-36.84762959535951
2025-11-10 14:57:42,rest,95.875,72.4142358133441,-74.27673341228025,-33.17864311811479
2025-11-10 14:57:42,rest,95.875,75.04957300992422,-74.09867278443754,-31.995970487262177
2025-11-10 14:57:42,rest,95.375,75.89505546899109,-73.9586686034044,-31.724706068640508
2025-11-10 14:57:42,rest,93.15,75.00998084799038,-73.49672140611085,-32.132213911093686
2025-11-10 14:57:42,rest,67.0079365079365,71.80045774296654,-73.57068865399633,-32.74812308571217
2025-11-10 14:57:42,pinch,55.03214285714285,68.34260981963345,-73.60115785924339,-34.07946965428785
2025-11-10 14:57:42,pinch,57.719047619047615,63.91220070134355,-73.46030601483517,-35.59257841871934
2025-11-10 14:57:42,pinch,53.07539682539682,56.31454284493881,-73.24118075882927,-37.91436687989738
2025-11-10 14:57:42,pinch,46.861111111111114,43.61996397557674,-72.95510946335006,-43.30265276142667
2025-11-10 14:57:43,point,35.43333333333334,24.610392385358114,-72.86479215926441,-57.55926694410816
2025-11-10 14:57:43,point,37.17857142857143,3.806778049775991,-71.69843349423763,-91.95161232074683
2025-11-10 14:57:43,grasp,42.55555555555554,-10.63353889973334,-70.98312517206692,-124.2047981694349
2025-11-10 14:57:43,grasp,44.88055555555554,-21.76034526060912,-70.48718496591728,-147.95410321350633
2025-11-10 14:57:43,grasp,47.00555555555554,-30.14405825310792,-69.74051168131078,-162.7584284567028
2025-11-10 14:57:43,grasp,48.80317460317458,-35.984153560990805,-68.78325606622107,-171.4651695206066
2025-11-10 14:57:43,grasp,50.86150793650791,-40.5364446717367,-67.50318869624968,39.36887877958
2025-11-10 14:57:43,grasp,50.94484126984125,-44.031611905491374,-66.09519370812205,122.10966395776417
2025-11-10 14:57:44,grasp,52.028174603174584,-46.114491045553066,-65.05651501740489,154.74303149190882
2025-11-10 14:57:44,grasp,52.27817460317459,-46.8244123328836,-64.08342075352547,168.56994200785314
2025-11-10 14:57:44,grasp,51.661507936507924,-47.04129478468877,-63.09960916153055,174.78917209497246
2025-11-10 14:57:44,grasp,51.161507936507924,-47.22627837298521,-61.99390083188657,177.62324943174957
2025-11-10 14:57:44,grasp,51.161507936507924,-47.39181806070937,-61.13973429747653,178.88851323014666
2025-11-10 14:57:44,grasp,51.91150793650792,-48.4901510771259,-60.42892830821256,178.28958786424045
2025-11-10 14:57:44,grasp,51.74484126984126,-49.81769365901552,-60.045590465417135,177.7943296354493
2025-11-10 14:57:44,grasp,51.24484126984126,-52.26768853600068,-59.41108266869675,176.124547330953
2025-11-10 14:57:45,grasp,51.78650793650792,-55.036627429166316,-58.508307995036674,174.60719348836787
2025-11-10 14:57:45,grasp,52.28650793650792,-57.967508002756084,-57.434330407234725,172.91258301579802
2025-11-10 14:57:45,grasp,52.03650793650792,-60.73043057597849,-56.169139086675784,171.4057023326685
2025-11-10 14:57:45,grasp,51.903174603174584,-62.785830579422594,-54.92997227553212,170.9008783717061
2025-11-10 14:57:45,grasp,50.98650793650792,-64.50325671211071,-53.58718471319507,170.37909458676177
2025-11-10 14:57:45,grasp,50.98650793650792,-65.60028895417841,-52.7097697762277,170.10133116732248
2025-11-10 14:57:45,grasp,50.98650793650792,-66.29344773192945,-52.328379182159324,169.98119091520437
2025-11-10 14:57:45,grasp,51.15317460317459,-66.73631147890683,-52.2407065002058,170.2649915562145
2025-11-10 14:57:45,grasp,51.9031746031746,-67.11077433355126,-52.283430375802524,170.41282640494433
2025-11-10 14:57:46,grasp,51.403174603174584,-67.44416983149902,-52.470862816068916,170.40298568031278
2025-11-10 14:57:46,grasp,51.23650793650793,-67.71507935516811,-52.68805082701,170.38012538868318
2025-11-10 14:57:46,grasp,51.4031746031746,-67.87085403035029,-52.95988325405387,170.57093652796758
2025-11-10 14:57:46,grasp,51.95317460317458,-67.44550794372968,-53.507453504709,169.20168588034937
2025-11-10 14:57:46,grasp,54.25555555555553,-67.53786556402383,-54.774365391430685,168.3431789762735
2025-11-10 14:57:50,grasp,63.372222222222206,-67.5461952852994,-56.89259672815512,175.1735999965181
2025-11-10 14:57:50,grasp,65.11666666666666,-58.50602288412118,-51.455649210303505,176.70417451845378
2025-11-10 14:57:50,grasp,58.091666666666654,-48.09406642885729,-38.34985815051522,-9.647814514993968
2025-11-10 14:57:50,grasp,37.68055555555555,-24.43059242383249,-24.544218134880744,-59.6729149412415
2025-11-10 14:57:50,release,37.74047619047619,41.078640440897,-14.332798952840736,-70.0146848148564
2025-11-10 14:57:50,release,42.05714285714286,87.54046535575912,-5.065940367777222,-69.60175387567759
2025-11-10 14:57:50,point,38.13095238095238,111.97178503707956,-0.6294999295860726,-70.45797082812442
2025-11-10 14:57:51,point,45.576190476190476,139.4359775107216,4.093080658276523,-76.95236741868862
2025-11-10 14:57:51,point,59.73511904761906,153.1468077772964,9.445317210623308,-79.2559985454447
2025-11-10 14:57:51,point,72.23750000000003,160.62653825440736,15.592080395732916,-80.44485850325898
2025-11-10 14:57:51,point,73.54583333333335,165.43412494382437,21.61488760457442,-81.7573574333492
2025-11-10 14:57:51,point,77.50416666666666,166.31672069942033,24.685145750483695,-81.73922609269417
2025-11-10 14:57:51,point,74.67083333333335,166.75904075237105,26.857136489551458,-81.31992422894737
2025-11-10 14:57:51,point,74.17083333333335,167.4839296422487,28.3156629200548,-81.33886145789035
2025-11-10 14:57:51,point,75.44107142857145,167.8421355090597,27.639638428608997,-81.43414939926939
2025-11-10 14:57:52,point,74.51607142857144,167.78775120526555,26.382247563079062,-81.52732118878373
2025-11-10 14:57:52,point,74.2779761904762,167.8637308775186,25.955890614370453,-81.64935958844437
2025-11-10 14:57:52,point,59.81964285714286,168.43483026663256,21.96639531518131,-82.08626228122444
2025-11-10 14:57:52,point,51.8077380952381,168.47842664438053,17.557703655707506,-82.29313701606624
2025-11-10 14:57:52,point,37.64702380952381,169.23634329157886,12.796727090494521,-82.97612186598063
2025-11-10 14:57:52,point,38.44166666666666,169.9637598093596,10.15659789115286,-83.95672759178146
2025-11-10 14:57:52,point,36.30833333333333,167.7964014024355,10.640407332374231,-83.81901630477498
2025-11-10 14:58:00,point,43.798809523809524,171.04431702324115,7.10501226869785,-85.78638259716672
2025-11-10 14:58:01,point,41.82916666666666,-24.563582105277476,-3.260858279462921,-92.82953401124004
2025-11-10 14:58:01,point,40.17916666666667,-80.1403314636012,-16.645523904101232,-100.32876843942859
2025-11-10 14:58:01,pinch,38.50694444444444,-89.37203947047531,-29.487929708694303,-105.869735916324
2025-11-10 14:58:02,pinch,31.290277777777774,-87.88674834662268,-39.7125994123163,-109.65651854746737
2025-11-10 14:58:02,rest,72.41071428571429,-89.41972948180214,-45.67045698462833,-111.39741466328759
2025-11-10 14:58:02,rest,91.41666666666666,-88.97440805335053,-45.26958098344468,-108.66778295244757
2025-11-10 14:58:02,rest,87.25,-82.98641074782587,-43.168525424680766,-105.60440949582431
2025-11-10 14:58:02,rest,80.58333333333334,-74.06415675288882,-40.32340293759336,-102.84171393337581
2025-11-10 14:58:02,rest,79.22619047619048,-63.87678421629306,-37.194347772225385,-100.48064700982191
2025-11-10 14:58:02,rest,76.97619047619048,-53.626986170727825,-34.27089518462631,-98.37950187065559
2025-11-10 14:58:02,rest,76.80952380952382,-44.80596314066158,-31.80503522686681,-96.62984800125528
2025-11-10 14:58:02,rest,77.55952380952382,-40.910837895099505,-30.293584979078446,-95.71368014113264
2025-11-10 14:58:03,rest,78.25952380952381,-38.31794396719757,-29.137809369764586,-95.08323492102468
2025-11-10 14:58:03,rest,78.25952380952381,-36.73399158093129,-28.31677982135526,-94.64496249129225
2025-11-10 14:58:03,rest,77.75952380952381,-34.97650647503686,-27.72463087990375,-94.2439721724159
2025-11-10 14:58:03,rest,67.40238095238097,-33.53945021447701,-27.583392084750177,-93.9295736350327
2025-11-10 14:58:03,rest,36.815079365079356,-34.46512582470194,-27.885609801055487,-93.68447522898114
2025-11-10 14:58:03,pinch,31.01388888888889,-37.03423452437273,-28.769402565850804,-93.05912133230319
2025-11-10 14:58:03,pinch,31.45972222222222,-55.48576361644166,-29.091334362190324,-92.79089222413202
2025-11-10 14:58:03,pinch,35.44861111111111,-94.25869959095616,-30.17148454425987,-92.70794608517252
2025-11-10 14:58:03,pinch,35.11527777777777,-127.21102581637282,-30.904925713341957,-92.8510030049328
2025-11-10 14:58:04,pinch,33.856944444444444,-142.72330988416746,-31.43107292649212,-93.2416448928148
2025-11-10 14:58:04,pinch,33.25694444444444,-147.64038299785796,-31.793093083702328,-93.82866105000097
2025-11-10 14:58:04,pinch,40.25694444444444,-143.96470723486783,-31.673959099699438,-94.70999353315247
2025-11-10 14:58:04,pinch,39.50694444444444,-139.2309885185332,-32.412918499387615,-95.21497264112112
2025-11-10 14:58:04,pinch,39.55694444444445,-135.63108510666817,-32.48656592749006,-95.34871429041515
2025-11-10 14:58:04,pinch,41.015277777777776,-127.35352070115886,-32.844093549987456,-95.18889014665405
2025-11-10 14:58:04,pinch,41.43194444444445,-125.0962900382957,-32.94889168870232,-94.91872387538547
2025-11-10 14:58:04,pinch,42.43194444444445,-119.04964651501876,-32.861872009594045,-94.73717227374995
2025-11-10 14:58:05,pinch,42.43194444444445,-112.56260730308134,-32.691428428216426,-94.59238636544866
2025-11-10 14:58:05,pinch,41.93194444444445,-101.82122748541813,-32.354276063224496,-94.3901491683341
2025-11-10 14:58:05,pinch,43.265277777777776,-85.72838928322449,-31.992477368916468,-94.1589309348773
2025-11-10 14:58:05,pinch,43.265277777777776,-75.34251928441188,-31.66983866112056,-94.19459054574257
2025-11-10 14:58:05,pinch,42.43194444444444,-64.81397290803848,-31.345613891289,-94.57278841787192
2025-11-10 14:58:05,pinch,33.59305555555555,-53.34583875041326,-30.29050271864171,-93.72671103716755
2025-11-10 14:58:05,pinch,28.48888888888889,-46.45986898517458,-29.063699339705387,-92.73259488034358
2025-11-10 14:58:05,point,36.19166666666666,-34.360800959072215,-27.54985996106805,-91.63170383420335
2025-11-10 14:58:06,point,54.39404761904761,-7.686898015397558,-25.481163942735435,-90.45810441631465
2025-11-10 14:58:06,point,65.84166666666667,21.786262717711445,-22.425341068640215,-89.09774936995268
2025-11-10 14:58:06,point,66.75833333333333,47.78419123375491,-16.987644509290448,-87.61845740622904
2025-11-10 14:58:06,point,65.59166666666667,60.617263096008884,-15.598545667613887,-87.09099960615487
2025-11-10 14:58:06,point,65.05,61.01604969384154,-14.63834738650434,-86.67966116436054
2025-11-10 14:58:06,point,64.05,58.88411833365309,-13.695191034720786,-86.47566160890509
2025-11-10 14:58:06,point,64.05,56.34255719184736,-13.08071362769606,-86.36927221303564
2025-11-10 14:58:06,point,63.925,52.52693851638345,-12.204013957469531,-86.50453784108046
2025-11-10 14:58:07,point,64.8,50.269839960978885,-11.970195338154664,-86.54910185859256
2025-11-10 14:58:07,point,63.57083333333333,30.57492077479867,-12.83548637200046,-88.29896715961577
2025-11-10 14:58:07,point,54.7,-40.16509293151746,-15.08274237481024,-91.31090740056834
2025-11-10 14:58:07,point,43.43333333333334,-79.5877787526961,-18.382296404097165,-95.04488099186182
2025-11-10 14:58:07,point,37.141666666666666,-98.68936706584711,-21.61994438253393,-99.07067631668528
2025-11-10 14:58:07,pinch,32.96111111111111,-107.63831802946086,-24.762425476836,-103.06879689227232
2025-11-10 14:58:07,pinch,33.71111111111111,-111.98827306248204,-27.517077477639077,-106.85876602152422
2025-11-10 14:58:07,pinch,33.544444444444444,-114.0527143190988,-29.18748548647256,-108.6529153753851
2025-11-10 14:58:08,pinch,33.044444444444444,-115.6869413885177,-29.91339705203439,-109.19376580100526
2025-11-10 14:58:08,pinch,33.794444444444444,-115.83056979614335,-29.803116340938928,-109.2801700457473
2025-11-10 14:58:08,pinch,33.544444444444444,-115.45062636757646,-29.998615437892852,-109.16350049012053
2025-11-10 14:58:08,pinch,33.294444444444444,-115.42786145430853,-30.19171347807069,-108.96420065480964
2025-11-10 14:58:08,pinch,34.169444444444444,-114.39386059582642,-30.97156171441796,-109.01663129087495
2025-11-10 14:58:08,pinch,35.419444444444444,-112.3212581297914,-31.915323096299037,-109.5151235720285
2025-11-10 14:58:08,pinch,36.269444444444446,-108.92186802317858,-34.261337234299326,-109.73345421040169
2025-11-10 14:58:08,pinch,40.24444444444444,-109.959074740623,-36.58111928709512,-108.93496133816012
2025-11-10 14:58:08,pinch,40.68611111111111,-110.46413603561567,-38.04198467617166,-107.71360607232813
2025-11-10 14:58:09,pinch,43.87936507936507,-111.00202788042424,-38.89431711943725,-106.3749636137176
2025-11-10 14:58:09,pinch,47.541865079365074,-111.44982272192121,-39.26684857084996,-104.93185127417905
2025-11-10 14:58:09,pinch,47.212500000000006,-114.69120682571918,-39.465489867503535,-103.0312080018792
2025-11-10 14:58:09,pinch,44.462500000000006,-124.11118745790145,-39.50439896353017,-101.43431873300109
2025-11-10 14:58:09,pinch,41.962500000000006,-128.74339298852055,-39.2045289681796,-100.37726810915696
2025-11-10 14:58:09,pinch,40.712500000000006,-133.07293117566758,-38.8204333254577,-99.64766625611477
2025-11-10 14:58:09,pinch,40.7125,-137.974850797452,-38.435399673717285,-99.07539050188093
2025-11-10 14:58:09,pinch,40.39861111111111,-144.0641265161706,-38.08348055635312,-98.37459907134414
2025-11-10 14:58:10,pinch,40.598611111111104,-148.18501845432846,-37.70060508680943,-97.73415852557892
2025-11-10 14:58:10,pinch,38.94861111111111,-148.3894994813756,-37.54538007177996,-97.381395210307
2025-11-10 14:58:10,pinch,35.422420634920634,-148.97159790278616,-36.474658135318286,-96.71793300859068
2025-11-10 14:58:10,pinch,29.947420634920636,-147.67039397366213,-35.57573375528318,-96.41107748209441
2025-11-10 14:58:10,pinch,31.42361111111111,-143.2682554635811,-34.883978393898644,-96.22417288107839
2025-11-10 14:58:10,point,32.833333333333336,-137.0674403291211,-34.094797731744386,-96.19714821611568
2025-11-10 14:58:10,point,41.3375,-130.92684982699097,-32.708395113989695,-96.2187420068667
2025-11-10 14:58:10,point,44.78749999999999,-126.7451776596759,-31.608370332926626,-96.2965538907381
2025-11-10 14:58:11,point,39.725,-120.12682676332776,-32.12534492448185,-97.10759403324374
2025-11-10 14:58:11,point,41.912499999999994,-115.62424751908492,-31.9132397090909,-97.4801980030489
2025-11-10 14:58:11,point,44.20416666666666,-117.81795578751232,-30.28322163469631,-97.48577156497313
2025-11-10 14:58:11,point,44.12083333333332,-118.89124585330131,-28.8459148536082,-97.35330442082399
2025-11-10 14:58:11,point,44.37083333333333,-121.52061400882295,-27.658747662874333,-97.12760054393192
2025-11-10 14:58:11,point,44.90416666666666,-122.07233115844421,-26.59925201300923,-96.89545329215437
2025-11-10 14:58:11,point,46.662499999999994,-127.03325800044158,-23.30920724433856,-96.2919774622953
2025-11-10 14:58:11,point,47.079166666666666,-130.01371665443318,-22.093513914495958,-96.23448083248968
2025-11-10 14:58:12,point,47.57916666666666,-131.6227928333729,-21.360157966190364,-96.06666152198932
2025-11-10 14:58:12,point,45.67083333333333,-132.19348770391747,-22.160044961168275,-96.26643204288725
2025-11-10 14:58:12,point,45.17083333333333,-131.62309997016433,-22.86008842329368,-96.38226895781922
2025-11-10 14:58:12,point,46.55416666666667,-133.71785532946868,-21.06107395106435,-96.29404144371313
2025-11-10 14:58:12,point,46.05416666666667,-135.6396840693862,-20.425422093562347,-96.45133261542063
2025-11-10 14:58:12,point,46.59583333333333,-140.18689085054052,-17.71082786966595,-96.25003604893965
2025-11-10 14:58:12,point,44.42083333333333,-134.28677514097217,-19.58006546938551,-96.91944871348258
2025-11-10 14:58:12,point,36.391666666666666,-121.02591680901155,-13.729156309584017,-98.92476569324732
2025-11-10 14:59:45,release,40.34761904761905,-107.31087438996995,-4.77441131622816,-103.70841330271043
2025-11-10 14:59:45,release,42.283333333333324,-97.77234155405532,10.725378309784375,-109.34141359987598
2025-11-10 14:59:46,release,41.066666666666656,-91.88739444461419,26.407920664119622,-115.3126013109981
2025-11-10 14:59:47,release,36.58333333333333,-87.90001110113906,32.847895371989566,-121.18866113709825
2025-11-10 14:59:47,point,32.31428571428572,-87.002764212346,34.158088858002984,-126.33538287769244
2025-11-10 14:59:47,release,35.29166666666667,-87.33173331517102,35.82834303002689,-130.33733989544567
2025-11-10 14:59:47,release,36.541666666666664,-88.09307780762128,35.96677371340877,-131.9327498691429
2025-11-10 14:59:47,release,37.16666666666667,-88.57141799778168,35.39675441930599,-132.63835859073995
2025-11-10 14:59:47,release,37.416666666666664,-88.81965708558523,34.41257669947507,-132.47829206593255
2025-11-10 14:59:47,release,37.166666666666664,-89.0456835384954,34.78706524775378,-132.2277614145592
2025-11-10 14:59:51,grasp,31.534722222222218,-84.94608751581654,21.621969098995,-134.14829307592797
2025-11-10 14:59:51,pinch,32.52023809523809,-80.69389136073292,-2.13189712176292,-136.95221787781
2025-11-10 14:59:51,pinch,48.170238095238105,-76.18950077613226,-22.535843162344406,-141.6362344661083
2025-11-10 14:59:51,release,48.22380952380952,-71.40279761511039,-36.286630174461955,-147.08811917435906
2025-11-10 14:59:51,rest,61.2906746031746,-63.496313574859805,-44.18206753359903,-154.04295008369857
2025-11-10 14:59:52,rest,87.09960317460317,-56.21977374476207,-49.58474703804829,-162.31921275591282
2025-11-10 14:59:52,rest,84.51031746031747,-52.32192855297009,-52.31083272716711,-166.43206617722603
2025-11-10 14:59:52,rest,82.51031746031745,-50.125989765936886,-53.65984723349368,-168.5126637115239
2025-11-10 14:59:52,rest,81.01031746031745,-48.98992917021853,-54.72877565420983,-169.54294199802905
2025-11-10 14:59:52,rest,79.71865079365078,-47.458469815506064,-55.74336856018156,-169.58026530877427
2025-11-10 14:59:52,rest,83.76031746031745,-47.662312671006205,-56.72008439743969,-168.6835420910913
2025-11-10 14:59:52,rest,86.01031746031745,-47.717735060532796,-57.673671522525154,-167.79461508645727
2025-11-10 14:59:52,rest,86.63531746031745,-48.052136895668404,-58.817727638416144,-167.50576166026246
2025-11-10 14:59:52,rest,88.16865079365078,-47.68485628417025,-60.098144365506016,-168.58776919385275
2025-11-10 14:59:53,rest,91.6079365079365,-47.34496659516561,-61.17577722123365,-168.87186153486982
2025-11-10 14:59:53,rest,96.84126984126985,-48.67903184097995,-62.232852382448954,-169.18452827271108
2025-11-10 14:59:53,rest,96.59126984126985,-50.484309603237044,-63.014873995034534,-169.0493178444492
2025-11-10 14:59:53,rest,96.86904761904762,-53.49965203022428,-63.24234628665389,-167.85277508991635
2025-11-10 14:59:53,rest,96.86904761904762,-55.89039604128316,-62.63834986392203,-166.0900732603902
2025-11-10 14:59:53,rest,96.36904761904762,-57.077032793517695,-61.03974293177161,-163.88150073404407
2025-11-10 14:59:53,rest,96.11904761904762,-58.00781296499045,-59.747996412372764,-161.81654742739457
2025-11-10 14:59:53,rest,95.11904761904762,-57.64867969375935,-58.26298489774955,-160.16229564679895
2025-11-10 14:59:54,rest,95.11904761904762,-56.925473204631345,-57.315349546003986,-158.66783071705441
2025-11-10 14:59:54,rest,95.11904761904762,-56.93033698780855,-56.77165028679216,-158.37315420227702
2025-11-10 14:59:54,rest,95.11904761904762,-57.49623164252268,-57.08516398393987,-157.71415098598635
2025-11-10 14:59:54,rest,95.11904761904762,-58.07985877194101,-57.11084255496422,-156.78576151212326
2025-11-10 14:59:54,rest,95.78571428571429,-58.31480867414044,-56.77761155361486,-155.8916003588231
2025-11-10 14:59:54,rest,97.91666666666667,-56.775823964560296,-54.800301097256096,-150.41075858925484
2025-11-10 15:00:04,rest,96.41666666666667,-57.125641725125995,-51.83027500745035,-145.92090117758036
2025-11-10 15:00:07,rest,70.52738095238095,-57.87329318628776,-45.27568888303453,-140.58181135718192
2025-11-10 15:00:17,rest,51.90238095238095,-60.18781519655449,-41.05198250541905,-141.4996898972637
2025-11-10 15:00:17,release,35.63214285714286,-64.13845540190974,-39.30161985112122,-144.7667324977541
2025-11-10 15:00:17,release,38.357142857142854,-68.25284011552839,-39.47956660133758,-148.40950077108832
2025-11-10 15:00:17,rest,69.28571428571428,-73.13416880362817,-45.16849309247893,-157.9707905053586
2025-11-10 15:00:17,rest,88.15416666666667,-75.90358532670453,-52.27276597068553,-164.3908904743431
2025-11-10 15:00:17,rest,94.91071428571429,-77.35686452070361,-59.54394261433241,-171.0395649740207
2025-11-10 15:00:17,rest,94.91904761904762,-78.06462543798392,-63.54638672795775,-173.01764963342538
2025-11-10 15:00:18,rest,94.41904761904762,-78.9332976118025,-66.16489172398079,-174.23767081998807
2025-11-10 15:00:18,rest,94.41904761904762,-79.59179546998864,-67.58311728250257,-175.91866277602693
2025-11-10 15:00:18,rest,93.89126984126983,-80.32311485543298,-68.36881387852975,-178.30385986539886
2025-11-10 15:00:18,rest,92.14126984126983,-80.21742735176804,-67.39286532430852,32.256343163774886
2025-11-10 15:00:18,rest,90.64126984126983,-79.19895605927974,-65.08592580451278,111.66253551692807
2025-11-10 15:00:18,rest,88.64126984126983,-78.19976889075107,-61.6207387508912,137.72688553770658
2025-11-10 15:00:18,rest,85.97460317460317,-77.03695095972259,-57.8218050257429,143.10418639619132
2025-11-10 15:00:18,rest,71.35555555555555,-75.60836875302097,-53.89948792608773,140.76452093055292
2025-11-10 15:00:18,rest,65.88333333333333,-74.07747699459156,-49.83417535418637,136.28589866629912
2025-11-10 15:00:19,rest,66.38333333333333,-73.52464687881945,-46.972514572316015,133.186409348616
2025-11-10 15:00:19,rest,66.94583333333333,-72.7432912657088,-44.87360637281279,131.26707161318305
2025-11-10 15:00:19,rest,63.22916666666667,-71.1012411879082,-42.698456586382235,129.62379669987538
2025-11-10 15:00:19,rest,58.61805555555555,-68.49473976734178,-39.81893387941811,127.42615030476975
2025-11-10 15:00:19,rest,57.86805555555555,-64.1673371299324,-36.29768315655781,124.15421382827843
2025-11-10 15:00:19,rest,53.61805555555556,-60.414451796529576,-32.89597977373775,120.77099231757347
2025-11-10 15:00:19,rest,50.36805555555554,-57.40667884306767,-29.74409538319511,117.8665497829222
2025-11-10 15:00:19,rest,49.784722222222214,-54.40705533050424,-27.352849356405386,117.50598059091536
2025-11-10 15:00:20,rest,45.12777777777777,-51.199552472901615,-26.04913109775825,118.505033165754
2025-11-10 15:00:20,rest,45.63472222222222,-48.88437826494102,-25.541881228044144,118.79065916303577
2025-11-10 15:00:20,release,31.991666666666667,-49.248715883239115,-25.521346235604845,120.51636696487215
2025-11-10 15:00:20,release,35.86666666666667,-47.76113431218508,-25.258944921695775,123.26053271053952
2025-11-10 15:00:20,release,39.56666666666666,-45.288113352238724,-24.324491600992708,126.47442018493024
2025-11-10 15:00:20,release,44.233333333333334,-49.76400879619826,-23.097291420677735,125.4150685297058
2025-11-10 15:00:20,release,45.858333333333334,-64.17094084743317,-21.02081308388156,121.27063826519594
2025-11-10 15:00:20,release,56.35,-89.75502242461147,-18.4960577262618,116.8578998079692
2025-11-10 15:00:21,release,63.12380952380953,-103.96500247119157,-13.289036918193023,117.98630987200545
2025-11-10 15:00:21,release,66.94047619047619,-122.47758211353663,-8.004438903724822,120.86104803593582
2025-11-10 15:00:21,release,74.93214285714286,-143.69135364520446,-2.9068032691492625,125.96801216940491
2025-11-10 15:00:21,release,43.96785714285715,-147.9426416095046,4.103932692575474,-24.149137521223608
2025-11-10 15:00:22,point,56.92738095238094,-93.99329337790222,11.794142970932665,-72.31304857805634
2025-11-10 15:00:22,point,52.72738095238096,-55.046724742532945,21.050129609952513,-90.4099810487761
2025-11-10 15:00:22,point,60.44404761904762,-30.70033268216809,21.147766485095957,-94.01759619874116
2025-11-10 15:00:22,point,61.50654761904762,-31.15334240963492,24.32335124895163,-101.14884861742104
2025-11-10 15:00:23,point,64.64404761904763,-37.36574977849849,29.651400500004947,-107.08331878847565
2025-11-10 15:00:24,point,58.22738095238095,-45.569388878358204,23.43544887620991,-117.27889402959102
2025-11-10 15:00:24,release,47.220238095238095,-54.2197664472683,10.895476276629807,-133.1829822883263
2025-11-10 15:00:24,release,73.19047619047619,-61.817400906088196,-3.8509146299420394,-152.61892697524092
2025-11-10 15:00:25,release,73.69047619047619,-67.1726190399138,-15.128840390982257,-165.14520049481834
2025-11-10 15:00:25,rest,51.811904761904756,-69.71991708002278,-24.545861073884307,36.774605722690865
2025-11-10 15:00:25,rest,63.70079365079365,-70.88577604114158,-31.95398093547945,109.3981225668889
2025-11-10 15:00:25,rest,59.813888888888876,-72.74727310849909,-35.76185817733965,137.5713145601694
2025-11-10 15:00:25,rest,60.64722222222222,-72.86781545766962,-37.82862874448243,150.8646511160139
2025-11-10 15:00:25,rest,60.39722222222221,-71.82426884391099,-39.50208361624898,158.2794733688247
2025-11-10 15:00:25,rest,63.25436507936508,-71.42890691585873,-42.20063584136824,162.22292830072766
2025-11-10 15:00:25,rest,69.88531746031745,-71.80936964280168,-45.111709395209864,163.81109214400297
2025-11-10 15:00:26,rest,78.05198412698411,-72.20793809449577,-48.3071309038353,164.0892281194712
2025-11-10 15:00:26,rest,86.89126984126983,-72.50299667002912,-51.62254261418201,163.4601345412185
2025-11-10 15:00:26,rest,87.58571428571429,-73.44215960704322,-54.858643927252636,161.4196167478787
2025-11-10 15:00:26,rest,88.91904761904762,-75.0923770824994,-57.32428656402014,158.20783532177578
2025-11-10 15:00:26,rest,88.91904761904762,-76.10819298695961,-58.3720873706624,155.3953837585198
2025-11-10 15:00:26,rest,88.41904761904762,-76.4417586497573,-59.06880486606079,153.33290082202026
2025-11-10 15:00:26,rest,88.41904761904762,-76.73855295597502,-60.13692746344009,152.57288438698748
2025-11-10 15:00:26,rest,88.91904761904762,-77.06753486640004,-61.54655752682803,153.30294509067178
2025-11-10 15:00:26,rest,89.58571428571429,-77.2735963787126,-63.657941409828915,155.9313557506323
2025-11-10 15:00:27,rest,87.13333333333333,-77.35063666302435,-66.82410714414755,161.14133403877025
2025-11-10 15:00:27,rest,89.63333333333333,-77.56424232266299,-70.94342980927186,169.6642887046978
2025-11-10 15:00:27,rest,92.33333333333334,-77.8806390066062,-75.15124494602075,-36.36194998636715
2025-11-10 15:00:27,rest,93.33333333333334,-77.99729777555974,-77.97970034176693,-113.46257834990556
2025-11-10 15:00:27,rest,93.33333333333334,-78.11900654634515,-79.24537408371488,-141.03780625427788
2025-11-10 15:00:27,rest,93.33333333333334,-78.4265292122001,-79.23333375454276,-150.79923259024156
2025-11-10 15:00:27,rest,93.33333333333334,-78.72612134456338,-78.99017945966516,-155.3187092010865
2025-11-10 15:00:27,rest,93.58333333333334,-79.09986904317596,-78.37461394110461,-159.1439798373732
2025-11-10 15:00:28,rest,93.58333333333334,-79.15850766831085,-77.74544176833534,-162.06139927681636
2025-11-10 15:00:28,rest,93.58333333333334,-78.87904795290193,-77.16110166997098,-164.2860696374974
2025-11-10 15:00:28,rest,97.61904761904762,-78.33773547035273,-76.62602947343481,-165.49216879050974
2025-11-10 15:00:28,rest,97.61904761904762,-77.50532787956769,-76.60958783504788,-166.00202020937797
2025-11-10 15:00:28,rest,97.61904761904762,-76.67788751800174,-76.79781404501887,-165.83620886910387
2025-11-10 15:00:28,rest,97.61904761904762,-75.67571017614898,-77.25108802340515,-165.27341569194445
2025-11-10 15:00:28,rest,97.61904761904762,-74.93138870405082,-77.55291801504023,-164.7214124998177
2025-11-10 15:00:28,rest,97.6190476190476,-74.54291284050927,-77.62567940572552,-164.12603143190336
2025-11-10 15:00:29,rest,97.61904761904762,-74.44304991065187,-77.51162337615378,-163.58768646339126
2025-11-10 15:00:29,rest,97.61904761904762,-74.53330501729003,-77.2554367266205,-163.39653339238268
2025-11-10 15:00:29,rest,97.61904761904762,-74.84833363145178,-76.89852074238001,-163.97692505805165
2025-11-10 15:00:29,rest,97.61904761904762,-75.07025983726642,-76.62741060398912,-164.98504067962898
2025-11-10 15:00:29,rest,97.61904761904762,-75.30310321524831,-76.26772935645751,-166.5110995768294
2025-11-10 15:00:29,rest,97.61904761904762,-75.52674466172438,-75.83173856887446,-168.15241257490962
2025-11-10 15:00:29,rest,97.61904761904762,-75.73417230978355,-75.22322978996327,-169.88318641671486
2025-11-10 15:00:29,rest,97.61904761904762,-75.90765292211641,-74.74084389384429,-171.40466889735427
2025-11-10 15:00:30,rest,97.61904761904762,-75.933460686136,-74.48239485066463,-172.31884897825208
2025-11-10 15:00:30,rest,97.61904761904762,-75.95904500348296,-74.331896652087,-172.68897753535245
2025-11-10 15:00:30,rest,97.61904761904762,-76.07336541124772,-74.16562727071681,-172.57062768564302
2025-11-10 15:00:30,rest,97.61904761904762,-76.3366161752428,-74.03078969198799,-172.74073627920092
2025-11-10 15:00:30,rest,97.61904761904762,-76.55814604639016,-73.96473260524746,-173.28747842026885
2025-11-10 15:00:30,rest,97.61904761904762,-76.79592020252953,-73.85708449919106,-174.07176617421385
2025-11-10 15:00:30,rest,97.61904761904762,-77.02567977322875,-73.62581864253178,-174.90328835856383
2025-11-10 15:00:30,rest,97.11904761904762,-77.18028823171383,-73.240291732786,-175.76427205582948
2025-11-10 15:00:31,rest,97.11904761904762,-77.23758139206397,-72.94672039450671,-176.57995122263262
2025-11-10 15:00:31,rest,97.61904761904762,-77.08440994893083,-72.63941799480268,-176.70556428607338
2025-11-10 15:00:31,rest,97.41904761904762,-76.97277918345833,-72.4760847886263,-176.40177328786837
2025-11-10 15:00:31,rest,97.41904761904762,-76.89037905080731,-72.30918752194883,-175.73120696703114
2025-11-10 15:00:31,rest,97.41904761904762,-76.83876204540624,-72.22506448447177,-174.9346401705161
2025-11-10 15:00:31,rest,97.41904761904762,-76.93398609890588,-72.13823032502503,-174.29103378698926
2025-11-10 15:00:31,rest,97.41904761904762,-76.82238819513776,-72.04862243874715,-173.59264754210295
2025-11-10 15:00:31,rest,96.91904761904762,-76.10386210869353,-71.57205326958191,-172.45204131353057
2025-11-10 15:00:32,rest,96.79404761904762,-74.80215528363155,-70.53098685632679,-170.89060262734662
2025-11-10 15:00:32,rest,90.80238095238096,-73.16291012357732,-69.11617263413083,-169.2585100934573
2025-11-10 15:00:32,rest,71.71071428571429,-71.59616908653098,-67.56912734287012,-167.32311718051966
2025-11-10 15:00:32,rest,60.16071428571429,-70.23693225908107,-65.84841383499067,-165.77291007235908
2025-11-10 15:00:32,rest,48.25000000000001,-68.75107880595414,-61.15126735815498,-162.62806380748168
2025-11-10 15:00:32,pinch,30.520238095238096,-68.16306276287332,-51.521195619568715,-159.31058719990043
2025-11-10 15:00:32,release,41.13214285714286,-67.60217051209447,-39.25707394464233,-154.93360603611907
2025-11-10 15:00:33,release,43.9779761904762,-67.2668451316346,-21.435171482579754,-151.25413169292887
2025-11-10 15:00:33,release,59.48630952380953,-65.72551894493832,-0.2896623780169669,-149.7608187218829
2025-11-10 15:00:33,release,63.99464285714287,-65.09640822380165,17.67025721150343,-147.855006189702
2025-11-10 15:00:33,release,65.18511904761905,-63.918083505847235,27.30284770935834,-146.43572620845165
2025-11-10 15:00:33,release,60.31845238095237,-60.94721853395464,33.465431324326275,-145.121718660925
2025-11-10 15:00:33,release,58.3767857142857,-59.47816025705364,36.18009409288561,-146.6082070434249
2025-11-10 15:00:34,release,58.87678571428571,-59.71262933411161,37.479782299007596,-145.71738265004618
2025-11-10 15:00:34,release,58.69345238095238,-60.33105809993081,37.339238013881825,-142.29488469083424
2025-11-10 15:00:34,release,58.4017857142857,-58.97624088824143,37.29793387278756,-140.9265562044614
2025-11-10 15:00:34,release,57.735119047619044,-58.37939451522383,37.19603668391149,-141.18341641475698
2025-11-10 15:00:34,release,58.94464285714286,-58.55274923540833,36.64902703686594,-144.7907504964323
2025-11-10 15:00:34,release,61.94464285714286,-56.56502123868932,36.04031352210349,-148.28334859644312
2025-11-10 15:00:34,release,63.79583333333333,-51.8862607648887,35.864211206738666,-155.21673589075814
2025-11-10 15:00:34,release,61.35297619047619,-47.91973710552864,36.00928298938436,-162.8002533841302
2025-11-10 15:00:35,release,62.975,-44.635238675346464,35.694686772340916,-166.35551385261527
2025-11-10 15:00:35,release,64.14166666666667,-40.49403419003713,34.96805508580903,-170.4506423527355
2025-11-10 15:00:35,release,67.30833333333334,-37.552384318419016,34.26645252105459,-171.91122556703334
2025-11-10 15:00:35,release,68.30833333333334,-35.578841013464576,33.654092597741496,-172.71366114340248
2025-11-10 15:00:35,release,69.43333333333334,-34.5851877199617,33.13127080435576,-171.61019568204034
2025-11-10 15:00:35,release,68.35000000000001,-33.952302613040096,32.85509539364275,-169.17386282454873
2025-11-10 15:00:35,release,65.01666666666668,-33.49574622633692,32.60984529569683,-166.6910357208444
2025-11-10 15:00:35,release,63.975,-33.30643003475909,32.497302551489085,-165.16718217323998
2025-11-10 15:00:36,release,62.975,-33.23145471011749,32.524845140754884,-163.5889859093797
2025-11-10 15:00:36,release,62.04047619047619,-33.04052494363812,32.467878420113095,-162.78742971030562
2025-11-10 15:00:36,release,64.24880952380953,-32.41232972892788,31.376745800477384,-163.87220625151377
2025-11-10 15:00:36,release,66.35714285714286,-32.23017395475517,28.46966158105414,-165.20639572614328
2025-11-10 15:00:36,release,64.77261904761906,-33.77720583046049,25.57106702873191,-160.46702835380626
2025-11-10 15:00:36,release,66.69761904761904,-39.156471818179654,24.653267739892108,-154.8509369940025
2025-11-10 15:00:36,release,63.83630952380952,-43.17400318849748,22.317470302195446,-149.7420977686259
2025-11-10 15:00:36,release,64.8529761904762,-47.824004218637285,19.25031827619615,-144.07411385830912
2025-11-10 15:00:37,release,53.525595238095235,-55.01561900727291,16.512531788531764,-137.64859332300261
2025-11-10 15:00:37,grasp,28.76448412698413,-60.29726633237999,16.121623859939838,-131.5797602361522
2025-11-10 15:00:37,point,42.1968253968254,-64.22325418444794,15.799310325479492,-128.44178106922027
2025-11-10 15:00:37,point,49.89682539682541,-63.76526756596255,11.37842278771532,-123.42128090063792
2025-11-10 15:00:37,point,53.88015873015873,-66.64897039890542,10.288958521933829,-118.89730423577578
2025-11-10 15:00:37,point,55.027777777777786,-67.68497776560092,10.17637560315168,-117.72133277436227
2025-11-10 15:00:37,point,55.06944444444445,-67.63148665185872,9.804442010811941,-117.51858389512083
2025-11-10 15:00:38,point,57.16944444444445,-68.3631553081032,9.6297018756816,-119.69196343284375
2025-11-10 15:00:38,point,54.01944444444445,-66.52053416403496,8.65068704549646,-123.06251565722627
2025-11-10 15:00:38,point,42.7623015873016,-62.88709806134699,7.310246789118839,-127.19460186692515
2025-11-10 15:00:38,grasp,42.05912698412697,-56.86721834239438,5.946198011834436,-132.9923257263514
2025-11-10 15:00:38,grasp,44.434126984126976,-51.48215173243044,5.01183096157582,-139.5197913669303
2025-11-10 15:00:38,grasp,48.35912698412697,-45.32798327676957,8.58141136181259,-147.11096317572586
2025-11-10 15:00:38,grasp,49.60079365079363,-41.142813791959064,13.428169114949512,-155.80114650011984
2025-11-10 15:00:38,grasp,49.0720238095238,-38.308785101576774,18.613910838741848,-162.48441184324804
2025-11-10 15:00:38,grasp,45.72738095238094,-36.00626379590552,23.292842757607644,-166.92661394295732
2025-11-10 15:00:39,release,40.8547619047619,-34.49732559626324,27.62779061416746,-168.84337993879154
2025-11-10 15:00:39,release,46.39642857142857,-33.62639318814459,31.73668048811509,-170.3897603737006
2025-11-10 15:00:39,grasp,42.934523809523796,-33.86972630065979,34.26089957983681,-170.75808225706533
2025-11-10 15:00:39,release,41.36309523809525,-32.85561193813663,35.74205178108272,-171.09647734945457
2025-11-10 15:00:39,release,41.8297619047619,-31.047224795419744,36.632720295689325,-169.24999784239148
2025-11-10 15:00:39,release,42.19642857142857,-30.61510682512152,36.98270801030771,-167.18713436903852
2025-11-10 15:00:39,grasp,39.41071428571429,-31.164402584692144,37.07404593732384,-166.05562165643744
2025-11-10 15:00:40,release,39.279761904761905,-31.54497517074913,36.77801000073613,-165.7657540394089
2025-11-10 15:00:40,release,39.94642857142858,-31.200971574878444,36.21506345630136,-165.28205396696254
2025-11-10 15:00:40,grasp,41.160714285714285,-31.288601757379087,35.49783594202361,-164.75894397619516
2025-11-10 15:00:40,grasp,55.288690476190474,-32.82258512057524,34.86493364665253,-165.39185711536717
2025-11-10 15:00:40,grasp,55.20535714285714,-33.919341066030384,34.56130248650777,-166.1677901890464
2025-11-10 15:00:40,grasp,55.20535714285714,-34.61722229214163,34.15001365566275,-166.10246727244146
2025-11-10 15:00:40,grasp,62.85535714285714,-35.28195239453031,33.82062843168593,-165.29464998688417
2025-11-10 15:00:40,grasp,63.78392857142856,-36.77311691159952,33.57384271492621,-164.27783386079568
2025-11-10 15:00:40,grasp,62.8672619047619,-38.63677366604459,32.48856234009944,-163.30514974970401
2025-11-10 15:00:41,grasp,61.65059523809524,-39.90977970038446,31.461325856537535,-161.47636984642708
2025-11-10 15:00:41,grasp,55.33511904761904,-41.222142032148135,30.6258808006034,-159.03351759653071
2025-11-10 15:00:41,grasp,55.08511904761904,-41.67922203966974,30.253795273530496,-157.6476112481217
2025-11-10 15:00:41,grasp,55.58511904761904,-41.93609983155241,29.994833487183037,-157.40894190555474
2025-11-10 15:00:41,grasp,62.20059523809523,-42.87117144986067,30.128155202748655,-155.0107210974321
2025-11-10 15:00:44,grasp,63.117261904761904,-41.859063424875984,24.401730863849252,-157.36036026789554
2025-11-10 15:00:44,grasp,46.99722222222222,-40.76966479030878,13.106876332733414,-162.9936553178909
2025-11-10 15:00:44,release,44.234523809523814,-39.809724595643615,-2.3593346801766746,-171.5425923071148
2025-11-10 15:00:44,pinch,67.05654761904762,-39.045800361856564,-19.619713992299744,35.338800898637786
2025-11-10 15:00:44,pinch,75.35238095238094,-37.2276468231789,-35.51490441700468,112.86763012582938
2025-11-10 15:00:45,pinch,76.92777777777778,-33.1955934406175,-48.347667806729646,132.65354485098186
2025-11-10 15:00:45,pinch,70.34047619047618,-31.343721719952548,-53.76084042543073,138.84955458409974
2025-11-10 15:00:45,pinch,68.09047619047618,-30.19174904880343,-55.71468684533394,138.2018828849382
2025-11-10 15:00:45,pinch,66.17380952380952,-29.221841518660895,-56.52621787227356,136.18608159651828
2025-11-10 15:00:45,pinch,62.423809523809524,-28.611585621105867,-56.87534024699419,134.71153779783634
2025-11-10 15:00:45,pinch,63.42380952380952,-27.55474398950151,-56.909875032114726,133.05137857910057
2025-11-10 15:00:45,pinch,62.99047619047617,-26.81456063135836,-57.18074347055456,132.64163134984364
2025-11-10 15:00:45,pinch,62.494444444444454,-25.879359887192273,-57.408670306246606,134.3604543728165
2025-11-10 15:00:45,pinch,60.96111111111111,-24.595859008353145,-57.703708474008536,138.43038530414788
2025-11-10 15:00:46,pinch,62.711111111111116,-23.006713691840233,-57.806492692940594,142.68372161889863
2025-11-10 15:00:46,pinch,64.46111111111111,-21.18300397145731,-57.64557023020725,145.10933825404402
2025-11-10 15:00:46,pinch,66.29444444444445,-20.164166423318182,-57.54596962404065,148.75857248263415
2025-11-10 15:00:46,pinch,66.29444444444445,-19.685914118631274,-57.48534100372674,150.61195259112873
2025-11-10 15:00:46,pinch,65.79444444444445,-19.26993626051526,-57.51056270388233,152.83793635675633
2025-11-10 15:00:46,pinch,65.79444444444445,-19.80343094439919,-58.055882762966604,155.63670583027914
2025-11-10 15:00:46,pinch,68.04444444444445,-20.18773880442727,-59.00228432104208,159.2218751703706
2025-11-10 15:00:46,pinch,75.0611111111111,-21.338303974354616,-59.95763903056923,163.58499277321636
2025-11-10 15:00:46,pinch,75.7611111111111,-22.97023595449017,-60.85749280897778,167.24269257141685
2025-11-10 15:00:47,pinch,78.2611111111111,-24.73361125830722,-61.634480434028234,172.0100001228521
2025-11-10 15:00:47,pinch,78.7611111111111,-27.19775633258024,-62.3970824992227,175.38795427711523
2025-11-10 15:00:47,pinch,78.7611111111111,-27.152245644432956,-62.564819233825254,177.16913338778096
2025-11-10 15:00:47,pinch,78.26111111111112,-27.958113076126427,-62.39751716064069,178.4653641220709
2025-11-10 15:00:47,pinch,77.2611111111111,-28.587070913912136,-62.259073592321656,179.36333309709477
2025-11-10 15:00:47,pinch,78.2611111111111,-29.657328627979652,-62.37057353467537,-35.69958763046239
2025-11-10 15:00:47,pinch,78.2611111111111,-31.106694250789488,-62.752925117135206,-121.5040216662951
2025-11-10 15:00:47,pinch,77.7611111111111,-32.02303378837347,-62.801188650221675,-156.08698767802377
2025-11-10 15:00:48,pinch,78.7611111111111,-33.84112612537753,-63.006478549008115,-169.5974321879546
2025-11-10 15:00:48,pinch,76.92777777777779,-33.06365172275567,-62.7989750090658,-174.70098436098277
2025-11-10 15:00:48,pinch,76.42777777777779,-33.063760748976364,-62.78138399520015,-176.28929720990428
2025-11-10 15:00:48,pinch,75.42777777777779,-30.940189378026673,-62.643257411779615,-175.3462617078609
2025-11-10 15:00:48,pinch,75.92777777777779,-27.84618509934659,-62.312845223298126,-173.29923141703375
2025-11-10 15:00:48,pinch,75.84444444444445,-25.288530428481838,-62.3781322581422,-170.56763881623658
2025-11-10 15:00:48,pinch,75.1361111111111,-24.087734650952108,-62.65243187214274,-169.6469219836464
2025-11-10 15:00:48,pinch,64.89861111111111,-25.419271037216138,-63.99883492182232,-167.43339685768137
2025-11-10 15:00:49,pinch,53.14861111111111,-26.616485665782044,-65.52100801424425,-163.92884769080774
2025-11-10 15:00:52,rest,59.44365079365079,-32.1712960367916,-66.32306591139093,-164.72394039717324
2025-11-10 15:00:53,rest,90.27738095238097,-41.25133719437976,-66.94124803653415,-166.8639323524912
2025-11-10 15:00:53,rest,99.25,-52.13350271195896,-67.17966637370546,-169.15721204350695
2025-11-10 15:00:53,rest,99.5,-62.122080288521715,-67.42974032939554,-170.09333104542387
2025-11-10 15:00:53,rest,97.8,-68.09937184423464,-67.30170580813055,-172.32771597936755
2025-11-10 15:00:53,rest,96.8,-71.38758381357508,-66.73246519174279,-176.19432174903574
2025-11-10 15:00:53,rest,94.25,-70.90474568443892,-66.99482894988132,35.94303572717965
2025-11-10 15:00:53,rest,82.26071428571429,-68.1033945511074,-67.04171086978847,118.72302389803974
2025-11-10 15:00:53,rest,52.78015873015873,-62.487850061044256,-66.7967981888421,149.42364047255214
2025-11-10 15:00:54,pinch,55.64444444444444,-56.22836590096729,-65.88784771613749,158.65997280779297
2025-11-10 15:00:54,pinch,71.89444444444445,-49.736524411018415,-64.7277233676956,158.9310397057144
2025-11-10 15:00:54,pinch,68.14444444444445,-43.90630331250871,-63.79948279684334,157.53235377735004
2025-11-10 15:00:54,pinch,68.14444444444445,-39.22695094614738,-63.17190722777999,156.83058736864731
2025-11-10 15:00:54,pinch,68.64444444444445,-35.508774178098946,-62.59489404736321,156.08017127869832
2025-11-10 15:00:54,pinch,68.64444444444445,-33.927283328565544,-62.217822007084486,155.51145571386832
2025-11-10 15:00:54,pinch,68.81111111111112,-33.34067760621575,-61.86968538212447,154.3330014858136
2025-11-10 15:00:54,pinch,64.37777777777778,-33.95003240886504,-61.81872543596075,153.1460212753979
2025-11-10 15:00:54,pinch,63.62777777777778,-33.85370052033836,-61.64440480931745,151.73216730721248
2025-11-10 15:00:55,pinch,63.12777777777778,-34.583777116077314,-61.66187571806923,150.97435840617933
2025-11-10 15:00:55,pinch,62.794444444444444,-35.14647845980242,-61.63862845306974,150.4293275563465
2025-11-10 15:00:55,pinch,68.39444444444445,-35.28300607025721,-62.008265852254446,150.422606496933
2025-11-10 15:00:55,pinch,66.97777777777779,-35.88047820438356,-62.56150592003851,151.75358649971938
2025-11-10 15:00:55,pinch,62.4986111111111,-35.47525085270074,-62.68491936006964,156.74052956918067
2025-11-10 15:00:55,pinch,54.278968253968266,-37.04520187516949,-62.67590462681724,166.16361542760927
2025-11-10 15:00:55,rest,49.35793650793651,-37.85544809328256,-62.458240731777515,-38.65874063106399
2025-11-10 15:00:55,rest,56.8138888888889,-37.44363418414404,-61.48464768420892,-105.62243318483591
2025-11-10 15:00:56,rest,52.53055555555556,-43.202069499870895,-57.24482676916705,-126.60269873571818
2025-11-10 15:00:56,rest,47.456547619047626,-42.97032710935207,-53.11209255312582,-124.1266569283436
2025-11-10 15:00:57,pinch,36.408333333333324,-39.94392050642767,-50.039646878276514,-114.96120297911551
2025-11-10 15:00:57,pinch,51.677976190476194,-27.654426420966388,-47.14178180908149,-103.2538837306181
2025-11-10 15:00:57,pinch,36.052976190476194,3.116881129202193,-42.81638127217804,-93.16555409717978
2025-11-10 15:00:57,point,46.20595238095238,47.4855561803621,-37.97331501102554,-85.95711066505073
2025-11-10 15:00:57,point,46.519047619047626,67.0487909218048,-43.55688257861368,-76.99999297954497
2025-11-10 15:00:58,point,47.855952380952395,63.59722493472133,-36.08464761904197,-80.95977787581447
2025-11-10 15:00:58,grasp,36.265476190476186,0.14494193097420194,-18.821317199104517,-88.65057611215872
2025-11-10 15:00:58,grasp,37.33333333333333,-44.32182468388416,0.8954419692506947,-97.24976307525404
2025-11-10 15:00:59,grasp,45.758333333333326,-60.81937036250977,9.358482845703096,-104.95094918515525
2025-11-10 15:00:59,grasp,67.85595238095239,-58.46658157904969,11.765440300886702,-107.06113096763305
2025-11-10 15:00:59,grasp,50.49107142857143,-48.52764395074955,12.991089774887765,-105.99725472491329
2025-11-10 15:00:59,grasp,38.670833333333334,-18.809181487426187,4.663065830401225,-96.11783651760535
2025-11-10 15:00:59,pinch,30.28571428571428,2.4116777916120222,-7.410298693511391,-85.62159886948206
2025-11-10 15:00:59,point,33.21309523809525,13.860517834321886,-19.975593218337167,-74.89653006945937
2025-11-10 15:01:00,pinch,37.02619047619048,16.059608512051483,-26.889492549709853,-73.80064367774267
2025-11-10 15:01:00,pinch,38.65119047619047,11.110693768883909,-30.568655423843317,-78.34267499214363
2025-11-10 15:01:00,pinch,39.542857142857144,4.237509250582932,-34.150774200849305,-85.60466439136411
2025-11-10 15:01:00,rest,37.33055555555556,-0.6999219467336872,-37.600258055309894,-91.72993484950925
2025-11-10 15:01:00,pinch,38.917857142857144,-3.909835169588225,-40.54574576275213,-96.72552340725976
2025-11-10 15:01:00,pinch,45.084523809523816,-5.451961307477127,-42.197208019279365,-99.99447519095276
2025-11-10 15:01:00,pinch,47.16785714285715,-6.283857320243255,-43.468897741736114,-102.80431785648132
2025-11-10 15:01:00,pinch,50.417857142857144,-6.974647628505319,-43.8554766372516,-105.53981842304015
2025-11-10 15:01:01,pinch,48.70952380952382,-7.498030463588216,-43.37052673438413,-108.42798871639887
2025-11-10 15:01:01,pinch,47.37619047619048,-7.85292675802453,-41.75547202450009,-111.0344959531889
2025-11-10 15:01:01,pinch,47.87619047619048,-8.301195431591431,-39.92178349699171,-112.8824696483511
2025-11-10 15:01:01,pinch,49.12619047619048,-8.901947673829213,-38.45795215599651,-113.94114395148632
2025-11-10 15:01:01,pinch,44.667857142857144,-7.090381790969021,-37.387240286781555,-105.71122128841554
2025-11-10 15:01:01,pinch,44.50119047619048,-2.027465876319037,-37.70302815923084,-95.31505890659162
2025-11-10 15:01:01,pinch,45.617857142857154,7.967384763835908,-38.79479920910115,-85.36248095479264
2025-11-10 15:01:03,rest,37.84880952380953,15.17261814325089,-36.51931956540385,-82.21106778931016
2025-11-10 15:01:04,rest,44.28452380952381,26.291015671990046,-33.86518819043208,-80.72068000198982
2025-11-10 15:01:04,rest,50.422619047619044,46.08553859316746,-31.571345498321616,-79.48933005045723
2025-11-10 15:01:06,rest,44.675000000000004,55.173017799570644,-28.14918965181122,-80.14455736978161
2025-11-10 15:01:06,rest,35.88333333333333,56.567525738958125,-23.434636704396922,-82.42429719369733
2025-11-10 15:01:06,pinch,32.40833333333333,27.218460740292773,-16.65929977354058,-86.4737030371981
2025-11-10 15:01:06,pinch,29.680952380952373,26.08796551944238,-15.628780677875794,-86.61397354984675
2025-11-10 15:01:10,point,35.5,18.949087389863134,-12.638275456311199,-87.56128322588998
2025-11-10 15:01:10,point,44.958333333333336,-2.1057966826941517,-7.262197216071556,-90.2624411743876
2025-11-10 15:01:11,point,34.48333333333333,-22.887627079099104,-3.461019471857353,-93.06166696048126
2025-11-10 15:01:11,release,40.6904761904762,-41.975053666574645,0.23371457427490627,-96.5369213070583
2025-11-10 15:01:11,release,36.49404761904762,-57.6829294558594,3.6613251189651836,-100.19129711150592
2025-11-10 15:01:11,release,30.32738095238095,-68.67657460869674,7.112140983820965,-104.25926814510439
2025-11-10 15:01:11,release,34.68452380952381,-73.4444591120162,8.087841412128004,-106.15305197016691
2025-11-10 15:01:11,release,36.43452380952381,-75.88202786895408,8.53591327496825,-107.09779899032323
2025-11-10 15:01:11,release,35.517857142857146,-76.87464665631407,9.029935662272544,-108.06326599277139
2025-11-10 15:01:11,release,39.05952380952381,-77.70966650659717,9.924662368283972,-109.41093548890245
2025-11-10 15:01:12,release,38.10714285714286,-78.40810649364181,11.344944074888291,-110.66827450095644
2025-11-10 15:01:12,release,38.273809523809526,-78.88382341714066,12.996596181954367,-112.08192673793783
2025-11-10 15:01:12,release,36.523809523809526,-79.82624503723115,14.819020707432784,-113.02731326611541
2025-11-10 15:01:12,release,35.767857142857146,-80.16302657332838,15.507472155965138,-112.98271192434224
2025-11-10 15:01:12,point,39.41666666666667,-80.40980652493958,14.731747859193959,-111.78326041313665
2025-11-10 15:01:12,point,38.70833333333333,-80.15939078694753,11.058347212544911,-109.20764171531587
2025-11-10 15:01:12,point,31.010714285714286,-78.59345578277572,8.41946049531769,-107.19796067198315
2025-11-10 15:01:12,point,29.14404761904762,-76.86141973775054,6.669792793983448,-105.98828416388454
2025-11-10 15:01:13,release,27.994047619047617,-74.26465597628709,5.789858803108986,-104.2479713188223
2025-11-10 15:01:13,release,35.410714285714285,-75.75283743557661,6.486087593986545,-103.03824196062327
2025-11-10 15:01:13,release,37.275,-81.04147703330334,8.212670382239018,-101.94204816810569
2025-11-10 15:01:13,release,34.30833333333334,-84.37540541576413,11.057283177840063,-100.96090265456179
2025-11-10 15:01:58,release,39.583333333333336,-82.07676769646844,6.518883189385506,-96.8076051208703
2025-11-10 15:01:58,release,47.78333333333333,1.968517039088269,-1.0806054135020116,-91.17005152406574
2025-11-10 15:02:35,release,39.666666666666664,39.490934332864725,-11.75370456550059,-85.9813916323028
2025-11-10 15:02:42,pinch,57.77916666666667,64.9074916410139,-22.433330632423658,-81.48657905077073
2025-11-10 15:02:42,pinch,60.02083333333332,84.57647930280716,-34.505549099831896,-77.04243396535283
2025-11-10 15:02:42,pinch,55.22916666666667,98.5518362095687,-46.926102944055025,-72.23470169487213
2025-11-10 15:02:42,pinch,40.846428571428575,116.75171682509924,-55.26149475385738,-70.32318517599481
2025-11-10 15:02:42,point,37.17142857142858,135.87201449332798,-61.530419711746845,-70.59411758111811
2025-11-10 15:02:53,point,44.297619047619044,147.54522253723678,-60.90090610402001,-73.25974749284917
2025-11-10 15:02:53,point,40.34345238095238,144.69687416493508,-58.3462768138212,-74.59660733820596
2025-11-10 15:02:53,point,42.25595238095239,131.66604744328646,-55.4049512729275,-74.90321789205734
2025-11-10 15:02:53,point,49.11309523809525,116.13844896719931,-51.98173577523781,-74.92209287966202
2025-11-10 15:02:54,point,50.07142857142858,100.35865457757762,-47.700971387211105,-75.59772437112578
2025-11-10 15:03:23,point,50.988095238095234,84.41508545532889,-42.71474207301433,-75.62281208504395
2025-11-10 15:03:23,point,55.988095238095234,80.39620144427596,-40.70077337858833,-73.97465367293134
2025-11-10 15:03:23,point,49.53809523809524,77.67006410369649,-39.446115796968186,-72.8771991382748
2025-11-10 15:03:23,point,48.37619047619049,73.61800177535136,-37.69335563987589,-71.92720714821178
2025-11-10 15:03:42,point,43.84285714285715,67.82051459510824,-30.106276954912804,-73.85878423405747
2025-11-10 15:03:45,grasp,42.12380952380952,46.97506637660643,-29.64793978749158,-79.21915241721756
2025-11-10 15:03:46,release,28.46666666666666,-5.35205463264057,-32.386117721448656,-91.50931870335538
2025-11-10 15:03:46,release,37.381493506493506,-52.48148545405607,-35.062205989776416,-124.51853651844883
2025-11-10 15:03:46,rest,62.65773809523809,-80.0878032538967,-38.15543432091418,54.14488015465711
2025-11-10 15:03:46,rest,66.56190476190477,-94.05605859528825,-41.20092681082066,115.77336660306689
2025-11-10 15:03:46,rest,65.64126984126983,-102.213621395661,-45.3953381042894,133.0322653169607
2025-11-10 15:03:46,rest,74.9388888888889,-106.9430123646351,-48.0439482523104,139.2716412815281
2025-11-10 15:03:46,rest,80.18888888888888,-108.5547605693892,-49.91193213902389,142.11568867846773
2025-11-10 15:03:47,rest,80.55,-107.37077639603481,-51.84556965435185,144.10758516215785
2025-11-10 15:03:47,rest,79.05,-107.52985873493353,-52.69772757089299,143.38746419404902
2025-11-10 15:03:47,rest,79.81388888888888,-108.49664343686106,-53.21885763898625,141.27828167021073
2025-11-10 15:03:47,rest,81.3138888888889,-106.26975842447374,-53.049938064095706,140.5508431542082
2025-11-10 15:03:47,rest,84.50238095238096,-103.49954208031178,-52.650690155948205,140.8875149680294
2025-11-10 15:03:47,rest,85.33571428571429,-102.65561051127476,-52.331068388271916,141.5467101740686
2025-11-10 15:03:47,rest,84.72460317460317,-104.90550803829323,-51.25965197246005,141.28444551357478
2025-11-10 15:03:47,rest,85.50238095238096,-104.15930382501412,-50.05643549026496,142.52913808817112
2025-11-10 15:03:48,rest,85.75238095238096,-101.86035180203572,-48.25600959869724,145.15834375206754
2025-11-10 15:03:48,rest,81.00238095238096,-101.09842507422171,-45.93247905548894,146.1922435940213
2025-11-10 15:03:48,rest,76.41904761904762,-101.59054617294225,-43.756288371907544,145.7882879047566
2025-11-10 15:03:48,rest,72.80793650793649,-101.83318344084088,-41.93548722497027,144.88751281674794
2025-11-10 15:03:48,rest,66.3436507936508,-99.00309579667774,-39.61552349272711,144.13696057198564
2025-11-10 15:03:48,rest,63.01031746031745,-97.8821476330381,-38.11676172883625,142.64553096941742
2025-11-10 15:04:24,rest,66.23650793650793,-98.0604491711729,-37.717231364488164,144.56828932796216
2025-11-10 15:04:24,rest,71.01428571428572,-98.56403013646438,-38.59960002476617,150.88905521910425
2025-11-10 15:04:24,rest,74.16607142857143,-100.02820052626365,-39.570161247099314,-44.10387243491749
2025-11-10 15:04:27,rest,66.88690476190476,-104.95379680581236,-38.42216414415966,-84.2112296144395
2025-11-10 15:04:27,rest,60.42857142857143,34.301184878698336,-37.31480852148303,-83.17413959245484
2025-11-10 15:04:27,rest,52.7779761904762,74.23759569751113,-34.69427646740677,-77.9367380494875
2025-11-10 15:04:28,rest,63.973809523809535,90.43126485719662,-31.182462903457026,-76.42183276123626
2025-11-10 15:04:28,rest,70.47380952380954,101.03044747116522,-27.003291057401867,-76.94757310825882
2025-11-10 15:04:28,rest,69.89285714285715,108.98001108987299,-22.811592766715734,-76.59284218065302
2025-11-10 15:04:28,rest,69.93809523809524,106.82716542694658,-23.034973731437066,-75.18627734661392
2025-11-10 15:04:28,rest,68.43809523809526,100.63457817781975,-25.856926248511023,-73.01824638558283
2025-11-10 15:04:28,rest,61.476190476190474,91.65333962252336,-29.551111195722527,-70.78128829134165
2025-11-10 15:04:28,rest,47.35952380952381,80.4387851887895,-33.53799916205037,-68.72601484480197
2025-11-10 15:04:28,rest,46.567857142857136,69.6182773771024,-37.744750526103175,-66.32349029706016
2025-11-10 15:04:31,rest,50.24999999999999,61.157141199704135,-44.496079205016166,-63.379652887523626
2025-11-10 15:04:31,rest,54.9888888888889,54.34571967314204,-49.90417984998182,-59.99917878873091
2025-11-10 15:04:31,rest,58.88888888888889,50.481207741873874,-53.64404052136891,-56.3926380641171
2025-11-10 15:04:31,rest,65.38888888888889,46.62721136412037,-56.51649543434141,-52.264311001340985
2025-11-10 15:04:31,rest,69.38888888888889,45.248938883645785,-59.15741052274723,-47.49823375673391
2025-11-10 15:04:31,rest,74.60416666666667,45.64952102659036,-61.16789580613309,-43.910919961890656
2025-11-10 15:04:31,rest,77.85416666666667,45.31440393040379,-62.36258490866756,-43.74537564990632
2025-11-10 15:04:31,rest,79.72916666666667,47.352525929566085,-62.9008453748434,-45.33875260093019
2025-11-10 15:04:32,rest,83.0625,48.73790512681629,-62.63326914585292,-48.0519716637153
2025-11-10 15:04:32,rest,84.72222222222221,52.224939735863956,-61.6173166235445,-51.389204269518615
2025-11-10 15:04:32,rest,86.38888888888889,56.352538342547255,-60.067706532480344,-54.69074481886713
2025-11-10 15:04:32,rest,88.01388888888889,58.025512648736054,-58.827783394717564,-57.25924671924618
2025-11-10 15:04:42,rest,90.43333333333334,59.879237186430515,-57.46402066184419,-60.07320244710348
2025-11-10 15:04:42,rest,87.25000000000001,59.732925895805195,-55.71223416743717,-63.641980187821474
2025-11-10 15:04:42,rest,57.93452380952382,59.84573881608826,-53.343626729329095,-67.79839348752029
2025-11-10 15:04:43,pinch,61.20416666666667,60.918103422942025,-49.920284800406506,-72.39755598897347
2025-11-10 15:04:43,pinch,53.18988095238095,63.13052805396196,-43.9359465107287,-77.70292153959068
2025-11-10 15:04:43,point,47.15476190476191,91.59951220942268,-32.543071191156244,-82.81738281045673
2025-11-10 15:04:43,point,44.68809523809524,113.7432588561964,-27.399748797222827,-85.19236190485877
2025-11-10 15:04:43,point,46.97976190476191,121.92291894897659,-25.83411421185069,-84.85986253450798
2025-11-10 15:04:43,point,46.42976190476192,124.4777815876588,-25.7850188024701,-83.16957111386114
2025-11-10 15:04:43,point,45.40595238095239,123.66908462701753,-25.921245081968802,-80.9415217543889
2025-11-10 15:04:43,point,42.5809523809524,122.46998994777113,-26.302369338716723,-78.31910401482622
2025-11-10 15:04:43,point,42.55595238095239,123.95843159436257,-27.14265826577521,-75.95284246791256
2025-11-10 15:04:44,point,40.605952380952395,124.79479708496072,-28.407072635141102,-73.58332908757758
2025-11-10 15:04:44,point,40.46309523809524,126.28859768666467,-29.604044441869256,-72.31698783639673
2025-11-10 15:04:44,point,42.46309523809524,129.18681557857028,-30.663946272480793,-71.84531132295986
2025-11-10 15:04:44,point,44.21309523809525,131.69663938293587,-31.683526049430164,-71.48565757727533
2025-11-10 15:04:44,point,43.43928571428572,136.17247911043748,-32.637542041176864,-72.12807485148303
2025-11-10 15:04:48,point,54.32142857142858,147.5819633531666,-27.237216232799163,-78.84873741841828
2025-11-10 15:04:48,point,69.89880952380953,-39.710170220176025,-18.41944937284626,-86.77572682152176
2025-11-10 15:04:48,point,79.07976190476191,-72.59374488208168,-7.210755438396516,-94.33776192899094
2025-11-10 15:04:49,point,76.80238095238094,-73.06973342949519,5.260539237800768,-102.49148038905292
2025-11-10 15:04:59,point,89.47142857142858,-72.0613767577017,13.108375149768904,-108.35704754833013
2025-11-10 15:05:00,point,68.95833333333334,-64.34623357129972,24.12916993042185,-110.24431243943899
2025-11-10 15:05:00,grasp,55.265277777777776,-52.58071689661917,33.79209528260387,-111.23809672178248
2025-11-11 16:01:42,point,66.20833333333333,-23.552437248136712,-31.293061075934684,-69.82965229112459
2025-11-11 16:01:43,point,64.45833333333333,-33.72489856000901,-44.5581189772965,-98.55027903797296
2025-11-11 16:01:43,point,63.66666666666666,-38.10826570586943,-50.258537795193774,-110.36109686273608
2025-11-11 16:01:43,point,65.16666666666666,-40.0192081402073,-52.79455836969855,-115.40674673044083
2025-11-11 16:01:43,point,63.69999999999999,-40.89860350629376,-53.899888611080875,-117.57913256947556
2025-11-11 16:01:43,point,64.78333333333333,-41.251547485534246,-54.54601081000385,-118.83895933587195
2025-11-11 16:01:44,point,65.47083333333333,-41.652566492479465,-55.134062087137536,-119.88810827630527
2025-11-11 16:01:44,point,68.47916666666666,-42.09159841588958,-55.48137073538616,-120.73005020109471
2025-11-11 16:01:44,point,68.89583333333333,-42.43633201944635,-55.60988889504368,-121.46988213774182
2025-11-11 16:01:44,point,68.89583333333333,-42.61843753403888,-55.62902485456844,-121.87865596758208
2025-11-11 16:01:45,point,69.39583333333333,-42.56936219115089,-55.473213949376145,-121.90041809182756
2025-11-11 16:01:45,point,69.33333333333333,-42.743490054784175,-55.28148718455755,-121.77275039623257
2025-11-11 16:01:45,point,68.58333333333333,-42.94965134115447,-55.171675061240684,-121.80548723542861
2025-11-11 16:01:45,point,62.82499999999999,-43.153577990697244,-55.02685919788094,-121.85826374898008
2025-11-11 16:01:45,point,62.74166666666666,-43.28668634386452,-54.96790910760768,-121.8136761204864
2025-11-11 16:01:46,point,62.61666666666665,-43.466476915299666,-54.88957888307088,-121.79799161147736
2025-11-11 16:01:46,point,64.61666666666665,-43.800277039221385,-54.964135017926196,-122.02650813402707
2025-11-11 16:01:46,point,65.36666666666666,-44.031903768582666,-55.00601214345474,-122.09688319855329
2025-11-11 16:01:46,point,65.74166666666665,-44.21531126573975,-55.01148042042721,-121.92524330001538
2025-11-11 16:01:47,point,68.08333333333331,-44.136730775070234,-55.03591033225208,-121.68349341401473
2025-11-11 16:01:47,point,67.58333333333331,-44.16719738889758,-55.07927240616827,-121.66079314800157
2025-11-11 16:01:47,point,67.58333333333331,-44.14864044257453,-55.1180641283877,-121.69812866935575
2025-11-11 16:01:47,point,65.36666666666665,-44.08089722394812,-55.138998776995294,-121.74485327165236
2025-11-11 16:01:47,point,67.20833333333331,-43.951878877971254,-55.09303266915701,-121.88477449365533
2025-11-11 16:01:48,point,68.20833333333333,-43.80537347484355,-55.01891939663906,-122.1504589287187
2025-11-11 16:01:48,point,68.20833333333333,-43.886946582143025,-54.95336415324397,-122.35545902121451
2025-11-11 16:01:48,point,69.02083333333331,-43.858813041334486,-54.888902451619025,-122.35624211391465
2025-11-11 16:01:48,point,69.02083333333333,-44.03889587609683,-54.87157968246872,-122.35057195676788
2025-11-11 16:01:48,point,69.14583333333333,-44.26574558549494,-54.9037193592567,-122.48479684509071
2025-11-11 16:01:49,point,71.02083333333333,-44.40016247313932,-54.97352835073059,-122.51021052251737
2025-11-11 16:01:49,point,70.77083333333333,-44.58376978249478,-55.01032429943186,-122.38047607455665
2025-11-11 16:01:49,point,71.39583333333331,-44.45869059061757,-55.048856554516874,-122.1338514943158
2025-11-11 16:01:49,point,70.02083333333333,-44.52333466429867,-54.97897134345443,-121.91821791303725
2025-11-11 16:01:49,point,70.47083333333332,-43.60371307977941,-54.87098785100069,-120.8028972557587
2025-11-11 16:01:50,point,62.66666666666666,-39.152768466678374,-54.50148543430881,-117.38725044064847
2025-11-11 16:01:50,point,56.652272727272724,-32.840730704235625,-52.803822204180335,-112.62503091325814
2025-11-11 16:01:50,point,44.11060606060605,-15.697947653137899,-49.06868504197975,-100.75219988507041
2025-11-11 16:01:52,point,56.11666666666667,19.395276754322687,-52.89431735805264,-74.37275894115403
2025-11-11 16:01:52,point,43.13333333333333,45.87228565043863,-57.90946030573205,-49.92703355028966
2025-11-11 16:01:52,rest,57.57083333333334,61.44675304907393,-62.3807699026374,-32.90941822568629
2025-11-11 16:01:52,rest,69.6404761904762,70.98853838773464,-65.97817319556427,-22.122378336691334
2025-11-11 16:01:52,rest,69.19880952380952,76.97111883913826,-68.87575094028998,-14.947159528457991
2025-11-11 16:01:53,rest,73.34702380952382,80.04614770357823,-71.38595663552518,-10.8434367124174
2025-11-11 16:01:53,rest,73.68035714285715,81.40629491204947,-72.6919330429123,-9.09275880773055
2025-11-11 16:01:53,rest,76.89880952380953,82.2018978284122,-73.47146995270694,-8.793907515191565
2025-11-11 16:01:53,rest,74.35714285714288,83.19232399315015,-73.3969455916054,-8.640660757514372
2025-11-11 16:01:54,rest,72.14880952380952,83.28018659435676,-73.07743750279747,-8.766822883642307
2025-11-11 16:01:54,rest,70.68869047619049,83.22341063896567,-72.6024780292892,-9.270537276585799
2025-11-11 16:01:54,rest,68.93869047619047,83.2562011549244,-72.41869274991376,-9.842802950908847
2025-11-11 16:01:54,rest,71.76369047619048,83.35832126263213,-73.08710154760664,-10.689894814687332
2025-11-11 16:01:54,rest,74.73214285714286,83.16136853060556,-73.88874752615973,-11.176125512354464
2025-11-11 16:01:55,rest,78.26547619047618,82.2852471476046,-74.86821981918182,-11.619712425386865
2025-11-11 16:01:55,rest,83.97380952380952,81.66741725684142,-75.86637415286306,-11.917302906441641
2025-11-11 16:01:55,rest,84.97380952380952,80.86445220095297,-76.7649469770706,-11.817563008802244
2025-11-11 16:01:55,rest,88.47380952380952,80.14930545537628,-77.3761790469047,-11.376381124729594
2025-11-11 16:01:55,rest,88.18214285714285,79.00408074966703,-76.91908429889887,-10.681776961110033
2025-11-11 16:01:56,rest,86.91396103896105,77.83254854995974,-75.96078815589362,-9.421659974090064
2025-11-11 16:01:56,rest,83.11666666666666,77.28309095984045,-75.27284541490249,-7.8506403041136
2025-11-11 16:01:56,rest,82.3577380952381,77.54654212592953,-74.83091727224021,-5.710193418612654
2025-11-11 16:01:56,rest,80.52440476190478,78.00463902122459,-74.75713825592973,-3.633331528103922
2025-11-11 16:01:57,rest,75.94107142857145,78.48284806904144,-74.76185431103144,-1.8456903465827337
2025-11-11 16:01:57,rest,66.17970779220781,79.14677579812341,-74.78056849438707,0.1022532464578465
2025-11-11 16:01:57,rest,63.64637445887447,79.88420653924982,-74.78666501450485,1.877613712952193
2025-11-11 16:01:57,rest,62.11304112554112,80.4302809699502,-74.99001822098963,2.750860085902108
2025-11-11 16:01:57,rest,60.64637445887446,80.75663976790574,-75.17625010413708,2.9361209652352676
2025-11-11 16:01:58,rest,60.47970779220779,81.0000353014881,-75.32190563343978,2.969229087771955
2025-11-11 16:01:58,rest,60.68804112554113,81.39280871693606,-75.44705915930807,2.9035538152524767
2025-11-11 16:01:58,rest,63.188041125541126,81.69199910147148,-75.54699584925237,2.5821145150773313
2025-11-11 16:01:58,rest,65.46185064935065,81.94297757247631,-75.59670898717339,2.2378712106457193
2025-11-11 16:01:58,rest,68.83685064935065,82.35873690881004,-75.5329765764686,1.9430941565988555
2025-11-11 16:01:59,rest,69.00351731601732,82.69096194947733,-75.3999531291806,1.840283725103419
2025-11-11 16:01:59,rest,71.3797077922078,82.98814698479401,-75.1757472944319,1.9241021610115405
2025-11-11 16:01:59,rest,70.8047077922078,83.08831695043483,-74.84490780812848,2.2280027327518788
2025-11-11 16:02:00,rest,70.80470779220781,83.03650853822678,-74.52510704561968,2.6994711271375356
2025-11-11 16:02:00,rest,70.12613636363636,82.90905427769599,-74.204097451771,3.179353791198329
2025-11-11 16:02:00,rest,69.60113636363637,82.5682914276673,-73.94804944501587,3.45421100857619
2025-11-11 16:02:00,rest,67.07613636363637,82.34764154821279,-73.70558213845169,3.795492428105458
2025-11-11 16:02:01,rest,67.72613636363637,82.15517062703573,-73.51717417599704,3.968494441297112
2025-11-11 16:02:01,rest,67.09637445887446,81.85250226114152,-73.55294901554414,3.5844048939335096
2025-11-11 16:02:01,rest,68.29637445887448,81.34985698745655,-73.72307391787079,2.7249209863122683
2025-11-11 16:02:01,rest,70.32202380952381,77.58151797889218,-72.3575534132134,-2.651707246180526
2025-11-11 16:02:02,rest,79.65595238095239,69.29972523281434,-70.48302601363872,-20.210888133994104
2025-11-11 16:02:02,rest,77.87261904761905,46.24396498726477,-68.06279678266839,-51.90602253701762
2025-11-11 16:02:02,rest,79.33928571428572,2.3030879133375706,-65.44910223690502,-81.4892690248237
2025-11-11 16:02:02,rest,85.08928571428572,-32.14487639777939,-62.7840186703544,-101.7827820890721
2025-11-11 16:02:03,rest,94.83928571428572,-52.51982516491321,-59.91663814621829,-114.46448381062231
2025-11-11 16:02:03,rest,98.5,-62.38183999073046,-58.766271067923995,-119.783409108209
2025-11-11 16:02:03,rest,99.5,-66.47808011389714,-57.86013717342413,-122.02796525671441
2025-11-11 16:02:03,rest,99.5,-68.07034729745547,-57.327527871304625,-122.77302037701234
2025-11-11 16:02:03,rest,99.5,-68.7871610192564,-56.95747118328717,-123.15830628786958
2025-11-11 16:02:04,rest,99.0,-68.92807585921202,-56.56353234675963,-123.22238860422108
2025-11-11 16:02:04,rest,86.42261904761904,-63.390188029473535,-53.61567539429265,-119.9093283034725
2025-11-11 16:02:04,rest,58.761255411255405,-49.90876297372401,-50.500570936445826,-113.17071597188055
2025-11-11 16:02:04,point,32.695238095238096,-25.516035847764,-45.49297700290963,-102.34474765419694
2025-11-11 16:02:04,point,28.14166666666667,2.0786773448683284,-38.85280780880566,-84.6510941537477
2025-11-11 16:02:05,grasp,62.21111111111111,24.717327813253508,-30.55454263512355,-59.6942901680017
2025-11-11 16:02:05,grasp,90.77777777777779,40.46382032192478,-20.237543685779738,-35.05428902741386
2025-11-11 16:02:05,grasp,95.08333333333333,49.84659431393787,-13.96805056380608,-16.209440650731597
2025-11-11 16:02:05,grasp,99.25,50.17340479399883,-10.411451329637881,-15.483302621449859
2025-11-11 16:02:06,grasp,99.0,48.145508851358514,-9.36496798231441,-22.790730041739412
2025-11-11 16:02:06,grasp,98.75,47.96348074437769,-8.713282707154718,-27.424395169092094
2025-11-11 16:02:06,grasp,98.75,47.70536802152187,-7.9882828269589075,-29.986865858962336
2025-11-11 16:02:06,grasp,99.25,47.87189847493659,-7.299261322317022,-30.828002843212982
2025-11-11 16:02:07,grasp,98.75,48.08877191948562,-6.658411681307034,-31.186013649456022
2025-11-11 16:02:07,grasp,99.25,47.85115849989954,-5.9499174614207035,-31.696390130866067
2025-11-11 16:02:07,grasp,99.25,48.42373522764365,-5.413244963847035,-31.397381310592486
2025-11-11 16:02:07,grasp,99.25,49.235794385708274,-5.098630626734341,-31.79091939214969
2025-11-11 16:02:07,grasp,99.25,50.1596631476761,-4.348877711028382,-29.344744274906212
2025-11-11 16:02:08,grasp,98.0,51.94901015888635,-7.1962937973368275,-32.858727034931306
2025-11-11 16:02:08,grasp,85.72619047619047,53.95356033519312,-13.638608486821798,-38.33945895006714
2025-11-11 16:02:08,grasp,53.99761904761905,56.33210990907344,-25.560356907488348,-43.81876673588083
2025-11-11 16:02:08,grasp,55.90773809523809,58.61502776142129,-43.54837555911831,-49.11320226207095
2025-11-11 16:02:09,grasp,44.18928571428571,60.79564966333939,-54.78129396642778,-53.498952906009805
2025-11-11 16:02:09,point,61.55873015873016,63.319443301135124,-53.67916082386902,-58.56905159923197
2025-11-11 16:02:09,point,60.35039682539682,63.757677376109996,-53.17352090437156,-60.54710058303442
2025-11-11 16:02:09,point,60.017063492063485,63.90434116472684,-53.202318689238744,-61.03666248811126
2025-11-11 16:02:09,point,60.01706349206349,64.03293148667208,-53.199347534042076,-60.80204085108144
2025-11-11 16:02:10,point,60.767063492063485,63.88770111132982,-53.19863957119135,-60.59205737737087
2025-11-11 16:02:10,point,61.85039682539683,63.68271711809341,-53.61345478510729,-60.65657840411937
2025-11-11 16:02:10,point,61.60039682539682,63.61598713222817,-53.430685003190575,-60.63636980560956
2025-11-11 16:02:10,point,61.35039682539683,63.6503593460601,-53.25083410850975,-60.47074921324034
2025-11-11 16:02:11,point,61.35039682539683,63.38064376697206,-53.25157869839747,-60.556765873778694
2025-11-11 16:02:11,point,61.85039682539683,62.92291199617002,-53.14672193473333,-60.87205119663996
2025-11-11 16:02:11,point,54.94206349206349,62.838637081739876,-52.90123224309376,-60.86478199933798
2025-11-11 16:02:11,point,57.06706349206348,62.765466407404276,-52.32787138290742,-61.05274592696313
2025-11-11 16:02:11,point,57.65039682539682,60.79436750898272,-51.87092020966123,-61.93743086497762
2025-11-11 16:02:12,point,53.02539682539682,56.25944394738251,-48.61664769823108,-64.56920082781713
2025-11-11 16:02:12,grasp,53.13928571428572,57.94912879336132,-44.98778406500114,-60.45371784799863
2025-11-11 16:02:12,grasp,54.03452380952382,61.02534771008909,-38.97100846182468,-53.59634495817529
2025-11-11 16:02:12,grasp,58.584523809523816,63.830117890303896,-23.773913804885794,-45.08576368013982
2025-11-11 16:02:13,grasp,84.925,66.06522793346316,-3.898207569738214,-35.17205867464797
2025-11-11 16:02:13,grasp,97.73809523809524,68.8572188989524,11.650502886584182,-25.385507149777702
2025-11-11 16:02:13,grasp,99.0,72.25832003252731,20.66924568547526,-14.634308007002712
2025-11-11 16:02:13,grasp,98.0,73.56399186207267,23.772440506653943,-10.232089135775029
2025-11-11 16:02:14,grasp,98.5,74.00014568873871,25.32768067091618,-8.02825653971475
2025-11-11 16:02:14,grasp,99.0,74.24626149832929,26.348592746814198,-7.163792270060302
2025-11-11 16:02:14,grasp,99.0,74.4896914534123,27.01236015242631,-6.6443339425869965
2025-11-11 16:02:14,grasp,99.5,74.87412007906809,27.254256750068066,-6.125479760154743
2025-11-11 16:02:14,grasp,99.21428571428571,74.92582789458703,27.876583138087895,-6.046858297515163
2025-11-11 16:02:15,grasp,99.21428571428571,74.9386288772491,28.58817108955516,-5.740799218064753
2025-11-11 16:02:15,grasp,99.46428571428571,75.0344771558687,29.365430054420756,-5.405671920254988
2025-11-11 16:02:15,grasp,99.2642857142857,75.12787799333228,29.961791606656792,-5.284494776883367
2025-11-11 16:02:15,grasp,99.5142857142857,75.15272641918219,30.190007098881505,-5.252007538282998
2025-11-11 16:02:15,grasp,99.5142857142857,74.86120384337588,30.38273437384558,-5.332622518076809
2025-11-11 16:02:16,grasp,99.8,74.93688118895555,30.009476291480212,-5.241563511210737
2025-11-11 16:02:16,grasp,99.8,74.90471346694916,29.724498991928037,-5.224617646627657
2025-11-11 16:02:16,grasp,99.25,75.18342824258467,28.8037220454357,-3.8035192662687205
2025-11-11 16:02:16,grasp,99.5,76.03294815004837,29.03285812195452,-0.26806786506963487
2025-11-11 16:02:17,grasp,99.25,77.74886877356494,28.415695997055323,3.9688215166214977
2025-11-11 16:02:17,grasp,97.83333333333333,79.79144212741664,27.718618709505847,8.524959762989926
2025-11-11 16:02:17,grasp,94.83333333333333,81.9004898827275,26.601092274292114,13.635538136676539
2025-11-11 16:02:17,grasp,93.33333333333333,83.39072891559891,24.96811398937497,17.93889789410257
2025-11-11 16:02:17,grasp,96.08333333333333,83.74764033441085,25.65327728090093,18.599283920700266
2025-11-11 16:02:18,grasp,96.58333333333333,82.77605374538916,27.72832611649543,15.60511995827759
2025-11-11 16:02:18,grasp,97.75,80.94912773240185,30.35970621272277,11.37801297787823
2025-11-11 16:02:18,grasp,98.25,79.24265008666148,31.207772711673126,6.568663467859589
2025-11-11 16:02:18,grasp,99.5,77.40885016966413,30.840891851503482,1.2138735371883924
2025-11-11 16:02:18,grasp,99.0,75.85201625220517,30.276766127356154,-3.763086982400651
2025-11-11 16:02:19,grasp,99.0,74.90885484870613,29.698870708392104,-6.383720088051243
2025-11-11 16:02:19,grasp,98.75,74.64182458596372,29.225250896838098,-7.333011745019516
2025-11-11 16:02:19,grasp,98.75,74.50133809305805,29.346180577397075,-7.491752356315686
2025-11-11 16:02:19,grasp,98.5,74.24969068635986,29.646095418434154,-7.485122536792884
2025-11-11 16:02:20,grasp,98.5,74.12639360496732,29.991471762971507,-7.434172861829729
2025-11-11 16:02:20,grasp,99.5,74.27879651400944,29.89373637945475,-7.162087538189161
2025-11-11 16:02:20,grasp,99.46428571428571,74.18238627535786,29.236643942147964,-8.305490680231195
2025-11-11 16:02:20,grasp,99.71428571428571,73.7447540023513,28.370522752343476,-10.097435441844755
2025-11-11 16:02:20,grasp,99.71428571428571,72.33187508840868,27.07634744262052,-12.562001130378997
2025-11-11 16:02:21,grasp,97.13095238095238,70.6286136725683,25.702770712021263,-15.409168436948942
2025-11-11 16:02:21,grasp,90.10714285714286,68.37426408200182,24.172149015744104,-18.585334894043612
2025-11-11 16:02:21,grasp,83.60119047619047,65.7488626442314,22.71901660438742,-22.03214907142778
2025-11-11 16:02:21,grasp,82.23452380952381,63.710177448755644,21.969918515851376,-23.904029181758105
2025-11-11 16:02:22,grasp,85.90238095238095,62.444003137766316,21.346320056016417,-24.179349963787395
2025-11-11 16:02:22,grasp,85.65238095238095,62.78162293304871,21.102510345629852,-23.675857546297117
2025-11-11 16:02:22,grasp,86.27380952380952,63.54322515555674,20.960570968755086,-22.93665299147846
2025-11-11 16:02:22,grasp,86.02380952380952,64.62947006629307,20.802810198625988,-22.266112918253178
2025-11-11 16:02:23,grasp,86.48809523809523,66.0812849202172,20.589593669765257,-21.46355956679916
2025-11-11 16:02:23,grasp,86.48809523809523,67.40872652109292,20.458716154842556,-20.63286314859476
2025-11-11 16:02:23,grasp,92.94642857142857,69.06273097204888,19.11512595636503,-18.46718941232123
2025-11-11 16:02:23,grasp,96.70238095238095,71.52108957828429,17.66921424995389,-15.041890998808238
2025-11-11 16:02:23,grasp,98.32142857142857,74.27673449028495,16.9239753074361,-10.865478757517392
2025-11-11 16:02:24,grasp,98.82142857142857,76.49326676815728,16.6676734871743,-7.38693052651562
2025-11-11 16:02:24,grasp,98.57142857142857,77.95096885816928,16.744011990474426,-4.970668921959778
2025-11-11 16:02:24,grasp,97.91666666666667,79.0249345484826,16.376792635429464,-2.57035590632834
2025-11-11 16:02:24,grasp,95.83333333333334,79.7602999773727,19.12698689280157,-1.747615619026704
2025-11-11 16:02:24,grasp,97.25,79.79911813999153,21.74252731788733,-2.045359068688173
2025-11-11 16:02:25,grasp,97.08333333333334,79.00331093498582,22.855663597462794,-3.445196091216545
2025-11-11 16:02:25,grasp,97.08333333333334,78.51678517884795,23.104358446227863,-4.513929142244778
2025-11-11 16:02:25,grasp,98.08333333333334,78.37440008369288,22.487630930672132,-4.8629758739345945
2025-11-11 16:02:25,grasp,97.83333333333334,78.34951670337725,21.354325655412566,-5.354424655547874
2025-11-11 16:02:26,grasp,98.16666666666667,78.32354094377587,20.339729069112206,-5.149133489467834
2025-11-11 16:02:26,grasp,97.66666666666667,78.01505993064497,19.646223418272903,-5.1070435792422355
2025-11-11 16:02:26,grasp,98.16666666666667,78.0567958032336,19.25202751059753,-4.636791252525023
2025-11-11 16:02:26,grasp,97.66666666666667,77.95226393749584,19.190315062777564,-4.319911073487603
2025-11-11 16:02:27,grasp,97.66666666666667,77.81851175858989,19.28764277486284,-4.37728460288799
2025-11-11 16:02:27,grasp,97.66666666666667,77.82681399245148,20.023876951833195,-4.180109740643876
2025-11-11 16:02:27,grasp,97.66666666666667,77.78583747316387,19.787757762096557,-4.225287936369336
2025-11-11 16:02:27,grasp,97.5,77.91592044657666,19.647226222704543,-4.220748809326822
2025-11-11 16:02:27,grasp,97.66666666666667,77.89955465328906,19.783505697288035,-4.552357651434502
2025-11-11 16:02:28,grasp,97.41666666666667,77.8142198213357,20.17627598481048,-5.243867220168726
2025-11-11 16:02:28,grasp,97.66666666666667,77.73217900472586,19.864857664086163,-5.067471859499646
2025-11-11 16:02:28,grasp,97.66666666666667,77.65456662120467,20.224338458240673,-5.37057161272973
2025-11-11 16:02:28,grasp,97.41666666666667,77.55505862946505,20.896228459720984,-5.841524125037942
2025-11-11 16:02:29,grasp,98.66666666666667,77.3318832069853,22.08631244884225,-6.524747825501882
2025-11-11 16:02:29,grasp,98.66666666666667,76.9618934265299,23.039121483715668,-7.0244347363854125
2025-11-11 16:02:29,grasp,98.66666666666667,76.85765901555948,23.033284807494418,-6.691430138970059
2025-11-11 16:02:29,grasp,97.58333333333334,76.874652495893,23.132706040171534,-6.716497149172122
2025-11-11 16:02:29,grasp,97.33333333333334,76.86736378883633,21.75229619429807,-6.473932439503593
2025-11-11 16:02:30,grasp,97.66666666666667,76.8599201376777,20.73482671260534,-5.939619047344993
2025-11-11 16:02:30,grasp,97.73809523809524,76.26372134239159,21.511799008151087,-5.862280703435956
2025-11-11 16:02:30,grasp,96.57142857142857,75.4602263273113,24.60902688942684,-5.742709776101436
2025-11-11 16:02:30,grasp,97.32142857142857,74.38051905281041,23.089429921041095,-5.933723025089171
2025-11-11 16:02:31,grasp,95.82142857142857,73.40926007366438,13.902608028319658,-6.759395570148518
2025-11-11 16:02:31,grasp,93.37499999999999,73.40624109449257,-1.3135966399734738,-5.930363864125622
2025-11-11 16:02:31,grasp,51.961111111111116,73.49403886148941,-13.491514428683962,-4.448092173318702
2025-11-11 16:02:31,release,81.85000000000001,73.8209307598712,-23.968273360640776,-1.9678486819246495
2025-11-11 16:02:31,release,84.64166666666668,74.35153408558273,-32.92785988869722,0.913098401400588
2025-11-11 16:02:32,release,81.95833333333333,74.45792262282598,-37.28926500632751,2.751531138993713
2025-11-11 16:02:32,release,86.55833333333334,74.1613600191075,-34.79451266452344,4.216541797956396
2025-11-11 16:02:32,release,93.725,72.88799372176592,-26.734721561333316,4.14155687866731
2025-11-11 16:02:32,release,88.99166666666667,71.56302871627204,-19.5938885348409,3.1152971212844305
2025-11-11 16:02:32,release,83.58333333333333,70.71761457563886,-14.483595536205868,2.212617434777083
2025-11-11 16:02:33,release,85.24999999999999,70.08343601941398,-11.447453335988435,1.170169198383094
2025-11-11 16:02:33,release,80.35,69.86620182814968,-9.708133418739635,0.7873818603101073
2025-11-11 16:02:33,release,78.6,69.62403088255412,-8.527855941287179,0.29839551328037117
2025-11-11 16:02:33,release,75.85000000000001,69.6140700953388,-8.110308222122491,0.5470138588586875
2025-11-11 16:02:33,release,75.31666666666666,69.81145784999129,-9.08493709031739,1.4826953991415965
2025-11-11 16:02:34,release,74.44166666666668,70.03182616940495,-10.261828359962745,2.2967983986100315
2025-11-11 16:02:34,release,73.45833333333334,70.18819614970893,-11.263711946168485,2.311494439082129
2025-11-11 16:02:34,release,72.95833333333334,70.19811826962571,-11.760362089251988,1.7902497607719872
2025-11-11 16:02:34,release,72.70833333333334,70.48221140514832,-12.456133183138391,2.0501349839538405
2025-11-11 16:02:35,release,71.89166666666667,70.60728716346928,-12.797705140169068,1.6414621906907811
2025-11-11 16:02:35,release,72.55833333333334,70.47228610540714,-12.48724598306604,0.9422807371468769
2025-11-11 16:02:35,release,71.00833333333334,70.13483274730524,-11.840817710177124,0.2398391086017252
2025-11-11 16:02:35,release,70.65833333333335,70.0367089637064,-10.948954289114157,-0.11176091709722338
2025-11-11 16:02:35,release,60.11666666666666,70.79892615614975,-12.000339843893364,1.3343375750052215
2025-11-11 16:02:36,point,58.68333333333333,70.28293956273615,-16.334628348576512,-1.3090660208264924
2025-11-11 16:02:36,point,88.71666666666667,69.28791143000956,-21.796855315067255,-6.34289488813269
2025-11-11 16:02:36,point,96.95833333333334,67.8997841813255,-28.135964803037574,-13.071091737272251
2025-11-11 16:02:36,point,96.08333333333333,65.9234773679301,-34.84935816113548,-21.60838276080628
2025-11-11 16:02:37,point,96.73333333333333,63.16938456926639,-41.10559790061178,-30.780312623848125
2025-11-11 16:02:37,point,96.58333333333333,58.4533761270412,-44.69328878801363,-41.6034805442885
2025-11-11 16:02:37,point,96.58333333333333,55.27587879389177,-45.49582108381237,-47.95784006925469
2025-11-11 16:02:37,point,97.08333333333333,52.160424396646,-45.627884918219266,-52.49019584294258
2025-11-11 16:02:37,point,97.63333333333333,46.20107135298965,-44.504583640679456,-59.28857517793686
2025-11-11 16:02:38,point,97.8,36.17938920057418,-42.43943573644836,-68.89912337208794
2025-11-11 16:02:38,point,96.8,22.35269039064792,-39.80583485408782,-78.48941326158885
2025-11-11 16:02:38,point,95.0,6.214917719962893,-37.402805229939105,-86.28420556506707
2025-11-11 16:02:39,point,95.13333333333334,-12.239622059389172,-35.76965609269597,-92.85018057590722
2025-11-11 16:02:39,point,93.50833333333333,-28.283394474847306,-33.84141989157922,-97.49842026061701
2025-11-11 16:02:39,point,86.70833333333334,-38.622439571029005,-32.294712645900816,-99.41282972160579
2025-11-11 16:02:39,point,86.20833333333333,-43.48448882133342,-31.210304257331487,-99.33378528614992
2025-11-11 16:02:40,point,87.86428571428571,-46.11553213467194,-30.57991065640673,-98.71607617418852
2025-11-11 16:02:40,point,89.15,-47.97549571121355,-29.974193473731667,-97.94867968370245
2025-11-11 16:02:40,point,89.9,-47.9861678600044,-28.570172005350024,-96.80068969634092
2025-11-11 16:02:40,point,89.64166666666667,-48.62556090946451,-27.241640509621686,-96.04776852402873
2025-11-11 16:02:41,point,89.69166666666666,-48.05417790550341,-26.662671957307587,-95.76778385988979
2025-11-11 16:02:41,point,92.50595238095238,-36.02192361018355,-27.5041510048916,-95.10340533767982
2025-11-11 16:02:41,point,92.27083333333334,-26.153514836792276,-29.988753051592703,-94.51176827903456
2025-11-11 16:02:41,point,91.20833333333334,-19.198706070466834,-33.35394404355797,-94.07730604409568
2025-11-11 16:02:42,point,91.5,-13.418112293890221,-37.238607345283114,-93.37981523092614
2025-11-11 16:02:42,point,91.5439393939394,-8.457080402424547,-41.219497964770085,-92.44274005548526
2025-11-11 16:02:42,point,85.50227272727271,-5.373315346933541,-44.66395950432357,-91.76777727077592
2025-11-11 16:02:42,point,85.90227272727272,-5.674100110884924,-47.33850696811882,-91.96529266366787
2025-11-11 16:02:42,point,85.90227272727272,-5.218244318892687,-48.91790382305279,-91.8286639714953
2025-11-11 16:02:43,point,86.06893939393939,-3.9675891999966177,-49.596830246585036,-91.39127239531976
2025-11-11 16:02:43,point,86.40227272727272,-3.3705051088646716,-49.334079320690265,-91.19662468761034
2025-11-11 16:02:43,point,86.6189393939394,-2.92981451377897,-48.44319496903334,-91.05776711587941
2025-11-11 16:02:43,point,85.4939393939394,-1.9963768115059402,-46.953037091641576,-90.73239056078494
2025-11-11 16:02:43,point,86.09999999999998,-1.5837736632943165,-45.18855026673896,-90.59445141539321
2025-11-11 16:02:44,point,82.31666666666666,-4.15336960813305,-43.038932650385725,-91.48859024671845
2025-11-11 16:02:44,point,73.88333333333334,-9.78248982556332,-40.523571035116746,-92.98678569542693
2025-11-11 16:02:44,point,69.04999999999998,-18.680105272760898,-38.520566356228684,-94.73696566248046
2025-11-11 16:02:44,point,62.88333333333333,-33.78529555644625,-37.088308296221,-97.16965878656299
2025-11-11 16:02:45,point,57.8,-48.7996952146594,-36.05503070199348,-99.6264430869809
2025-11-11 16:02:45,point,48.399999999999984,-60.8067496794004,-35.50475947132945,-102.22878057524302
2025-11-11 16:02:45,point,56.75,-66.02798265482033,-35.234379142884904,-103.84101294245322
2025-11-11 16:02:45,point,63.16666666666666,-65.7275278436041,-35.42388266983603,-104.98459340152598
2025-11-11 16:02:45,point,66.51428571428572,-62.45369930130265,-35.09169300857541,-105.61875339990854
2025-11-11 16:02:46,point,69.73511904761905,-56.280898062992364,-34.38445988521666,-105.13561503867962
2025-11-11 16:02:46,point,77.73511904761905,-52.68734710251695,-33.73968422572314,-104.97078406832908
2025-11-11 16:02:46,point,76.4125,-49.70451711628846,-32.74361098306986,-104.1931111904726
2025-11-11 16:02:46,point,75.6625,-47.99308361919487,-31.817261894618376,-103.65099735208179
2025-11-11 16:02:46,point,77.87310606060606,-46.6269808114791,-31.21663997050523,-103.00438321327503
2025-11-11 16:02:47,point,83.14155844155844,-45.11940238469676,-30.429852939349296,-101.77259610838655
2025-11-11 16:02:47,point,84.32727272727273,-43.83648160293971,-29.64836342150496,-100.38917056216218
2025-11-11 16:02:47,point,84.1375,-42.24760962317548,-28.729789629971346,-98.82767328857183
2025-11-11 16:02:47,point,83.46666666666667,-26.685069016987704,-31.90108728950809,-95.27634700402044
2025-11-11 16:02:48,point,84.76666666666667,-2.0441159162527214,-37.67608165330593,-90.27808565427031
2025-11-11 16:02:48,point,85.26666666666667,17.833868097138808,-43.757039857665006,-85.1648451040274
2025-11-11 16:02:48,point,62.14444444444446,31.748038195675193,-48.51071613549534,-78.35189416561906
2025-11-11 16:02:48,point,44.327777777777776,42.462149110890834,-55.57778368365008,-67.00834682244337
2025-11-11 16:02:49,point,55.51111111111111,48.869907787679715,-64.20911154044423,-47.569125079974555
2025-11-11 16:02:49,point,55.98730158730159,51.32310340508687,-69.28795811249476,-34.40647156971668
2025-11-11 16:02:49,point,65.56666666666666,52.51108377864145,-72.92526708040397,-24.020426665753412
2025-11-11 16:02:49,point,70.675,53.460622130857594,-76.61784828371341,-12.698398827204068
2025-11-11 16:02:49,point,76.36666666666667,53.10266210545946,-81.07303910926801,-5.864737571746948
2025-11-11 16:02:50,point,83.38333333333333,50.77636889561961,-84.37300274255657,-2.0330573215042054
2025-11-11 16:02:50,point,83.4,47.829173286029175,-86.113627183055,-2.8736060596105335
2025-11-11 16:02:50,point,84.06666666666666,43.486075926478314,-86.93836230906473,-4.562639144864205
2025-11-11 16:02:50,point,86.71666666666667,38.57223333052579,-87.22802761401242,-7.031069875692621
2025-11-11 16:02:50,point,86.63333333333333,33.723732067921404,-87.04108579952376,-9.900833703234577
2025-11-11 16:02:51,point,88.91666666666666,29.65703504408878,-86.42984771698963,-12.91926372856059
2025-11-11 16:02:51,point,89.0,26.214265354505994,-85.57794436307451,-16.26374252117961
2025-11-11 16:02:51,point,83.225,24.277305057372043,-84.05155576783397,-19.469474153797762
2025-11-11 16:02:51,point,84.29166666666666,24.55134872961667,-82.27594902735443,-20.223017772283637
2025-11-11 16:02:52,point,81.59166666666667,27.179154125694268,-79.92760365689803,-18.36848768404051
2025-11-11 16:02:52,point,77.60357142857143,30.613158104382382,-77.45716552711389,-15.777924584714714
2025-11-11 16:02:52,point,71.9077380952381,34.67711480905559,-75.03186089321059,-13.205233023058405
2025-11-11 16:02:52,point,65.18273809523811,38.850627363812194,-73.1415647311867,-11.609728277195966
2025-11-11 16:02:52,point,77.46666666666667,42.01204150306008,-73.10506418863407,-9.649447003545692
2025-11-11 16:02:53,point,76.55000000000001,44.15955682443635,-73.83726404004139,-9.261165796107075
2025-11-11 16:02:53,point,83.54166666666667,44.30915672671378,-75.67888807101696,-11.143486177576548
2025-11-11 16:02:53,point,88.39166666666667,43.8141284083986,-77.74058796827694,-13.049052466819086
2025-11-11 16:02:53,point,96.175,43.2916593607669,-79.57814210577396,-14.34248562358583
2025-11-11 16:02:54,point,97.46666666666667,43.41539630333823,-81.10090486059016,-14.1267667556845
2025-11-11 16:02:54,point,96.86666666666667,44.15420623363376,-82.01448235023881,-13.470844019718182
2025-11-11 16:02:54,point,97.13333333333333,44.82721617970344,-82.66583735604112,-13.644723954076895
2025-11-11 16:02:54,point,97.53333333333333,45.502135544408056,-83.10280102463612,-13.173607374734068
2025-11-11 16:02:54,point,96.86666666666666,45.990716271556,-83.34406782988455,-13.375452238295118
2025-11-11 16:02:55,point,93.43333333333332,46.43288351699992,-83.35515053451826,-14.275497083823316
2025-11-11 16:02:55,point,82.79166666666666,46.1323900797494,-82.2771431667011,-15.44949018557531
2025-11-11 16:02:55,point,76.875,45.75593382671653,-80.81092214221286,-16.819009277339347
2025-11-11 16:02:55,point,68.04166666666667,45.428748907066336,-78.99960477257335,-17.182161588344826
2025-11-11 16:02:55,point,64.375,45.4245050979481,-76.83206703632509,-16.759399607332814
2025-11-11 16:02:56,point,58.81666666666667,45.72129666846543,-74.45014505337238,-15.831076802617126
2025-11-11 16:02:56,point,57.116666666666674,46.00867700431644,-72.13326075394752,-14.425952160451901
2025-11-11 16:02:56,point,57.116666666666674,46.15767813762597,-71.41731240953374,-14.569407509355472
2025-11-11 16:02:56,point,56.86666666666667,46.062976972067005,-72.7018648039023,-16.308205182661787
2025-11-11 16:02:57,point,54.11666666666668,45.76567416046349,-73.37760257476324,-18.629633144268826
2025-11-11 16:02:57,point,55.61666666666667,45.29519582355327,-73.75928970767889,-20.909631650420923
2025-11-11 16:02:57,point,56.11666666666667,44.7166049316215,-74.12226666912971,-23.222557038405693
2025-11-11 16:02:57,point,55.86666666666667,43.82742247700391,-74.39053422380195,-25.84904064762644
2025-11-11 16:02:57,point,53.69999999999999,43.97711166999679,-76.06012337547958,-27.473188079527215
2025-11-11 16:02:58,point,54.53333333333333,44.03798107343785,-77.33859451083494,-28.202532830502893
2025-11-11 16:02:58,point,55.45,44.407051533793975,-79.11264779316248,-28.284243430611212
2025-11-11 16:02:58,point,54.449999999999996,43.48818614582218,-81.04788670945632,-29.996898630931682
2025-11-11 16:02:58,point,49.699999999999996,41.302006592750885,-82.57591837347661,-33.977066506715936
2025-11-11 16:02:58,point,41.858333333333334,39.684208676417384,-83.7894864038542,-39.21247472419474
2025-11-11 16:02:59,rest,38.825,37.369388402927505,-84.39447483389031,-45.58096451155309
2025-11-11 16:02:59,rest,52.62380952380952,34.97237730674556,-84.97865982266451,-50.32374487621575
2025-11-11 16:02:59,rest,57.62380952380952,32.95260872607547,-85.34102727778827,-54.18000776978022
2025-11-11 16:02:59,rest,56.641666666666666,33.1496891550529,-85.40410734244311,-55.59212527492693
2025-11-11 16:03:00,rest,47.108333333333334,34.791518426137394,-85.49169754649793,-54.197356217537816
2025-11-11 16:03:00,point,39.44345238095237,35.97883125235022,-85.21441896743727,-50.52653236540988
2025-11-11 16:03:00,point,41.88511904761905,37.512119625917585,-84.17278068370557,-45.716319655997026
2025-11-11 16:03:00,point,40.2125,39.84595967845117,-83.0352502378839,-41.863646663079116
2025-11-11 16:03:00,point,41.70416666666667,41.80989575894438,-82.06246934054798,-39.647694573406135
2025-11-11 16:03:01,point,46.06666666666666,43.199430955702425,-81.7143616519166,-37.98829155359016
2025-11-11 16:03:01,point,52.86666666666666,44.63943881182874,-81.6548173137943,-37.503249440763355
2025-11-11 16:03:01,point,55.28333333333333,45.91858401779372,-81.84639449694834,-38.11392555632622
2025-11-11 16:03:01,point,58.28333333333333,47.33045429998152,-82.4709705132378,-38.12644319166722
2025-11-11 16:03:02,pinch,58.475,39.05676490589332,-82.7672951064859,-48.20045174119429
2025-11-11 16:03:02,pinch,71.80000000000001,21.091439287107203,-83.69978876084757,-66.56021940698557
2025-11-11 16:03:02,pinch,77.60833333333333,-3.749930058558414,-83.82142070703185,-96.96972365441167
2025-11-11 16:03:03,pinch,78.6702380952381,-26.79419930810807,-83.08135016383862,-126.92157628124104
2025-11-11 16:03:03,pinch,71.40357142857144,-44.122288523003824,-81.76994279924924,-147.95558718635806
2025-11-11 16:03:03,pinch,68.38690476190477,-55.65697228057486,-79.96494109407642,-161.08981382244957
2025-11-11 16:03:03,pinch,66.10357142857143,-58.2939068757954,-78.37294647402578,-167.53817604777822
2025-11-11 16:03:03,pinch,68.38690476190476,-58.7618516643817,-77.16652657568416,-169.77551909721734
2025-11-11 16:03:04,pinch,66.47023809523809,-58.59049840814487,-76.26641849355313,-171.10554099048613
2025-11-11 16:03:04,pinch,66.80357142857142,-58.49840611934994,-75.54906467424874,-171.98067602249594
2025-11-11 16:03:04,pinch,67.30357142857142,-58.421122790880105,-74.9362480202511,-172.85327337266443
2025-11-11 16:03:04,pinch,67.80357142857142,-58.40302611130241,-74.60323695611206,-173.5684619750287
2025-11-11 16:03:05,pinch,68.30357142857143,-58.51111921737893,-74.47637192503231,-174.1389941693672
2025-11-11 16:03:05,pinch,70.80357142857143,-58.765020136290545,-74.50140104227775,-174.90195970551883
2025-11-11 16:03:05,pinch,70.38690476190477,-58.960708609025076,-74.58690840872956,-175.5557936977682
2025-11-11 16:03:05,pinch,70.38690476190477,-59.11923530382685,-74.6779511580038,-176.4010003807141
2025-11-11 16:03:05,pinch,70.88690476190477,-59.25577217904244,-74.70223497114037,-176.9755911914778
2025-11-11 16:03:06,pinch,70.70357142857144,-59.35265982537433,-74.68437279430674,-177.69535093722837
2025-11-11 16:03:06,pinch,70.70357142857144,-59.44330704983674,-74.64178532465979,-178.26296183752333
2025-11-11 16:03:06,pinch,69.88690476190477,-59.64506433861362,-74.5678363604141,-178.72124059969076
2025-11-11 16:03:06,pinch,70.63690476190477,-60.07174161122593,-74.43864838046572,-179.12021783779994
2025-11-11 16:03:06,pinch,70.88690476190477,-60.38058279349909,-74.25985484196408,-179.27022866428445
2025-11-11 16:03:07,pinch,70.38690476190477,-60.630502693311485,-74.08349164990315,-179.61571986937668
2025-11-11 16:03:07,pinch,70.55357142857143,-60.943558158713614,-73.93116568579023,35.976947519440586
2025-11-11 16:03:07,pinch,71.88690476190477,-61.26021945013811,-73.76256528491177,121.7870477742589
2025-11-11 16:03:07,pinch,72.38690476190477,-61.43437981792156,-73.55978432100467,155.88185981485844
2025-11-11 16:03:08,pinch,72.38690476190477,-61.358275763394445,-73.39339581079008,169.37426812822105
2025-11-11 16:03:08,pinch,72.88690476190477,-61.39523190365429,-73.23837834163672,174.56481876273259
2025-11-11 16:03:08,pinch,73.88690476190476,-61.47725785860666,-73.04618268074316,176.47012730357426
2025-11-11 16:03:08,pinch,74.88690476190477,-61.424112867229674,-72.86094843782732,177.11679685333218
2025-11-11 16:03:08,pinch,75.38690476190477,-61.50092089251168,-72.70796134304909,177.22824820604492
2025-11-11 16:03:09,pinch,76.88690476190477,-61.4125713534346,-72.54704715648681,176.92072808032836
2025-11-11 16:03:09,pinch,77.38690476190477,-61.39937933787305,-72.4216605950642,176.45293794839455
2025-11-11 16:03:09,pinch,77.88690476190477,-61.311373599935024,-72.33092882602935,175.96726000625637
2025-11-11 16:03:09,pinch,77.88690476190477,-61.23444625946188,-72.32380448266863,175.66942570844714
2025-11-11 16:03:10,pinch,77.88690476190477,-61.2106795283253,-72.29788968912922,175.5996652677651
2025-11-11 16:03:10,pinch,76.88690476190477,-61.092018027196886,-72.28259567036952,175.57189913943546
2025-11-11 16:03:10,pinch,76.88690476190477,-61.05665320177577,-72.2674735739694,175.86677229218583
2025-11-11 16:03:10,pinch,76.88690476190477,-61.29370470458159,-72.1892510829743,176.11729536121337
2025-11-11 16:03:10,pinch,76.88690476190477,-61.469938668222554,-72.12248111752243,176.62536585662883
2025-11-11 16:03:11,pinch,76.38690476190477,-61.57438638743385,-72.10385962591002,176.93153135516695
2025-11-11 16:03:11,pinch,76.38690476190477,-61.62232058263888,-72.07223059687256,177.1251543986051
2025-11-11 16:03:11,pinch,76.38690476190477,-61.72600572224941,-72.03875800413107,177.41419772639148
2025-11-11 16:03:11,pinch,76.13690476190477,-61.924512173360995,-71.97444798782016,177.4523450833654
2025-11-11 16:03:11,pinch,76.88690476190477,-61.60218418437888,-71.92464915768153,177.89240667916937
2025-11-11 16:03:12,pinch,76.63690476190477,-61.199474996244376,-71.81682166803358,178.02311898293888
2025-11-11 16:03:12,pinch,75.80357142857143,-61.06139891702326,-71.7394556778179,178.35781621797108
2025-11-11 16:03:12,pinch,75.30357142857143,-60.94688471415946,-71.6238403238206,178.54304745146817
2025-11-11 16:03:12,pinch,75.80357142857143,-60.51541405356927,-71.48508777784241,178.94605742272716
2025-11-11 16:03:13,pinch,76.30357142857143,-60.06670285721732,-71.36613886825286,179.38368948081
2025-11-11 16:03:13,pinch,76.30357142857143,-59.817861116550766,-71.20474787673398,179.3048114484282
2025-11-11 16:03:13,pinch,75.55357142857143,-59.86019797080179,-71.04344154264714,179.15566361087917
2025-11-11 16:03:13,pinch,77.97023809523809,-59.634656225215565,-70.90194128367557,178.46420124206577
2025-11-11 16:03:14,pinch,78.63690476190477,-59.392062720574344,-70.81296906163348,177.4253188037187
2025-11-11 16:03:14,pinch,78.45833333333334,-58.91946915563974,-70.72875315917216,175.99292219197025
2025-11-11 16:03:14,pinch,78.45833333333334,-58.55021180674568,-70.7035612453478,174.26605886077442
2025-11-11 16:03:14,pinch,81.58333333333334,-58.35153216289822,-70.82950745824081,172.67171902180357
2025-11-11 16:03:14,pinch,85.58333333333334,-58.09169014406578,-71.01057416349767,171.04168418992788
2025-11-11 16:03:15,pinch,87.08333333333334,-57.9243552352329,-71.1079980056433,170.01239848940628
2025-11-11 16:03:15,pinch,88.66666666666667,-57.576267865446894,-71.18279730330929,169.3888551350518
2025-11-11 16:03:15,pinch,89.33333333333334,-57.81995691209053,-71.21530712913396,169.20107710945254
2025-11-11 16:03:15,pinch,88.33333333333334,-57.943901141621396,-71.11971945798973,169.4111504372599
2025-11-11 16:03:16,pinch,88.33333333333334,-58.036870407441285,-70.84092927823528,169.40776347470052
2025-11-11 16:03:16,pinch,88.08333333333334,-58.3396412601348,-70.44139745084954,169.14747359902378
2025-11-11 16:03:16,pinch,86.83333333333334,-58.60515120194964,-69.92165010211552,168.69316494176968
2025-11-11 16:03:17,pinch,85.33333333333334,-59.28198289770568,-69.482830865907,168.4871763327619
2025-11-11 16:03:17,pinch,85.83333333333334,-59.80496043844121,-69.07457979982615,167.97228087516424
2025-11-11 16:03:17,pinch,86.66666666666667,-60.622773344783724,-68.82826552811767,166.87957037691797
2025-11-11 16:03:17,pinch,86.66666666666667,-61.12122994534185,-68.71288381856023,165.94591740491347
2025-11-11 16:03:17,pinch,86.66666666666667,-61.34319823624329,-68.67779132724553,165.3860312089295
2025-11-11 16:03:18,pinch,86.33333333333334,-61.59259812862703,-68.75285264026867,165.42525018338569
2025-11-11 16:03:18,pinch,84.83333333333334,-61.51473577547329,-68.82778839281298,165.6710577496058
2025-11-11 16:03:18,pinch,84.47619047619048,-61.46228766376147,-69.12843783486609,166.2310276245687
2025-11-11 16:03:18,pinch,84.08333333333334,-60.90480473179367,-69.31258545550642,167.48993433071388
2025-11-11 16:03:19,pinch,82.58333333333334,-60.486598380507,-69.48260364961567,168.72547694745293
2025-11-11 16:03:19,pinch,82.08333333333334,-60.007221383905886,-69.66303173018402,169.86270149977406
2025-11-11 16:03:19,pinch,82.08333333333334,-59.63696791364294,-69.88225929235958,170.65156556643763
2025-11-11 16:03:19,pinch,83.08333333333334,-59.7562057543374,-70.06338747206182,170.8869888174416
2025-11-11 16:03:19,pinch,84.33333333333334,-59.50019409909046,-70.71807662989099,172.5814175099215
2025-11-11 16:03:20,pinch,85.33333333333334,-60.06748574620082,-72.19482855723459,174.32864567304281
2025-11-11 16:03:20,pinch,85.33333333333334,-60.45314352542237,-74.04321278144735,177.57509941542145
2025-11-11 16:03:20,pinch,84.58333333333334,-60.75476206385271,-75.65829205380103,-35.27721053762821
2025-11-11 16:03:20,pinch,85.33333333333334,-60.79630199628713,-77.39016599834227,-118.58933657876435
2025-11-11 16:03:20,pinch,87.41666666666667,-60.418485739580554,-79.11395977246536,-149.7280678826424
2025-11-11 16:03:21,pinch,88.41666666666667,-60.621675627200666,-80.0139922269262,-163.40352412413785
2025-11-11 16:03:21,pinch,89.75000000000001,-60.7537963230341,-80.0347786755546,-168.5800875100267
2025-11-11 16:03:21,pinch,84.125,-60.70196234796495,-80.1078474755588,-173.10318493675666
2025-11-11 16:03:21,pinch,68.75,-60.11444903713783,-80.72521608300605,38.525454398901104
2025-11-11 16:03:21,pinch,54.78333333333333,-59.386020567073885,-81.14302221713292,121.10240746046293
2025-11-11 16:03:22,rest,55.141666666666666,-61.35510459314549,-81.37221621487826,-59.08592358228711
2025-11-11 16:03:22,pinch,52.19047619047619,-58.81902330092511,-83.96009734102061,-123.64080117190969
2025-11-11 16:03:22,pinch,44.14880952380953,-52.31554224906556,-84.5427603266379,-138.63714907570005
2025-11-11 16:03:23,point,41.58730158730158,-43.84247855568723,-80.15637346377727,-131.31436045707267
2025-11-11 16:03:23,point,42.976190476190474,-35.21945487720606,-71.64986804161725,-118.61776861970199
2025-11-11 16:03:23,point,49.041666666666664,-24.62447481232529,-59.96434834401131,-106.70607937694618
2025-11-11 16:03:23,point,46.18333333333333,-5.570793736953314,-47.82060701610899,-94.59430041187582
