session_id,user_name,timestamp,label,gesture_name,feature_0,feature_1,feature_2,feature_3,feature_4,feature_5,feature_6,feature_7,feature_8,feature_9,feature_10,feature_11,feature_12,feature_13,feature_14,feature_15,feature_16,feature_17,feature_18,feature_19,feature_20,feature_21,feature_22,feature_23,feature_24,feature_25,feature_26,feature_27,feature_28,feature_29,feature_30,feature_31,feature_32,feature_33,feature_34,feature_35,feature_36,feature_37,feature_38,feature_39,feature_40,feature_41,feature_42,feature_43,feature_44,feature_45,feature_46,feature_47,feature_48,feature_49,feature_50,feature_51,feature_52,feature_53,feature_54,feature_55,feature_56,feature_57,feature_58,feature_59,feature_60,feature_61,feature_62,feature_63,feature_64,feature_65,feature_66,feature_67,feature_68,feature_69,feature_70,feature_71,feature_72,feature_73,feature_74,feature_75,feature_76,feature_77,feature_78,feature_79,feature_80,feature_81,feature_82,feature_83,feature_84,feature_85,feature_86,feature_87,feature_88,feature_89,feature_90,feature_91,feature_92,feature_93,feature_94,feature_95,feature_96,feature_97,feature_98,angle_thumb_joint_0,angle_thumb_joint_1,angle_thumb_joint_2,angle_index_joint_0,angle_index_joint_1,angle_index_joint_2,angle_middle_joint_0,angle_middle_joint_1,angle_middle_joint_2,angle_ring_joint_0,angle_ring_joint_1,angle_ring_joint_2,angle_pinky_joint_0,angle_pinky_joint_1,angle_pinky_joint_2,angle_yaw,angle_pitch,angle_roll,angle_palm_spread
20251105_002239,kamal,2025-11-05 00:23:39,0,rest,0.0,0.0,0.0,-0.04947853088378906,-0.0245589017868042,-0.03857528790831566,-0.09646132588386536,-0.06476402282714844,-0.0714912861585617,-0.13963741064071655,-0.09466773271560669,-0.10117673873901367,-0.1798631250858307,-0.10720622539520264,-0.13323940336704254,-0.05921602249145508,-0.2241165041923523,-0.06328661739826202,-0.08084732294082642,-0.33364927768707275,-0.09849507361650467,-0.08912992477416992,-0.40746259689331055,-0.12478901445865631,-0.09245595335960388,-0.46562838554382324,-0.14282011985778809,-0.0037991702556610107,-0.22777247428894043,-0.06862623989582062,-0.0008176267147064209,-0.3501015305519104,-0.09619057923555374,0.0033516287803649902,-0.42870259284973145,-0.11885641515254974,0.009245336055755615,-0.4921671152114868,-0.1350184977054596,0.04522961378097534,-0.19786465167999268,-0.07678599655628204,0.06201064586639404,-0.30511152744293213,-0.10508303344249725,0.0746840238571167,-0.3708460330963135,-0.12302763015031815,0.0851743221282959,-0.4238818883895874,-0.13505087792873383,0.08727669715881348,-0.14512336254119873,-0.08753984421491623,0.11671483516693115,-0.2149256467819214,-0.11325493454933167,0.13345134258270264,-0.2515682578086853,-0.1191801205277443,0.14361411333084106,-0.2797442674636841,-0.12135148793458939,0.3690504729747772,0.4289056658744812,0.412954717874527,0.366808146238327,0.10539602488279343,0.10211799293756485,0.15613627433776855,0.24818673729896545,0.49573731422424316,0.5104350447654724,0.4529561400413513,0.3370579481124878,0.18263527750968933,0.2517244815826416,166.11334228515625,174.6721649169922,163.55300903320312,175.86441040039062,175.05874633789062,176.24481201171875,175.33758544921875,176.274658203125,177.1419677734375,172.80703735351562,178.0078582763672,177.51783752441406,168.60397338867188,169.4901885986328,173.6930694580078,0.48156967759132385,0.9116374850273132,-0.05924709141254425,-80.59942626953125,-74.62496948242188,-151.6651611328125,0.4289056658744812,166.1133392998076,174.6721683741563,163.55301437617163,175.86441251369328,175.0587435616292,176.24481015310965,175.33758863397583,176.27466167026245,177.14196629111723,172.80703352526228,178.0078515127853,177.517830156057,168.6039708487796,169.49019223309062,173.69306962123116,-80.59942313473276,-74.6249715828364,-151.66516063340003,0.42890565622307797
20251105_002239,kamal,2025-11-05 00:23:39,0,rest,0.0,0.0,0.0,-0.06811225414276123,-0.04350060224533081,-0.027661971747875214,-0.12810412049293518,-0.10186558961868286,-0.05118880793452263,-0.18236997723579407,-0.13969910144805908,-0.0728323757648468,-0.2309560328722,-0.16043776273727417,-0.09674693644046783,-0.06489193439483643,-0.23458003997802734,-0.04073474556207657,-0.08056235313415527,-0.3295685052871704,-0.06678593158721924,-0.09045779705047607,-0.3936762809753418,-0.0891646295785904,-0.09595665335655212,-0.449432373046875,-0.10614155232906342,-0.011953502893447876,-0.24056518077850342,-0.04845738783478737,-0.005811750888824463,-0.35139697790145874,-0.06831547617912292,0.0008641481399536133,-0.4248506426811218,-0.08799681067466736,0.007762253284454346,-0.48715484142303467,-0.1042284369468689,0.03596094250679016,-0.2177754044532776,-0.058970704674720764,0.05203011631965637,-0.31631773710250854,-0.08170315623283386,0.06463506817817688,-0.3796694278717041,-0.09904927760362625,0.07308682799339294,-0.435266375541687,-0.11258828639984131,0.07697096467018127,-0.17346006631851196,-0.07111086696386337,0.10726335644721985,-0.2438950538635254,-0.0930778905749321,0.13007214665412903,-0.28615492582321167,-0.10013233870267868,0.14757052063941956,-0.32424068450927734,-0.10496021807193756,0.31910964846611023,0.40470537543296814,0.4101509153842926,0.41253024339675903,0.1103823184967041,0.08384270966053009,0.1339130699634552,0.2973901927471161,0.4716600179672241,0.49824056029319763,0.45549383759498596,0.37138351798057556,0.16975845396518707,0.21468095481395721,168.43267822265625,170.7546844482422,167.38916015625,171.80001831054688,176.06626892089844,176.30224609375,173.96241760253906,174.81236267089844,178.8321075439453,177.8651885986328,177.06748962402344,177.06228637695312,175.4026336669922,170.89544677734375,175.93661499023438,0.4853855073451996,0.8315092921257019,-0.04385397955775261,-77.91415405273438,-77.8909912109375,-156.6917724609375,0.41253024339675903,168.43267705423816,170.75468836901382,167.38916275847467,171.80001508995835,176.06627103109608,176.30225330264687,173.96242434140555,174.81235603821142,178.83211257055282,177.8651899700859,177.06748530466115,177.06228507382735,175.4026293138494,170.89544178116037,175.93661581627757,-77.914151798154,-77.89099016831388,-156.69177026801293,0.4125302496661158
20251105_002239,kamal,2025-11-05 00:23:39,0,rest,0.0,0.0,0.0,-0.07345405220985413,-0.052171528339385986,-0.03123241662979126,-0.13580778241157532,-0.10818099975585938,-0.056265197694301605,-0.191984623670578,-0.14809834957122803,-0.07977934926748276,-0.23856931924819946,-0.17938673496246338,-0.1044982448220253,-0.07345876097679138,-0.26788902282714844,-0.034671615809202194,-0.08928260207176208,-0.3710501790046692,-0.06179947033524513,-0.09770414233207703,-0.43783897161483765,-0.08602599054574966,-0.1025511622428894,-0.4990599751472473,-0.1043839380145073,-0.023475468158721924,-0.2758138179779053,-0.04131974279880524,-0.016042083501815796,-0.3930116295814514,-0.06170598044991493,-0.009978920221328735,-0.4690612256526947,-0.08254456520080566,-0.004315763711929321,-0.5359649658203125,-0.09923171252012253,0.022189587354660034,-0.25437408685684204,-0.0521322600543499,0.03734925389289856,-0.3528408408164978,-0.07482322305440903,0.04698607325553894,-0.41595929861068726,-0.09192702919244766,0.05387440323829651,-0.4739930033683777,-0.10482354462146759,0.06297966837882996,-0.20900100469589233,-0.06572160124778748,0.09337577223777771,-0.27660173177719116,-0.08811771869659424,0.11643269658088684,-0.32220232486724854,-0.09666796028614044,0.13711020350456238,-0.36479341983795166,-0.10193106532096863,0.34740743041038513,0.4266737401485443,0.4151099622249603,0.41894787549972534,0.10506528615951538,0.0851932168006897,0.13733577728271484,0.31625115871429443,0.5200707912445068,0.5450907945632935,0.4884258210659027,0.40281930565834045,0.15842191874980927,0.22205467522144318,173.29051208496094,173.3947296142578,174.8705291748047,170.11512756347656,174.5756378173828,175.96200561523438,171.50550842285156,174.49562072753906,178.651611328125,176.09808349609375,177.83338928222656,176.84384155273438,172.87599182128906,172.2575225830078,176.71292114257812,0.4889298677444458,0.7487169504165649,-0.038768213242292404,-77.17926025390625,-79.50100708007812,-156.65455627441406,0.4266737401485443,173.29051879521583,173.39472286266636,174.87053390824084,170.11512742985508,174.5756367698047,175.9620087749301,171.505512811163,174.49561886195917,178.65161403908078,176.09808116847938,177.8333896754969,176.84384831715488,172.87598903547664,172.25752117726552,176.71292851313487,-77.17926383967834,-79.50100382689696,-156.6545500916017,0.42667373731209074
20251105_002239,kamal,2025-11-05 00:23:39,0,rest,0.0,0.0,0.0,-0.07570582628250122,-0.04704231023788452,-0.029438382014632225,-0.13947159051895142,-0.1034165620803833,-0.05129077658057213,-0.19334974884986877,-0.14302581548690796,-0.07170561701059341,-0.23960083723068237,-0.17550206184387207,-0.09308309108018875,-0.07522943615913391,-0.2590762972831726,-0.031473442912101746,-0.09060057997703552,-0.36575818061828613,-0.053425006568431854,-0.09890159964561462,-0.4310334622859955,-0.07312839478254318,-0.10453268885612488,-0.4903075397014618,-0.08855344355106354,-0.025683552026748657,-0.26707935333251953,-0.03747650235891342,-0.019192755222320557,-0.3868023753166199,-0.054016195237636566,-0.014694541692733765,-0.4629513621330261,-0.07249193638563156,-0.01054355502128601,-0.5284253358840942,-0.08782045543193817,0.019857168197631836,-0.248329758644104,-0.04740907996892929,0.03632652759552002,-0.3502328395843506,-0.06788264214992523,0.04634582996368408,-0.41545411944389343,-0.08551230281591415,0.053713858127593994,-0.47446778416633606,-0.09903382509946823,0.06075078248977661,-0.20868104696273804,-0.05980934947729111,0.09493988752365112,-0.2770025134086609,-0.08086223900318146,0.11858469247817993,-0.3216022253036499,-0.09035737812519073,0.1393377184867859,-0.3626598119735718,-0.09665374457836151,0.34258782863616943,0.4207727909088135,0.4188668429851532,0.42265257239341736,0.1014271080493927,0.08465322852134705,0.14084790647029877,0.3112458884716034,0.5090876817703247,0.5357769131660461,0.48766028881073,0.4003486931324005,0.15938226878643036,0.2236528992652893,169.98696899414062,174.4062042236328,176.07518005371094,170.73460388183594,174.75991821289062,177.22879028320312,171.4850311279297,174.23263549804688,179.4762725830078,175.45413208007812,176.2345733642578,177.33831787109375,170.01959228515625,175.0685577392578,176.9354248046875,0.48926106095314026,0.6836716532707214,-0.035232871770858765,-78.22900390625,-80.49756622314453,-159.66493225097656,0.42265257239341736,169.98697365986172,174.40620161445386,176.07517362218962,170.73460994996677,174.75991281517452,177.22878353239363,171.48503823611128,174.23264311453087,179.47626725050623,175.45413346542097,176.23458048894483,177.33831458000185,170.0195943362567,175.06855484426157,176.9354230297858,-78.22900733556796,-80.4975696672026,-159.66493062068406,0.42265257837762676
20251105_002239,kamal,2025-11-05 00:23:39,0,rest,0.0,0.0,0.0,-0.07570552825927734,-0.04107534885406494,-0.0274881049990654,-0.13654357194900513,-0.09748852252960205,-0.047193292528390884,-0.18657046556472778,-0.1366601586341858,-0.06591670960187912,-0.2338465452194214,-0.15874797105789185,-0.08580511808395386,-0.07271736860275269,-0.2589876651763916,-0.025102239102125168,-0.08945930004119873,-0.361937940120697,-0.04295505955815315,-0.09824183583259583,-0.4239358603954315,-0.06021205708384514,-0.10426807403564453,-0.4782980978488922,-0.07411223649978638,-0.021953821182250977,-0.26641732454299927,-0.03144919499754906,-0.014979362487792969,-0.38602709770202637,-0.043774478137493134,-0.01082494854927063,-0.45827943086624146,-0.05940673127770424,-0.0075349509716033936,-0.5193008184432983,-0.07305468618869781,0.02450162172317505,-0.24856609106063843,-0.0419919453561306,0.041706621646881104,-0.3532276153564453,-0.059576112776994705,0.052182912826538086,-0.418398380279541,-0.0757606253027916,0.05995798110961914,-0.47670978307724,-0.0885658785700798,0.06457346677780151,-0.21192562580108643,-0.05507899820804596,0.09892028570175171,-0.28412073850631714,-0.07334281504154205,0.12397485971450806,-0.3282371163368225,-0.08130981773138046,0.1451985239982605,-0.36796069145202637,-0.08710602670907974,0.34502112865448,0.42588481307029724,0.432930052280426,0.43295130133628845,0.10506968200206757,0.08130122721195221,0.1381826549768448,0.29537713527679443,0.4951096177101135,0.5244684219360352,0.4885602295398712,0.40504956245422363,0.1648685187101364,0.21547339856624603,165.50970458984375,174.4622039794922,166.89418029785156,172.25234985351562,174.1907196044922,177.96495056152344,171.9571075439453,173.68458557128906,179.55044555664062,176.34262084960938,175.6318359375,177.88241577148438,171.6634979248047,174.32940673828125,177.83770751953125,0.491365522146225,0.6322428584098816,-0.030723733827471733,-77.68305969238281,-81.9503173828125,-161.07875061035156,0.43295130133628845,165.50970672052125,174.46221053069232,166.89418455087426,172.25235386889807,174.1907171371023,177.96494751948418,171.95711265702448,173.68458098631527,179.55045058343936,176.3426251562516,175.63182987454113,177.8824100473252,171.66349199036753,174.32941029565188,177.83771210550177,-77.68306263143408,-81.95031466947488,-161.07875533582288,0.4329512896807243
20251105_002239,kamal,2025-11-05 00:23:39,0,rest,0.0,0.0,0.0,-0.07496371865272522,-0.032642364501953125,-0.026336191222071648,-0.13746631145477295,-0.08775699138641357,-0.04596766456961632,-0.18698814511299133,-0.1296291947364807,-0.06475377082824707,-0.2352983057498932,-0.14938169717788696,-0.08508724719285965,-0.07431811094284058,-0.2502536177635193,-0.029569778591394424,-0.09417930245399475,-0.35388311743736267,-0.04917493835091591,-0.10364750027656555,-0.4184425473213196,-0.06710617244243622,-0.10959732532501221,-0.4752498269081116,-0.08149202167987823,-0.02407705783843994,-0.2620025873184204,-0.036713819950819016,-0.017563223838806152,-0.3835819661617279,-0.050935048609972,-0.013472676277160645,-0.45787325501441956,-0.06751716881990433,-0.009799271821975708,-0.5197803974151611,-0.08190768212080002,0.021816104650497437,-0.24830657243728638,-0.047422558069229126,0.0396980345249176,-0.35577392578125,-0.0661378875374794,0.047891050577163696,-0.42308279871940613,-0.0833611711859703,0.05343791842460632,-0.4807424247264862,-0.09717458486557007,0.06194356083869934,-0.2138965129852295,-0.06044033169746399,0.09896019101142883,-0.2866515517234802,-0.0798003301024437,0.1241479218006134,-0.3326588273048401,-0.08900277316570282,0.14516296982765198,-0.3726963400840759,-0.09583918005228043,0.34929028153419495,0.43365320563316345,0.43967559933662415,0.4412887990474701,0.10928308963775635,0.07586818188428879,0.1417364627122879,0.2914104163646698,0.4944845139980316,0.5262855887413025,0.4933677911758423,0.41129064559936523,0.16387984156608582,0.21410533785820007,162.18643188476562,176.8805694580078,162.23182678222656,173.0594940185547,174.57870483398438,177.40382385253906,171.6514892578125,174.09750366210938,179.4449462890625,175.52597045898438,174.87130737304688,178.36434936523438,169.3585968017578,176.2078399658203,178.32078552246094,0.4910554885864258,0.5917535424232483,-0.03482859954237938,-77.23492431640625,-80.9820785522461,-165.0604705810547,0.4412887990474701,162.186425267305,176.88056724977582,162.23182642111092,173.05949092440287,174.57870590191627,177.40382402382383,171.65148584284222,174.09751112236344,179.44494320507565,175.52596949551275,174.87130774284068,178.36434688719697,169.35858989045633,176.2078333338224,178.32078838907162,-77.23492727055478,-80.98207948983595,-165.0604729821461,0.4412888124693679
20251105_002239,kamal,2025-11-05 00:23:39,0,rest,0.0,0.0,0.0,-0.07604381442070007,-0.03787344694137573,-0.027923543006181717,-0.14123660326004028,-0.0914839506149292,-0.04881596937775612,-0.19359290599822998,-0.1302204132080078,-0.06871573626995087,-0.2391323447227478,-0.15349620580673218,-0.0898432582616806,-0.07580432295799255,-0.2535433769226074,-0.029669737443327904,-0.09769365191459656,-0.3567965626716614,-0.05050479993224144,-0.1075935959815979,-0.41982030868530273,-0.0692981481552124,-0.11341166496276855,-0.4755631685256958,-0.08401646465063095,-0.024061888456344604,-0.2664656341075897,-0.036412645131349564,-0.019080817699432373,-0.3871283531188965,-0.051652997732162476,-0.016776055097579956,-0.4599885940551758,-0.06860028952360153,-0.01446998119354248,-0.5221536159515381,-0.08300524950027466,0.023007571697235107,-0.25429582595825195,-0.04713837057352066,0.04023385047912598,-0.361696720123291,-0.0658150389790535,0.04729825258255005,-0.4297334551811218,-0.08256367594003677,0.05243253707885742,-0.48860323429107666,-0.09599458426237106,0.06381696462631226,-0.22093236446380615,-0.060450028628110886,0.09843671321868896,-0.2943021357059479,-0.07892318814992905,0.12218129634857178,-0.34124842286109924,-0.08721259981393814,0.14243358373641968,-0.38223424553871155,-0.09336700290441513,0.3457842767238617,0.4317733347415924,0.4442348778247833,0.4448888301849365,0.10936702787876129,0.07596246153116226,0.13936087489128113,0.2980220913887024,0.49606582522392273,0.5289079546928406,0.5006967782974243,0.4184587597846985,0.16678674519062042,0.21048399806022644,166.8348846435547,175.81224060058594,169.59007263183594,173.35977172851562,173.97854614257812,176.67311096191406,172.51947021484375,174.0797119140625,179.68911743164062,176.0530548095703,174.91664123535156,178.67559814453125,170.9144287109375,175.8311004638672,178.60769653320312,0.4937221109867096,0.5547637343406677,-0.034733470529317856,-77.56768798828125,-80.83351135253906,-166.85324096679688,0.4448888301849365,166.83488052159808,175.81223754039925,169.59007862284955,173.35976911841,173.97853899015166,176.67311044318583,172.51947166781238,174.0797066849566,179.68912119864487,176.05305742375114,174.91664365341484,178.67559948603235,170.91443149804894,175.8311022358019,178.6076920369587,-77.56768599666322,-80.83350999626894,-166.85324749249654,0.44488882359263904
20251105_002239,kamal,2025-11-05 00:23:39,0,rest,0.0,0.0,0.0,-0.07643139362335205,-0.03560495376586914,-0.02444629557430744,-0.14415788650512695,-0.09284728765487671,-0.042498353868722916,-0.19630402326583862,-0.13216513395309448,-0.05998498201370239,-0.2444138526916504,-0.1503428816795349,-0.07901706546545029,-0.0819539725780487,-0.25881776213645935,-0.027082744985818863,-0.10397481918334961,-0.3633466362953186,-0.044899147003889084,-0.11316365003585815,-0.42576760053634644,-0.06150951236486435,-0.11814612150192261,-0.48076146841049194,-0.07508019357919693,-0.02945864200592041,-0.27356812357902527,-0.03488064557313919,-0.025836050510406494,-0.39789915084838867,-0.04666471853852272,-0.02353084087371826,-0.47098949551582336,-0.06196017190814018,-0.021006792783737183,-0.5309982895851135,-0.07575400918722153,0.019106626510620117,-0.2614287734031677,-0.046166907995939255,0.03568226099014282,-0.3716314435005188,-0.06184165179729462,0.04379618167877197,-0.4403020143508911,-0.07888448238372803,0.04989659786224365,-0.4979853928089142,-0.09334919601678848,0.06147110462188721,-0.22665393352508545,-0.059725478291511536,0.0969967246055603,-0.30007511377334595,-0.0765717625617981,0.12183308601379395,-0.34756243228912354,-0.08528975397348404,0.14271360635757446,-0.388558954000473,-0.0922539234161377,0.3537449240684509,0.44138407707214355,0.4557185173034668,0.4547414481639862,0.1093628853559494,0.08016690611839294,0.14349335432052612,0.29763200879096985,0.500726580619812,0.5367859601974487,0.5091102123260498,0.4240943491458893,0.16990813612937927,0.2176363468170166,164.50489807128906,175.3350372314453,163.57769775390625,173.2289276123047,173.6964874267578,176.76123046875,172.0240936279297,173.59664916992188,178.7340850830078,175.24716186523438,173.8949737548828,179.300048828125,169.30636596679688,176.99964904785156,179.1186981201172,0.49521109461784363,0.5257487893104553,-0.03357049822807312,-77.17821502685547,-81.57870483398438,-167.3602294921875,0.4557185173034668,164.5049032006315,175.33503836965,163.57769991459122,173.22892643145153,173.69648985035298,176.76123116820114,172.0240897050586,173.59664742931977,178.73408170660178,175.24715553736934,173.89498021816652,179.30005624249986,169.30636889977464,176.99964319184147,179.11869248649379,-77.1782137243624,-81.5787031395552,-167.36023701088607,0.455718517086718
20251105_002239,kamal,2025-11-05 00:23:39,0,rest,0.0,0.0,0.0,-0.07527828216552734,-0.035258471965789795,-0.028936006128787994,-0.1422756314277649,-0.09117132425308228,-0.04900660365819931,-0.19496840238571167,-0.13272732496261597,-0.06801196932792664,-0.24434810876846313,-0.15035825967788696,-0.08826179802417755,-0.07970094680786133,-0.2637253701686859,-0.029661260545253754,-0.102131187915802,-0.3669949769973755,-0.04898790642619133,-0.11159542202949524,-0.43026986718177795,-0.0663721039891243,-0.11667060852050781,-0.4854441285133362,-0.08058256655931473,-0.027016431093215942,-0.27824169397354126,-0.03630882874131203,-0.024389177560806274,-0.40275323390960693,-0.05070464313030243,-0.02244153618812561,-0.47744107246398926,-0.06680971384048462,-0.019833862781524658,-0.5395207405090332,-0.08060666173696518,0.021583139896392822,-0.26509878039360046,-0.04717179015278816,0.03966057300567627,-0.3772158622741699,-0.06715454161167145,0.04851686954498291,-0.44698378443717957,-0.08664346486330032,0.055165886878967285,-0.5054284334182739,-0.10174024105072021,0.06451565027236938,-0.2288665771484375,-0.06054718792438507,0.10322654247283936,-0.30113083124160767,-0.08181504160165787,0.1293984055519104,-0.34873753786087036,-0.09367608278989792,0.15086066722869873,-0.39075082540512085,-0.10226378589868546,0.3586684465408325,0.44934695959091187,0.4647205173969269,0.46279004216194153,0.1109127402305603,0.08505218476057053,0.14936105906963348,0.3001728653907776,0.5057287812232971,0.5458694100379944,0.5185096859931946,0.4311647415161133,0.1742836833000183,0.22746019065380096,164.5248565673828,176.75375366210938,161.5821075439453,173.8221893310547,173.93798828125,176.75193786621094,173.24740600585938,174.42210388183594,179.0406951904297,175.56314086914062,174.17967224121094,178.6900634765625,167.95556640625,177.69139099121094,177.37112426757812,0.4961504638195038,0.5054891705513,-0.03473714739084244,-77.91194152832031,-81.25303649902344,-166.41159057617188,0.4647205173969269,164.52486343581103,176.75374730574333,161.58210950568122,173.82219213300925,173.93798595800456,176.75193865014376,173.24740538643846,174.42209803751942,179.04068756787427,175.56314470152864,174.17967946973212,178.6900576958629,167.9555715908746,177.69138739731852,177.3711207875313,-77.91193909985647,-81.2530341233598,-166.41158808538916,0.464720508971758
20251105_002239,kamal,2025-11-05 00:23:39,0,rest,0.0,0.0,0.0,-0.07769507169723511,-0.03338748216629028,-0.0327615812420845,-0.14579400420188904,-0.0862845778465271,-0.05498098209500313,-0.19933009147644043,-0.12769848108291626,-0.07584992051124573,-0.24912232160568237,-0.14758527278900146,-0.09770087152719498,-0.08218532800674438,-0.2667514979839325,-0.03124381974339485,-0.10622134804725647,-0.36996251344680786,-0.05142201483249664,-0.11745479702949524,-0.4359590411186218,-0.06969068199396133,-0.12316471338272095,-0.4931996464729309,-0.08472490310668945,-0.0295562744140625,-0.2828143835067749,-0.03689884766936302,-0.02820727229118347,-0.40758079290390015,-0.05155843496322632,-0.026331931352615356,-0.4854283928871155,-0.06802783906459808,-0.023647069931030273,-0.550358235836029,-0.08222601562738419,0.020258069038391113,-0.27058595418930054,-0.04734401777386665,0.03540217876434326,-0.3846440315246582,-0.06796890497207642,0.043689846992492676,-0.4563104808330536,-0.0884859636425972,0.04957300424575806,-0.5166316032409668,-0.10436078161001205,0.06527912616729736,-0.23436477780342102,-0.06079301983118057,0.10353696346282959,-0.3074477016925812,-0.08311289548873901,0.12975060939788818,-0.3567163348197937,-0.09638233482837677,0.1514362096786499,-0.4003150761127472,-0.10602577030658722,0.36808013916015625,0.4618491232395172,0.4748246371746063,0.4736969470977783,0.11479159444570541,0.08359793573617935,0.15462344884872437,0.3055958151817322,0.5153579115867615,0.5569690465927124,0.5293928980827332,0.440938264131546,0.17542217671871185,0.2318049520254135,164.5832977294922,177.31114196777344,164.16616821289062,174.07940673828125,174.39752197265625,176.12142944335938,173.4275665283203,174.70547485351562,178.9606170654297,176.75762939453125,174.21026611328125,178.44593811035156,168.2708282470703,178.19541931152344,177.33978271484375,0.5016061663627625,0.4957631528377533,-0.035255253314971924,-78.66902923583984,-81.16352081298828,-167.61314392089844,0.4748246371746063,164.5832976439531,177.31114324164042,164.16616938805535,174.0794006109251,174.39752338677317,176.1214229077201,173.42757186345224,174.70547817528413,178.96062438704436,176.75763501519802,174.21026494137965,178.44594361757277,168.27083252527729,178.19542468958568,177.3397806290986,-78.66903110380352,-81.16352379288243,-167.6131365265735,0.47482462458364144
20251105_002239,kamal,2025-11-05 00:23:39,0,rest,0.0,0.0,0.0,-0.07980626821517944,-0.035189926624298096,-0.0322955921292305,-0.14997464418411255,-0.09023207426071167,-0.05407193675637245,-0.2066299021244049,-0.13171851634979248,-0.07504478096961975,-0.2588927149772644,-0.14464867115020752,-0.09697780758142471,-0.0877753496170044,-0.2708045244216919,-0.027855901047587395,-0.11305022239685059,-0.374607652425766,-0.04723711684346199,-0.12492567300796509,-0.4419904947280884,-0.06481121480464935,-0.13085773587226868,-0.4986906945705414,-0.07926219701766968,-0.035197287797927856,-0.2885892987251282,-0.033634983003139496,-0.03530237078666687,-0.414437472820282,-0.047679170966148376,-0.03315800428390503,-0.4939933717250824,-0.06316760182380676,-0.029129832983016968,-0.55905681848526,-0.07637442648410797,0.014775514602661133,-0.2781361937522888,-0.04446379840373993,0.0316508412361145,-0.3915479779243469,-0.06410002708435059,0.04050755500793457,-0.46240144968032837,-0.08387259393930435,0.04732072353363037,-0.5210684537887573,-0.09914884716272354,0.06003230810165405,-0.24301305413246155,-0.05849459022283554,0.10041666030883789,-0.31399115920066833,-0.079546257853508,0.12729501724243164,-0.36349189281463623,-0.092216856777668,0.14994055032730103,-0.4071224331855774,-0.10144856572151184,0.3768985867500305,0.4742885231971741,0.4852455258369446,0.4858570694923401,0.11832571029663086,0.08835428953170776,0.15336167812347412,0.31201502680778503,0.5216307640075684,0.5650010108947754,0.5325242280960083,0.4455588161945343,0.18067596852779388,0.23617571592330933,164.8152313232422,176.5638427734375,158.25872802734375,173.6800994873047,174.52439880371094,176.09808349609375,173.13450622558594,175.09547424316406,177.99049377441406,174.61123657226562,174.09396362304688,178.9099884033203,164.64068603515625,177.90611267089844,177.7046661376953,0.5069150924682617,0.4907956123352051,-0.03288915753364563,-78.28914642333984,-81.68158721923828,-169.351318359375,0.4858570694923401,164.81523842658063,176.5638385032772,158.25873120788185,173.68009600271674,174.5243942001787,176.09808559977677,173.13450615989834,175.0954745916866,177.99049590203532,174.61123944497845,174.09396840969015,178.9099946788036,164.64069315502292,177.9061140637489,177.7046622067223,-78.28914776067202,-81.68158800392398,-169.35131289814237,0.485857080070817
20251105_002239,kamal,2025-11-05 00:23:39,0,rest,0.0,0.0,0.0,-0.08014202117919922,-0.03530573844909668,-0.029956137761473656,-0.15051361918449402,-0.0891040563583374,-0.05072756111621857,-0.20710259675979614,-0.12854880094528198,-0.0715084820985794,-0.2597008943557739,-0.14087200164794922,-0.09380993247032166,-0.08696103096008301,-0.2720397114753723,-0.02568954974412918,-0.11436992883682251,-0.3735657334327698,-0.045584261417388916,-0.1267390251159668,-0.44002842903137207,-0.06392291933298111,-0.13289451599121094,-0.4967525899410248,-0.0790567547082901,-0.03393563628196716,-0.2919752895832062,-0.033292919397354126,-0.03553110361099243,-0.4189394414424896,-0.04814513400197029,-0.03385728597640991,-0.4987674653530121,-0.06466196477413177,-0.03011295199394226,-0.5639669895172119,-0.07867512851953506,0.01627582311630249,-0.2823013663291931,-0.04584218189120293,0.03486287593841553,-0.39898842573165894,-0.06734210252761841,0.04417949914932251,-0.470251202583313,-0.08838651329278946,0.051042377948760986,-0.5295973420143127,-0.10446874052286148,0.06129932403564453,-0.2457534372806549,-0.06125333160161972,0.10456860065460205,-0.3148946762084961,-0.0848061814904213,0.13271361589431763,-0.3625205159187317,-0.0984705314040184,0.15603357553482056,-0.4046565294265747,-0.10820579528808594,0.37808531522750854,0.4816109240055084,0.49777743220329285,0.4925694465637207,0.12280869483947754,0.09183012694120407,0.16324007511138916,0.3099835216999054,0.5202634334564209,0.5702239871025085,0.5422106385231018,0.44699203968048096,0.18856650590896606,0.24678416550159454,165.73468017578125,175.68069458007812,158.81814575195312,173.853271484375,173.69789123535156,175.78688049316406,174.12539672851562,174.63783264160156,177.91549682617188,174.22593688964844,173.79295349121094,178.50099182128906,162.39573669433594,177.3607177734375,177.08755493164062,0.5110868215560913,0.48676902055740356,-0.03321491554379463,-76.51110076904297,-81.50440216064453,-169.946044921875,0.49777743220329285,165.73467351464524,175.680688890336,158.81814374795667,173.85327364915338,173.6978839385262,175.78688254437975,174.1253977873436,174.63783344083404,177.91549123836705,174.22594102118637,173.7929594180739,178.50098998634166,162.39574285432414,177.3607110833556,177.08755680832004,-76.51110155081899,-81.50440395506146,-169.9460475481367,0.49777744195029205
20251105_002239,kamal,2025-11-05 00:23:39,0,rest,0.0,0.0,0.0,-0.08010175824165344,-0.03453725576400757,-0.030404096469283104,-0.15364888310432434,-0.09032177925109863,-0.05063791200518608,-0.21236765384674072,-0.12830322980880737,-0.0705043151974678,-0.2653762102127075,-0.13856518268585205,-0.09196010231971741,-0.09287935495376587,-0.273348867893219,-0.02774534560739994,-0.12165781855583191,-0.3764664828777313,-0.047441404312849045,-0.13489612936973572,-0.4437534809112549,-0.06533853709697723,-0.14284086227416992,-0.5012421011924744,-0.08036591857671738,-0.03846046328544617,-0.2940516173839569,-0.03534182906150818,-0.041049033403396606,-0.4240933954715729,-0.05036173760890961,-0.038845181465148926,-0.5056390762329102,-0.06670964509248734,-0.03525644540786743,-0.571780800819397,-0.08068287372589111,0.012922227382659912,-0.28363364934921265,-0.047840576618909836,0.03243285417556763,-0.4024789035320282,-0.07060982286930084,0.0429263710975647,-0.4754144549369812,-0.0925542414188385,0.05060005187988281,-0.5363753437995911,-0.10913508385419846,0.059053122997283936,-0.24625709652900696,-0.0630849301815033,0.10340374708175659,-0.3177882730960846,-0.08869927376508713,0.1337255835533142,-0.36561158299446106,-0.1032438576221466,0.15844935178756714,-0.40803927183151245,-0.113502636551857,0.38299331068992615,0.4906710088253021,0.5083196759223938,0.5027011632919312,0.12864762544631958,0.09713089466094971,0.16769225895404816,0.3131796717643738,0.5273573994636536,0.5785205364227295,0.5496993064880371,0.4522002935409546,0.19869926571846008,0.2557544708251953,165.02011108398438,174.57130432128906,158.45272827148438,174.14988708496094,173.94752502441406,176.8406219482422,173.72821044921875,174.56285095214844,178.36746215820312,173.29270935058594,174.01918029785156,178.22637939453125,162.11260986328125,177.417724609375,176.65992736816406,0.5194783806800842,0.48537155985832214,-0.03480185940861702,-76.90579986572266,-81.24567413330078,-169.88958740234375,0.5083196759223938,165.0201053068923,174.5713015711306,158.45272572689453,174.1498905112511,173.94752116671887,176.84062416049863,173.72821195578425,174.5628498274124,178.36746109976437,173.2927166729869,174.0191746920262,178.22637503709788,162.11261002817838,177.41773081234766,176.6599243092795,-76.905799626013,-81.24567501683946,-169.8895921749684,0.5083196853182592
20251105_002239,kamal,2025-11-05 00:23:39,0,rest,0.0,0.0,0.0,-0.07849246263504028,-0.03295010328292847,-0.031025441363453865,-0.14951065182685852,-0.08216887712478638,-0.05313005670905113,-0.2064962387084961,-0.11415785551071167,-0.07463604211807251,-0.25824254751205444,-0.11863052845001221,-0.09821289777755737,-0.09313207864761353,-0.26663535833358765,-0.03478631749749184,-0.12058401107788086,-0.37109553813934326,-0.0577092245221138,-0.13395357131958008,-0.4385179281234741,-0.07720500230789185,-0.14321810007095337,-0.497707724571228,-0.09299899637699127,-0.036642223596572876,-0.28786978125572205,-0.04317910969257355,-0.039699941873550415,-0.4202474355697632,-0.06116831675171852,-0.03764864802360535,-0.5031595230102539,-0.0788392573595047,-0.03462713956832886,-0.5708918571472168,-0.09368138015270233,0.01614999771118164,-0.2766040861606598,-0.05610219016671181,0.03584110736846924,-0.3942423462867737,-0.08131838589906693,0.046309709548950195,-0.4703161120414734,-0.10367654263973236,0.054113805294036865,-0.5342937707901001,-0.12024801969528198,0.06353288888931274,-0.23916423320770264,-0.07159876078367233,0.1075713038444519,-0.3133138418197632,-0.09791456162929535,0.13895714282989502,-0.3620443344116211,-0.11141626536846161,0.16480481624603271,-0.4049715995788574,-0.12081357091665268,0.39617839455604553,0.5045440793037415,0.5204113721847534,0.5113424062728882,0.13095183670520782,0.09960000962018967,0.17022646963596344,0.3006795346736908,0.5261874198913574,0.5795626044273376,0.5503251552581787,0.45360615849494934,0.20253624022006989,0.2608424723148346,167.2565460205078,173.5224151611328,156.50576782226562,173.32530212402344,174.8583221435547,177.52072143554688,174.08364868164062,174.9305419921875,178.84295654296875,173.9470672607422,175.40980529785156,177.99664306640625,164.8074951171875,175.65260314941406,176.98760986328125,0.5245032906532288,0.48790305852890015,-0.04113258421421051,-76.77677154541016,-80.07667541503906,-170.0543212890625,0.5204113721847534,167.2565400312289,173.5224160374923,156.50576061264766,173.325295728782,174.8583172906694,177.52072032846414,174.08364537039733,174.93053933548651,178.84295981810186,173.94707272232577,175.40980967463747,177.9966434632443,164.80750109424466,175.65259893555137,176.98760685620078,-76.77677511753814,-80.07667206111657,-170.0543252516574,0.5204113695379722
20251105_002239,kamal,2025-11-05 00:23:39,0,rest,0.0,0.0,0.0,-0.07776430249214172,-0.03056013584136963,-0.03001549281179905,-0.1484951376914978,-0.08132952451705933,-0.05155473202466965,-0.20446562767028809,-0.11295872926712036,-0.07230781763792038,-0.25522392988204956,-0.11879289150238037,-0.09558646380901337,-0.09223872423171997,-0.2645083963871002,-0.03788056969642639,-0.12014114856719971,-0.3697967529296875,-0.060794468969106674,-0.1325361132621765,-0.435791552066803,-0.08031921833753586,-0.1410219669342041,-0.49402278661727905,-0.09613535553216934,-0.03530663251876831,-0.2842852771282196,-0.04657605290412903,-0.03776922821998596,-0.4176442623138428,-0.06468246877193451,-0.035723090171813965,-0.5000914335250854,-0.08312363922595978,-0.033090412616729736,-0.5662640333175659,-0.09876817464828491,0.016953647136688232,-0.2728036642074585,-0.05927373468875885,0.037241458892822266,-0.3933660387992859,-0.08502859622240067,0.04882490634918213,-0.46914970874786377,-0.1088070496916771,0.05725950002670288,-0.5330748558044434,-0.12678442895412445,0.06354695558547974,-0.23566195368766785,-0.0741528570652008,0.10978949069976807,-0.3088496923446655,-0.10201536864042282,0.14389574527740479,-0.35443389415740967,-0.11674215644598007,0.1722259521484375,-0.39444243907928467,-0.12703187763690948,0.3922242522239685,0.4995836317539215,0.5198545455932617,0.5095928907394409,0.12990359961986542,0.10024737566709518,0.18010078370571136,0.2973008155822754,0.5226736068725586,0.5757647752761841,0.5509280562400818,0.44875797629356384,0.20440149307250977,0.2692142128944397,165.19227600097656,172.82447814941406,157.67245483398438,173.9917449951172,174.0494842529297,177.45596313476562,173.85743713378906,174.5497283935547,178.91810607910156,174.1268310546875,174.59918212890625,177.99949645996094,163.56784057617188,174.52667236328125,176.973876953125,0.5268863439559937,0.4941727817058563,-0.043575987219810486,-76.89308166503906,-79.57699584960938,-169.50950622558594,0.5198545455932617,165.1922834016849,172.8244762526292,157.67244729225163,173.9917523831815,174.04947748521974,177.45596849619506,173.85743155418527,174.54972221649882,178.9181015098034,174.12683557173258,174.59917454150977,177.99949595473655,163.56784760845485,174.52667123875315,176.9738786566522,-76.89308337797125,-79.57699338714576,-169.50950338533494,0.5198545497951418
20251105_002239,kamal,2025-11-05 00:23:39,0,rest,0.0,0.0,0.0,-0.07816222310066223,-0.027708709239959717,-0.031288597732782364,-0.150336354970932,-0.07650822401046753,-0.053299788385629654,-0.20672297477722168,-0.10843497514724731,-0.07432941347360611,-0.2589856684207916,-0.11292582750320435,-0.09794095158576965,-0.09150204062461853,-0.25776374340057373,-0.03871842846274376,-0.11956480145454407,-0.362002968788147,-0.06113633140921593,-0.13198810815811157,-0.42608875036239624,-0.08041851967573166,-0.14034438133239746,-0.4832277297973633,-0.09612935781478882,-0.03486812114715576,-0.27736037969589233,-0.04643982648849487,-0.03842329978942871,-0.4089999794960022,-0.06416364759206772,-0.03632920980453491,-0.4901583790779114,-0.08238080143928528,-0.0324406623840332,-0.5548685789108276,-0.09818745404481888,0.017049849033355713,-0.26670536398887634,-0.058264732360839844,0.03765517473220825,-0.3833165168762207,-0.08361776173114777,0.04954731464385986,-0.4580022990703583,-0.10731076449155807,0.05877959728240967,-0.5209859609603882,-0.12553724646568298,0.06372404098510742,-0.23130634427070618,-0.07238985598087311,0.10898721218109131,-0.3036249279975891,-0.09958109259605408,0.14313173294067383,-0.34747081995010376,-0.11407113075256348,0.17167401313781738,-0.3855578899383545,-0.12455771118402481,0.388847678899765,0.4966247081756592,0.5179279446601868,0.5103963613510132,0.12953710556030273,0.10108006745576859,0.17631466686725616,0.29902884364128113,0.5122952461242676,0.5644221305847168,0.539111316204071,0.44004711508750916,0.20479469001293182,0.26650384068489075,164.69097900390625,174.21063232421875,156.24513244628906,174.26036071777344,173.82766723632812,177.16574096679688,174.17019653320312,174.1967010498047,177.81802368164062,173.77696228027344,174.60647583007812,178.42823791503906,164.0881805419922,173.5858612060547,177.57981872558594,0.5281991958618164,0.5000421404838562,-0.04316192865371704,-77.7610855102539,-79.44320678710938,-170.32720947265625,0.5179279446601868,164.69097342254904,174.21063265394832,156.24512817544758,174.26036307451224,173.82766409196282,177.1657460970121,174.17019544462948,174.19670127822195,177.81802619983344,173.7769593906427,174.60647839588268,178.42823213818696,164.08817922588327,173.5858541966605,177.57981566389137,-77.76108908703269,-79.44320811055277,-170.32721556138335,0.5179279561612228
20251105_002239,kamal,2025-11-05 00:23:39,0,rest,0.0,0.0,0.0,-0.07888981699943542,-0.0308721661567688,-0.03125939890742302,-0.15014618635177612,-0.08042383193969727,-0.05346836894750595,-0.2062252163887024,-0.11122608184814453,-0.07490692287683487,-0.2567861080169678,-0.1150432825088501,-0.09881607443094254,-0.09334081411361694,-0.2584535479545593,-0.03846791014075279,-0.12143602967262268,-0.36388498544692993,-0.0616459921002388,-0.1335274875164032,-0.4292059540748596,-0.08094288408756256,-0.14118880033493042,-0.4875020384788513,-0.09651562571525574,-0.03587925434112549,-0.27830180525779724,-0.04668959975242615,-0.0393214225769043,-0.4106983542442322,-0.06523480266332626,-0.037246108055114746,-0.4933832883834839,-0.08366691321134567,-0.03357899188995361,-0.5597336292266846,-0.09938991069793701,0.01626032590866089,-0.26778867840766907,-0.05911838263273239,0.03724479675292969,-0.3850407302379608,-0.08528733253479004,0.04927307367324829,-0.46034568548202515,-0.1090337336063385,0.05904984474182129,-0.5234035849571228,-0.12694741785526276,0.06237304210662842,-0.2325744330883026,-0.0738930031657219,0.10779118537902832,-0.30360496044158936,-0.10154209285974503,0.14215552806854248,-0.3475615978240967,-0.11607690155506134,0.17115944623947144,-0.3854248523712158,-0.12639497220516205,0.38999173045158386,0.497565358877182,0.5170124173164368,0.5069558024406433,0.12963618338108063,0.10324433445930481,0.17778357863426208,0.29822587966918945,0.5166311860084534,0.5694801807403564,0.5418061017990112,0.44025397300720215,0.205695241689682,0.2702418565750122,165.88333129882812,172.8656463623047,156.36962890625,173.6903076171875,173.98623657226562,176.80364990234375,174.02572631835938,174.57989501953125,178.15867614746094,173.48394775390625,174.9865264892578,178.3651580810547,163.21141052246094,173.69996643066406,177.5429229736328,0.5303265452384949,0.5055850744247437,-0.0436331070959568,-77.18328857421875,-79.3843994140625,-170.5638885498047,0.5170124173164368,165.88332499730492,172.8656421863598,156.36963544377318,173.6903047292569,173.98623806341664,176.80364390683206,174.02572068503852,174.5798922350995,178.15867108338446,173.48395412054685,174.9865270225142,178.36516270752622,163.211412266027,173.69996975875668,177.5429275149206,-77.18328527282678,-79.38440269081075,-170.5638841523596,0.5170124352020499
20251105_002239,kamal,2025-11-05 00:23:39,0,rest,0.0,0.0,0.0,-0.08041796088218689,-0.03038632869720459,-0.03239796683192253,-0.1508708894252777,-0.08098316192626953,-0.05443842336535454,-0.20563384890556335,-0.11391645669937134,-0.0754031240940094,-0.25539693236351013,-0.11875659227371216,-0.09859348833560944,-0.094073086977005,-0.260234534740448,-0.038177356123924255,-0.12269088625907898,-0.36648833751678467,-0.06092498078942299,-0.1352897584438324,-0.4325985014438629,-0.08002350479364395,-0.14320874214172363,-0.4916319251060486,-0.09556425362825394,-0.03646063804626465,-0.280475914478302,-0.04570157453417778,-0.0398259162902832,-0.4122224450111389,-0.06374408304691315,-0.038273513317108154,-0.49457406997680664,-0.08242681622505188,-0.03524273633956909,-0.5613979697227478,-0.0984511524438858,0.015552639961242676,-0.2699187695980072,-0.057548344135284424,0.03564417362213135,-0.38700374960899353,-0.08341915905475616,0.04668116569519043,-0.46218371391296387,-0.10770602524280548,0.055286288261413574,-0.5259409546852112,-0.1261514574289322,0.06107211112976074,-0.23402166366577148,-0.0718749389052391,0.10677355527877808,-0.3050476908683777,-0.10001889616250992,0.14137417078018188,-0.3497390151023865,-0.11541489511728287,0.17074722051620483,-0.38903599977493286,-0.12633556127548218,0.3893987536430359,0.4943675696849823,0.5129157900810242,0.5053903460502625,0.12857796251773834,0.1010940745472908,0.17909279465675354,0.29841479659080505,0.5209061503410339,0.5710537433624268,0.5436769723892212,0.4432429373264313,0.20374730229377747,0.27003341913223267,164.3526153564453,174.05909729003906,155.41958618164062,173.9172821044922,174.11434936523438,176.72547912597656,173.9613037109375,174.4231719970703,178.36849975585938,173.69935607910156,174.39857482910156,178.1589813232422,162.6111297607422,174.25738525390625,177.15065002441406,0.5315297842025757,0.5064581036567688,-0.04265975207090378,-77.74567413330078,-79.44869232177734,-170.41004943847656,0.5129157900810242,164.35261431761893,174.05909445966438,155.4195835234174,173.91728428189964,174.11434762020244,176.7254816604829,173.9612992107531,174.4231662988139,178.3684953933876,173.69935436189982,174.39857212567253,178.1589821629859,162.6111272194635,174.2573891166369,177.15065209532213,-77.74567781820677,-79.4486948151005,-170.41004419436047,0.5129157929344039
20251105_002239,kamal,2025-11-05 00:23:39,0,rest,0.0,0.0,0.0,-0.07858577370643616,-0.03156775236129761,-0.03150554001331329,-0.14959025382995605,-0.08535873889923096,-0.052183832973241806,-0.205488383769989,-0.11786478757858276,-0.07189635187387466,-0.2571697235107422,-0.12005609273910522,-0.09388820827007294,-0.09404617547988892,-0.263394832611084,-0.0364181287586689,-0.12298381328582764,-0.36960887908935547,-0.0578477568924427,-0.13611096143722534,-0.4357913136482239,-0.07593543082475662,-0.14432352781295776,-0.49464306235313416,-0.09083931893110275,-0.036647140979766846,-0.28410041332244873,-0.04385784640908241,-0.040351927280426025,-0.4157065749168396,-0.06056222692131996,-0.038274943828582764,-0.49850523471832275,-0.0784192606806755,-0.03459608554840088,-0.5646670460700989,-0.09383125603199005,0.015845119953155518,-0.2739602029323578,-0.05556589737534523,0.035439252853393555,-0.38879042863845825,-0.08005610853433609,0.046321868896484375,-0.4638756513595581,-0.10408472269773483,0.05482745170593262,-0.527303159236908,-0.12244677543640137,0.061966896057128906,-0.23848006129264832,-0.06971794366836548,0.1077948808670044,-0.3087872564792633,-0.09624587744474411,0.14205729961395264,-0.35249125957489014,-0.1111551970243454,0.17059874534606934,-0.39047181606292725,-0.12193967401981354,0.39122751355171204,0.49721014499664307,0.5138170719146729,0.5068504810333252,0.13020145893096924,0.10105185210704803,0.1792374551296234,0.2989393472671509,0.5232139229774475,0.5734544992446899,0.5441028475761414,0.4432171583175659,0.20427145063877106,0.2706270217895508,163.66146850585938,172.23080444335938,153.26869201660156,174.35450744628906,174.4076690673828,176.69732666015625,174.1298370361328,174.22137451171875,178.0606231689453,173.7438507080078,174.13243103027344,178.3306884765625,162.16912841796875,174.58456420898438,177.48858642578125,0.5322561264038086,0.506905198097229,-0.04111126437783241,-77.95144653320312,-79.95671081542969,-170.92666625976562,0.5138170719146729,163.6614695397165,172.2308021240759,153.26869144629666,174.3545044282955,174.40767637240555,176.69732302108653,174.12983150477393,174.22137589108587,178.06061812563442,173.74384319653788,174.13243107131416,178.33069245986286,162.16913249593236,174.58455961741527,177.48857881767208,-77.95144391645873,-79.95671252324345,-170.92666835378125,0.5138170902887952
20251105_002239,kamal,2025-11-05 00:23:39,0,rest,0.0,0.0,0.0,-0.07862597703933716,-0.03271818161010742,-0.030661022290587425,-0.1489744484424591,-0.08444023132324219,-0.05200459808111191,-0.20495766401290894,-0.11599034070968628,-0.07276960462331772,-0.25638946890830994,-0.11947429180145264,-0.09589473903179169,-0.09379160404205322,-0.26233547925949097,-0.035503409802913666,-0.12346774339675903,-0.3690585792064667,-0.05736062675714493,-0.13710615038871765,-0.4356323480606079,-0.07586895674467087,-0.14530563354492188,-0.4945756793022156,-0.09104225039482117,-0.03653883934020996,-0.28219303488731384,-0.04384543374180794,-0.04076880216598511,-0.41432279348373413,-0.06130420044064522,-0.039422571659088135,-0.4978521168231964,-0.07986120879650116,-0.03620332479476929,-0.5646868944168091,-0.09575719386339188,0.015832185745239258,-0.2720865309238434,-0.056420303881168365,0.035590946674346924,-0.3883393108844757,-0.0815996378660202,0.04664033651351929,-0.4644685983657837,-0.10591422021389008,0.05525475740432739,-0.5289437174797058,-0.12444734573364258,0.06167858839035034,-0.23667889833450317,-0.07135075330734253,0.10752129554748535,-0.3069247007369995,-0.09844129532575607,0.1421608328819275,-0.35174569487571716,-0.11349792033433914,0.17121434211730957,-0.3909339904785156,-0.12434820085763931,0.39123421907424927,0.4966852366924286,0.5153664350509644,0.5072917938232422,0.1297733634710312,0.10229995101690292,0.18025903403759003,0.2986728549003601,0.5234572887420654,0.5738914608955383,0.5461882948875427,0.4445292055606842,0.2062074989080429,0.2720838189125061,165.53109741210938,172.14488220214844,155.40689086914062,174.35638427734375,174.3907470703125,176.3420867919922,174.3743896484375,174.31031799316406,178.0246124267578,173.80909729003906,174.35134887695312,178.2486114501953,162.22686767578125,174.68064880371094,177.40328979492188,0.5320625305175781,0.5100526213645935,-0.04142327979207039,-77.0160140991211,-79.72441101074219,-170.62918090820312,0.5153664350509644,165.53109042712074,172.14488351583526,155.40689537393874,174.35638613724328,174.3907516923698,176.34208771462608,174.37438329765598,174.31031729751797,178.02461739297658,173.8090926125067,174.35134393021252,178.24860982185473,162.22686719362642,174.6806503988262,177.4032904344713,-77.01601785529301,-79.72441366176922,-170.62918008720737,0.5153664576869078
20251105_002239,kamal,2025-11-05 00:23:39,0,rest,0.0,0.0,0.0,-0.0802086889743805,-0.03278231620788574,-0.02987704798579216,-0.1517733931541443,-0.08555060625076294,-0.05026528611779213,-0.20775848627090454,-0.11760324239730835,-0.07022379338741302,-0.25843071937561035,-0.12069475650787354,-0.09258270263671875,-0.09465736150741577,-0.2598286271095276,-0.03438594192266464,-0.12466681003570557,-0.366878867149353,-0.05627995356917381,-0.13819187879562378,-0.4338514804840088,-0.07490938901901245,-0.14661943912506104,-0.4931940734386444,-0.09006045758724213,-0.03733009099960327,-0.2796463370323181,-0.0429496206343174,-0.04246413707733154,-0.4115813970565796,-0.06030794605612755,-0.041353821754455566,-0.4951813519001007,-0.0789114460349083,-0.03829336166381836,-0.5626629590988159,-0.09476026147603989,0.015050828456878662,-0.26970258355140686,-0.05571059510111809,0.03399026393890381,-0.3858349621295929,-0.08073323220014572,0.04517698287963867,-0.461561918258667,-0.10491776466369629,0.053972721099853516,-0.5255393981933594,-0.12322205305099487,0.06118589639663696,-0.23476460576057434,-0.0707675963640213,0.106106698513031,-0.3059696853160858,-0.097445048391819,0.140245258808136,-0.34996598958969116,-0.11196482181549072,0.16895830631256104,-0.3879232406616211,-0.12238794565200806,0.38892656564712524,0.49376216530799866,0.5122830271720886,0.5049363970756531,0.12877324223518372,0.10344688594341278,0.17933376133441925,0.2998753488063812,0.5223490595817566,0.5718701481819153,0.5424835681915283,0.4404658377170563,0.20587162673473358,0.272489458322525,165.07679748535156,172.31736755371094,154.54315185546875,174.0903778076172,174.1731414794922,176.60336303710938,174.55203247070312,174.1508331298828,178.0924530029297,174.0501251220703,174.41018676757812,178.20460510253906,163.07972717285156,173.88699340820312,177.6374053955078,0.534300684928894,0.5127496719360352,-0.04076206684112549,-76.85962677001953,-79.7047348022461,-170.8634490966797,0.5122830271720886,165.07679672950104,172.31737059068186,154.54314479862555,174.0903715562547,174.17313808800859,176.603360623091,174.5520302143238,174.150828736347,178.0924533107883,174.05012604536427,174.41018572527867,178.20460193350812,163.07973043807172,173.8869909259535,177.63739876234862,-76.85962344572944,-79.70473705010147,-170.86345010104594,0.5122830149895533
20251105_002239,kamal,2025-11-05 00:23:39,0,rest,0.0,0.0,0.0,-0.0790570080280304,-0.030822813510894775,-0.03186704218387604,-0.15035855770111084,-0.08438396453857422,-0.053134411573410034,-0.20792081952095032,-0.11875957250595093,-0.07348949462175369,-0.25882571935653687,-0.11899423599243164,-0.09621429443359375,-0.0948202908039093,-0.2601533532142639,-0.037353139370679855,-0.1243024468421936,-0.36660706996917725,-0.059396352618932724,-0.1377338171005249,-0.43378251791000366,-0.0779009610414505,-0.1458834409713745,-0.492952436208725,-0.09313193708658218,-0.037863969802856445,-0.28032243251800537,-0.04498835653066635,-0.042051613330841064,-0.41285374760627747,-0.06228721886873245,-0.04058593511581421,-0.4961085319519043,-0.08029981702566147,-0.03754699230194092,-0.56240314245224,-0.09577494859695435,0.014310657978057861,-0.26928678154945374,-0.05686245113611221,0.03426551818847656,-0.3871247172355652,-0.08219349384307861,0.04596215486526489,-0.4632872939109802,-0.10627854615449905,0.055027544498443604,-0.5265631675720215,-0.12458574026823044,0.06031918525695801,-0.23254552483558655,-0.07116895169019699,0.1072283387184143,-0.30364543199539185,-0.09893788397312164,0.14198529720306396,-0.34799641370773315,-0.11416716873645782,0.17066049575805664,-0.38545161485671997,-0.12502005696296692,0.3906535506248474,0.49555617570877075,0.5151904821395874,0.5062486529350281,0.12871353328227997,0.10336638987064362,0.18243804574012756,0.3006785213947296,0.5224534869194031,0.5717341303825378,0.5438919067382812,0.4396907687187195,0.20611707866191864,0.2748044431209564,163.4508056640625,173.19044494628906,150.53451538085938,174.24893188476562,174.41677856445312,176.5521240234375,173.96124267578125,174.47799682617188,178.17437744140625,173.57254028320312,174.5421905517578,178.51654052734375,161.91867065429688,174.6503143310547,177.74273681640625,0.5354400277137756,0.5132430791854858,-0.042073871940374374,-77.70354461669922,-79.63434600830078,-169.90956115722656,0.5151904821395874,163.45079837888042,173.19044366602168,150.53451492073643,174.24893195870206,174.41677738348645,176.5521290559406,173.96123867809138,174.47800334285188,178.17437069357712,173.57253739215074,174.54218719749514,178.51653734811964,161.91867144876505,174.6503209308847,177.7427330356897,-77.70354774464089,-79.63434509346482,-169.9095653670886,0.515190493080084
20251105_002239,kamal,2025-11-05 00:23:39,0,rest,0.0,0.0,0.0,-0.07918518781661987,-0.030709266662597656,-0.032643016427755356,-0.15067973732948303,-0.08401381969451904,-0.05456908047199249,-0.2085188627243042,-0.11908429861068726,-0.07540511339902878,-0.2606791853904724,-0.12114012241363525,-0.09863553196191788,-0.0951276421546936,-0.2599678933620453,-0.03974208980798721,-0.12475711107254028,-0.36781758069992065,-0.06327935308218002,-0.13839268684387207,-0.4355604648590088,-0.08256744593381882,-0.1467103362083435,-0.49595001339912415,-0.09819944202899933,-0.038341522216796875,-0.28050801157951355,-0.047238219529390335,-0.04277139902114868,-0.4126073718070984,-0.06616715341806412,-0.0412101149559021,-0.4959894120693207,-0.08494628965854645,-0.037614405155181885,-0.5629466772079468,-0.10080079734325409,0.013843774795532227,-0.2691909670829773,-0.058943457901477814,0.0333634614944458,-0.386526495218277,-0.08589613437652588,0.045309484004974365,-0.46259182691574097,-0.11031841486692429,0.05518925189971924,-0.5263925790786743,-0.12856316566467285,0.06005358695983887,-0.2317613959312439,-0.07305047661066055,0.10686755180358887,-0.30278706550598145,-0.10229992866516113,0.142023503780365,-0.3474593758583069,-0.11797582358121872,0.1715637445449829,-0.3858164846897125,-0.12883920967578888,0.3917544484138489,0.4949299097061157,0.5146824717521667,0.5077399015426636,0.12805171310901642,0.10353488475084305,0.1824958324432373,0.30390381813049316,0.5264346599578857,0.5731357932090759,0.5446681976318359,0.4414612352848053,0.20642709732055664,0.2755299508571625,163.55276489257812,173.77145385742188,152.07308959960938,174.03802490234375,174.64028930664062,176.3728790283203,174.0576934814453,174.58938598632812,177.95574951171875,173.6396942138672,175.14306640625,178.17787170410156,161.9547882080078,174.18699645996094,177.16932678222656,0.5369213819503784,0.5116649866104126,-0.04379413649439812,-77.88573455810547,-79.18013000488281,-169.69810485839844,0.5146824717521667,163.55276626249753,173.77145495359605,152.07308479162256,174.03802318907012,174.64029394679105,176.37288301708045,174.0576937833601,174.58938455068207,177.9557533753589,173.63969732724655,175.14305980582827,178.17786889375026,161.95478977870275,174.18699726395803,177.16932160403567,-77.88573319125783,-79.18012958455645,-169.69810975674162,0.5146824865558951
20251105_002239,kamal,2025-11-05 00:23:39,0,rest,0.0,0.0,0.0,-0.07908245921134949,-0.03185838460922241,-0.032503675669431686,-0.15017902851104736,-0.08659756183624268,-0.05411136522889137,-0.2084064483642578,-0.1228744387626648,-0.07465457171201706,-0.2610476016998291,-0.1265939474105835,-0.09748892486095428,-0.09262672066688538,-0.263428658246994,-0.038320768624544144,-0.12237510085105896,-0.3722439706325531,-0.061319246888160706,-0.13589966297149658,-0.44086942076683044,-0.08031057566404343,-0.14387166500091553,-0.5016492605209351,-0.09574314951896667,-0.03582501411437988,-0.2834659814834595,-0.045765750110149384,-0.03975266218185425,-0.4166463017463684,-0.06423668563365936,-0.03790473937988281,-0.5006870031356812,-0.08282682299613953,-0.03450435400009155,-0.5682716369628906,-0.09846485406160355,0.01599884033203125,-0.27235135436058044,-0.05751988664269447,0.03628087043762207,-0.3903273344039917,-0.08403260260820389,0.04831993579864502,-0.4665969908237457,-0.10833057016134262,0.05774533748626709,-0.5306766033172607,-0.1264643520116806,0.061438560485839844,-0.2354690134525299,-0.0716928169131279,0.1086888313293457,-0.30673283338546753,-0.10053544491529465,0.14401912689208984,-0.3510364592075348,-0.11603174358606339,0.17326360940933228,-0.3891206383705139,-0.12675918638706207,0.3929373323917389,0.4963889718055725,0.5155107378959656,0.5083338022232056,0.12809042632579803,0.1034763976931572,0.1827092170715332,0.30606529116630554,0.5305825471878052,0.5777703523635864,0.5485849380493164,0.4444131553173065,0.20599950850009918,0.2757955491542816,163.36451721191406,173.6948699951172,153.00546264648438,174.5275421142578,174.5521697998047,176.28857421875,174.41482543945312,174.5802001953125,178.32862854003906,173.7244873046875,174.96299743652344,178.08363342285156,161.82864379882812,174.14443969726562,177.11260986328125,0.5374972820281982,0.5109494924545288,-0.042659126222133636,-77.77799224853516,-79.5962905883789,-169.71395874023438,0.5155107378959656,163.36452062996844,173.69487624002963,153.0054570275422,174.52754339505915,174.55216668336854,176.28858167168073,174.4148259799178,174.58019344820175,178.32862742115927,173.72449021668308,174.96299394192684,178.08362638915722,161.82865131943166,174.14443231329216,177.11261553531804,-77.77799096675461,-79.59628958540603,-169.71395500684366,0.5155107474874242
20251105_002239,kamal,2025-11-05 00:23:39,0,rest,0.0,0.0,0.0,-0.07844415307044983,-0.03383207321166992,-0.031750328838825226,-0.14923226833343506,-0.08746421337127686,-0.05374469235539436,-0.20734065771102905,-0.12257605791091919,-0.07485093921422958,-0.2590286135673523,-0.12617558240890503,-0.09839026629924774,-0.09128785133361816,-0.26257503032684326,-0.038953255861997604,-0.11991351842880249,-0.3704296946525574,-0.06253411620855331,-0.1333453357219696,-0.4378772974014282,-0.08191055059432983,-0.1415204107761383,-0.49813225865364075,-0.09762588143348694,-0.034416139125823975,-0.2828512489795685,-0.04706893488764763,-0.03819078207015991,-0.41515547037124634,-0.06624532490968704,-0.036619484424591064,-0.4989009201526642,-0.08529913425445557,-0.033264338970184326,-0.5664118528366089,-0.10141612589359283,0.01773732900619507,-0.2718019485473633,-0.05934818834066391,0.038082778453826904,-0.3886891007423401,-0.0863991305232048,0.049818336963653564,-0.4650174677371979,-0.1110064759850502,0.05911129713058472,-0.5290618538856506,-0.12949377298355103,0.06354063749313354,-0.2347646951675415,-0.07394899427890778,0.11006015539169312,-0.30537140369415283,-0.10298296064138412,0.1452399492263794,-0.3501608967781067,-0.11858174204826355,0.1748572587966919,-0.3885301947593689,-0.12955434620380402,0.3900775909423828,0.4947591722011566,0.5142934918403625,0.5079941749572754,0.12804625928401947,0.1035211831331253,0.18206119537353516,0.30446138978004456,0.5269673466682434,0.57638019323349,0.5478770136833191,0.4453258514404297,0.205487921833992,0.2752240002155304,165.3022918701172,173.31051635742188,153.68080139160156,174.20077514648438,174.83413696289062,176.36614990234375,174.63775634765625,174.7092742919922,178.1757049560547,173.98162841796875,175.04757690429688,178.2075653076172,162.54002380371094,174.1718292236328,177.3956298828125,0.5374261140823364,0.5112947225570679,-0.04386317357420921,-77.26351165771484,-79.32856750488281,-169.81710815429688,0.5142934918403625,165.30229165240232,173.3105194046705,153.68080477077558,174.20077770617456,174.83414121606242,176.36614784151948,174.63775989747106,174.70927919625584,178.17570707929602,173.9816270896022,175.0475694255886,178.20756702703468,162.5400297425349,174.1718335332741,177.39562355254265,-77.26350858525358,-79.32857122640108,-169.817101663944,0.51429347521759
20251105_002239,kamal,2025-11-05 00:23:39,0,rest,0.0,0.0,0.0,-0.07916417717933655,-0.03215181827545166,-0.03125356510281563,-0.15110653638839722,-0.08756512403488159,-0.05252019315958023,-0.20894336700439453,-0.12389999628067017,-0.0729110836982727,-0.26037532091140747,-0.12691301107406616,-0.09577441215515137,-0.09378737211227417,-0.25933733582496643,-0.039067305624485016,-0.12189054489135742,-0.36690643429756165,-0.06238681077957153,-0.13477885723114014,-0.43408843874931335,-0.081454798579216,-0.14275571703910828,-0.4939071536064148,-0.09702599048614502,-0.037377238273620605,-0.27975353598594666,-0.04709402844309807,-0.04114651679992676,-0.41154158115386963,-0.06607940047979355,-0.03971892595291138,-0.4949975609779358,-0.0848642885684967,-0.036716997623443604,-0.5616536140441895,-0.10092312097549438,0.014702916145324707,-0.2689817547798157,-0.05915623903274536,0.03534138202667236,-0.3858601152896881,-0.08581604063510895,0.04758870601654053,-0.46222540736198425,-0.11022821068763733,0.05729544162750244,-0.526003360748291,-0.1287432461977005,0.060911357402801514,-0.23220676183700562,-0.07349009811878204,0.1075250506401062,-0.30240389704704285,-0.10224103927612305,0.14245259761810303,-0.3476131558418274,-0.1179533451795578,0.17171216011047363,-0.3863976001739502,-0.12917786836624146,0.3853837549686432,0.48892632126808167,0.5111504197120667,0.5051214098930359,0.1258927285671234,0.10432277619838715,0.18050244450569153,0.30508187413215637,0.5231993198394775,0.5718290209770203,0.544552206993103,0.4421256482601166,0.20507709681987762,0.2737804055213928,163.63243103027344,173.69570922851562,152.0853729248047,173.6015167236328,174.76513671875,176.6584014892578,173.96224975585938,174.8251953125,178.2262725830078,173.27304077148438,175.06436157226562,178.4326629638672,161.9468994140625,174.7696075439453,177.54669189453125,0.5375679731369019,0.5138112902641296,-0.04376085475087166,-77.45520782470703,-79.175048828125,-170.0528106689453,0.5111504197120667,163.63242608527716,173.69570626628433,152.0853716112533,173.6015201543411,174.76514310525954,176.65840034671854,173.96224312678075,174.8252021723121,178.22626720387404,173.27303984495794,175.06435995450187,178.43266395891675,161.9468945527866,174.76960500726756,177.54669519388608,-77.4552057496299,-79.17504899431086,-170.05280614087488,0.5111504096612943
20251105_002239,kamal,2025-11-05 00:23:39,0,rest,0.0,0.0,0.0,-0.07754015922546387,-0.03215491771697998,-0.03092634491622448,-0.14865082502365112,-0.08672720193862915,-0.05262833088636398,-0.20678582787513733,-0.12267124652862549,-0.07347265630960464,-0.25926244258880615,-0.12616366147994995,-0.09686686098575592,-0.0939227044582367,-0.25885987281799316,-0.040027108043432236,-0.12165755033493042,-0.3668433427810669,-0.0640077069401741,-0.13424959778785706,-0.4345650374889374,-0.08332742005586624,-0.14129242300987244,-0.4949413239955902,-0.09888330847024918,-0.03780096769332886,-0.2787337303161621,-0.04832906275987625,-0.04115855693817139,-0.41071611642837524,-0.06783349812030792,-0.03920257091522217,-0.4943092465400696,-0.0867307037115097,-0.035417020320892334,-0.5616815090179443,-0.10268204659223557,0.01397097110748291,-0.26802346110343933,-0.06057729199528694,0.03455585241317749,-0.38477951288223267,-0.08761993050575256,0.04708915948867798,-0.4615025520324707,-0.11198251694440842,0.05717897415161133,-0.5258615612983704,-0.13032691180706024,0.05980360507965088,-0.2318103015422821,-0.07500409334897995,0.10648834705352783,-0.3027854561805725,-0.10397443175315857,0.14203953742980957,-0.3472379446029663,-0.11942771822214127,0.17194867134094238,-0.38502341508865356,-0.1303059458732605,0.38719239830970764,0.4897104799747467,0.5108944773674011,0.5040531158447266,0.12521293759346008,0.1030598059296608,0.18167957663536072,0.30416685342788696,0.5241262912750244,0.5720874667167664,0.5447797179222107,0.4413490891456604,0.2033117264509201,0.2738095819950104,164.227294921875,173.49986267089844,152.97068786621094,173.31735229492188,174.84564208984375,176.02931213378906,173.66819763183594,174.86972045898438,178.08694458007812,173.15786743164062,175.39605712890625,178.28952026367188,162.0169219970703,173.74801635742188,177.51512145996094,0.5364274382591248,0.5140624642372131,-0.04478681832551956,-77.18184661865234,-79.05519104003906,-170.0204315185547,0.5108944773674011,164.22729661850929,173.49986428384221,152.97068845061298,173.31735032633597,174.84564115528607,176.0293112729288,173.6682020323749,174.86972808234094,178.0869427199864,173.15787254817462,175.39604960650405,178.28952136650466,162.01692461085005,173.74801156873673,177.51511635744203,-77.18184596539645,-79.05518898040528,-170.02043345781354,0.5108944664510562
20251105_002239,kamal,2025-11-05 00:23:39,0,rest,0.0,0.0,0.0,-0.0749673843383789,-0.034361183643341064,-0.027683770284056664,-0.14210724830627441,-0.08706587553024292,-0.049163445830345154,-0.1948082447052002,-0.12274384498596191,-0.07038689404726028,-0.24433663487434387,-0.1332797408103943,-0.0940927118062973,-0.09577757120132446,-0.25829678773880005,-0.038074854761362076,-0.12434494495391846,-0.36457371711730957,-0.06266000866889954,-0.137861967086792,-0.43105563521385193,-0.0824500322341919,-0.1453934907913208,-0.4905250072479248,-0.09809235483407974,-0.04069632291793823,-0.2755262851715088,-0.04830528050661087,-0.0455704927444458,-0.40627163648605347,-0.06871645897626877,-0.04494273662567139,-0.489820659160614,-0.08784688264131546,-0.043126046657562256,-0.5573527812957764,-0.10393155366182327,0.010453999042510986,-0.2627011835575104,-0.06232331693172455,0.030611097812652588,-0.3811185359954834,-0.08991385996341705,0.04344147443771362,-0.4586545526981354,-0.11335142701864243,0.05244642496109009,-0.523446798324585,-0.13089260458946228,0.055865705013275146,-0.22517699003219604,-0.0781632661819458,0.10032838582992554,-0.302470326423645,-0.1066666692495346,0.1340382695198059,-0.3498172163963318,-0.12084458023309708,0.1610184907913208,-0.3899490535259247,-0.13090798258781433,0.3707154095172882,0.46948954463005066,0.4915941059589386,0.4811936020851135,0.12230565398931503,0.10493144392967224,0.17207425832748413,0.2937980890274048,0.5209377408027649,0.5685980319976807,0.542107105255127,0.4417285621166229,0.20322483777999878,0.265380322933197,166.3075408935547,174.20106506347656,158.47006225585938,172.96453857421875,174.9702911376953,175.56619262695312,173.7404022216797,175.24798583984375,178.80992126464844,172.80078125,176.32106018066406,177.85928344726562,164.7997589111328,173.32369995117188,177.53709411621094,0.5335597395896912,0.513413667678833,-0.04537268355488777,-75.19204711914062,-78.58599090576172,-167.67971801757812,0.4915941059589386,166.3075480177047,174.20105847959,158.47006379313422,172.96453964275653,174.97028718105054,175.56619992204293,173.74040082695396,175.24799089466552,178.8099154118051,172.80078277839672,176.32106773345978,177.85927985361474,164.7997566919983,173.3237073769956,177.5370910663282,-75.1920442927963,-78.5859880733212,-167.67972499541207,0.4915941143743972
20251105_002239,kamal,2025-11-05 00:23:39,0,rest,0.0,0.0,0.0,-0.07248759269714355,-0.03734713792800903,-0.02725752629339695,-0.13503628969192505,-0.09506839513778687,-0.048535965383052826,-0.18359923362731934,-0.1379947066307068,-0.06918925791978836,-0.22840583324432373,-0.16224157810211182,-0.09155724197626114,-0.09660011529922485,-0.258794367313385,-0.03589398413896561,-0.12459495663642883,-0.36369407176971436,-0.061656273901462555,-0.14049971103668213,-0.42797309160232544,-0.08242462575435638,-0.15069639682769775,-0.48523080348968506,-0.09836253523826599,-0.047725021839141846,-0.27167341113090515,-0.045857787132263184,-0.053634852170944214,-0.40145188570022583,-0.06788736581802368,-0.057417839765548706,-0.48481231927871704,-0.0875944271683693,-0.05937960743904114,-0.5530667304992676,-0.10291482508182526,-0.0013004541397094727,-0.255604088306427,-0.059665482491254807,0.013455808162689209,-0.3757671117782593,-0.08655770123004913,0.023771226406097412,-0.45390769839286804,-0.10824353247880936,0.03216367959976196,-0.5196166038513184,-0.124051034450531,0.04133915901184082,-0.21611827611923218,-0.07539979368448257,0.07886487245559692,-0.2917182445526123,-0.10279767960309982,0.10496991872787476,-0.3434872627258301,-0.11642778664827347,0.12632042169570923,-0.38957327604293823,-0.12570539116859436,0.3322756588459015,0.4259614646434784,0.44347402453422546,0.4227014482021332,0.11384723335504532,0.09972876310348511,0.16055992245674133,0.29474443197250366,0.5175263285636902,0.5656856298446655,0.5351864695549011,0.42839938402175903,0.18782994151115417,0.24846331775188446,164.52999877929688,176.17535400390625,166.39007568359375,171.94598388671875,175.81214904785156,175.79833984375,172.74313354492188,176.33633422851562,178.87136840820312,172.86329650878906,177.0960693359375,178.02378845214844,165.20596313476562,175.2322998046875,176.57176208496094,0.5280544757843018,0.5114002823829651,-0.04336276650428772,-74.0182876586914,-77.87529754638672,-162.80880737304688,0.44347402453422546,164.52999888942745,176.1753484087453,166.39007943937312,171.94599135738542,175.81215038637552,175.79834311003165,172.7431318335401,176.3363320030728,178.87136421629646,172.8633036270603,177.0960674693676,178.02378417053478,165.20595870566305,175.23230237904815,176.57176903389117,-74.01828497517401,-77.87529742196656,-162.8088120294333,0.44347401874427833
20251105_002239,kamal,2025-11-05 00:23:39,0,rest,0.0,0.0,0.0,-0.06866294145584106,-0.04289370775222778,-0.01787007600069046,-0.12095838785171509,-0.10068488121032715,-0.035335902124643326,-0.1596086621284485,-0.1404792070388794,-0.05357368290424347,-0.19366669654846191,-0.16768139600753784,-0.07398243993520737,-0.09400826692581177,-0.2569974958896637,-0.02999802865087986,-0.11608010530471802,-0.36060118675231934,-0.056424785405397415,-0.1298324465751648,-0.42311495542526245,-0.07751338183879852,-0.1408306360244751,-0.47966116666793823,-0.09335492551326752,-0.051301509141922,-0.2624417245388031,-0.04459447041153908,-0.054797589778900146,-0.38735878467559814,-0.06776805222034454,-0.05904895067214966,-0.4680098295211792,-0.08851113170385361,-0.062375545501708984,-0.5366365313529968,-0.10417602211236954,-0.011809229850769043,-0.23898661136627197,-0.06197782978415489,0.0026393532752990723,-0.3554576635360718,-0.0884154811501503,0.010495543479919434,-0.4314832091331482,-0.10869236290454865,0.017169833183288574,-0.4982048273086548,-0.12341538816690445,0.021863996982574463,-0.19148939847946167,-0.0804450586438179,0.05092376470565796,-0.2619207501411438,-0.10739302635192871,0.07063823938369751,-0.313321977853775,-0.119228795170784,0.08792173862457275,-0.36184000968933105,-0.1269821971654892,0.3170146942138672,0.39278098940849304,0.39514732360839844,0.34611931443214417,0.0975627452135086,0.09041358530521393,0.15366820991039276,0.26664066314697266,0.5085501670837402,0.5502018928527832,0.5135505795478821,0.3934246003627777,0.1619001179933548,0.23165322840213776,164.51470947265625,174.1009063720703,170.3847198486328,168.9081268310547,175.75692749023438,176.8421173095703,170.628662109375,175.86378479003906,178.421142578125,170.2066650390625,177.5552978515625,177.5186309814453,164.82861328125,172.52633666992188,176.1792755126953,0.5224524736404419,0.5110050439834595,-0.04340245947241783,-66.47325134277344,-77.2506332397461,-150.51846313476562,0.39514732360839844,164.51470639813417,174.1009022792584,170.38471699132006,168.90812188144957,175.75692445429135,176.842123389222,170.62866788047498,175.86377735918205,178.42114490576307,170.2066667474128,177.5552908103657,177.51863758653712,164.82861248307034,172.5263325878745,176.17926866358178,-66.47325165416017,-77.25063410468005,-150.51846034207082,0.39514731085921506
20251105_002239,kamal,2025-11-05 00:23:39,0,rest,0.0,0.0,0.0,-0.06682711839675903,-0.042570292949676514,-0.01030902098864317,-0.10859236121177673,-0.10783249139785767,-0.024947717785835266,-0.12835943698883057,-0.1581937074661255,-0.04175667092204094,-0.14225760102272034,-0.18711304664611816,-0.06084107235074043,-0.09998452663421631,-0.2469111979007721,-0.031944625079631805,-0.11399874091148376,-0.35740935802459717,-0.05975756794214249,-0.12394744157791138,-0.4253040552139282,-0.07963917404413223,-0.130586177110672,-0.4839436709880829,-0.09428863227367401,-0.0727081298828125,-0.24401378631591797,-0.04994437098503113,-0.07869461178779602,-0.37172383069992065,-0.07501060515642166,-0.08431065082550049,-0.45899584889411926,-0.09554290771484375,-0.08562475442886353,-0.531014621257782,-0.11080364137887955,-0.044354915618896484,-0.21436148881912231,-0.06929615139961243,-0.036686837673187256,-0.33253318071365356,-0.09585276991128922,-0.030952513217926025,-0.4116450846195221,-0.11706417798995972,-0.024427592754364014,-0.4805086553096771,-0.13289901614189148,-0.018347978591918945,-0.16283762454986572,-0.08917014300823212,0.0067375898361206055,-0.2291068136692047,-0.11667302250862122,0.020177602767944336,-0.2813546657562256,-0.13128353655338287,0.03416353464126587,-0.33229997754096985,-0.1415085643529892,0.2989370822906494,0.3520963490009308,0.3242795765399933,0.24230332672595978,0.06715615838766098,0.08236595243215561,0.15960218012332916,0.24279652535915375,0.5100436806678772,0.549168050289154,0.4991466999053955,0.3627879321575165,0.11301418393850327,0.23405028879642487,155.21554565429688,167.32229614257812,165.97471618652344,163.76466369628906,177.60916137695312,177.13592529296875,166.35269165039062,177.6660614013672,177.1387939453125,164.3424835205078,177.63055419921875,177.5855712890625,154.35574340820312,171.48007202148438,175.70455932617188,0.5166003704071045,0.525976836681366,-0.04807039350271225,-54.97034454345703,-75.22701263427734,-134.15744018554688,0.3520963490009308,155.21554508783524,167.32229666460205,165.97471180689055,163.76466208684496,177.6091672056487,177.1359230852828,166.35268551623756,177.6660650276287,177.1387986084673,164.34248985646903,177.63055249200934,177.58557267934404,154.3557480672617,171.4800669601182,175.70456605643125,-54.970344921095986,-75.22701423060957,-134.15743675525812,0.35209633715447347
20251105_002239,kamal,2025-11-05 00:23:39,0,rest,0.0,0.0,0.0,-0.07102388143539429,-0.04722827672958374,-0.005215690471231937,-0.1033061146736145,-0.11473256349563599,-0.01906593143939972,-0.1157180666923523,-0.16393709182739258,-0.0358305424451828,-0.12290811538696289,-0.20468270778656006,-0.05508924648165703,-0.09783798456192017,-0.24879670143127441,-0.028522124513983727,-0.10698935389518738,-0.35945412516593933,-0.05838845670223236,-0.11493939161300659,-0.43094682693481445,-0.0796126201748848,-0.11876758933067322,-0.4909464120864868,-0.09491942077875137,-0.07489052414894104,-0.24093815684318542,-0.049924563616514206,-0.08035337924957275,-0.3660801649093628,-0.07720088958740234,-0.08445176482200623,-0.4530578851699829,-0.09953873604536057,-0.08310499787330627,-0.527650773525238,-0.11619603633880615,-0.05030912160873413,-0.2050766944885254,-0.07216086983680725,-0.04665184020996094,-0.32161325216293335,-0.10087437182664871,-0.04315382242202759,-0.39931339025497437,-0.12276461720466614,-0.03830981254577637,-0.47034481167793274,-0.13912107050418854,-0.0278322696685791,-0.14625239372253418,-0.09439340978860855,-0.011243462562561035,-0.20740953087806702,-0.12327469140291214,-0.004406452178955078,-0.25681328773498535,-0.13838648796081543,0.0034391283988952637,-0.307411789894104,-0.14925028383731842,0.28905102610588074,0.3310992419719696,0.2911950647830963,0.18810419738292694,0.05542314425110817,0.07626361399888992,0.16850146651268005,0.2450229376554489,0.5139492154121399,0.546647310256958,0.49198228120803833,0.3417447507381439,0.09408329427242279,0.23893028497695923,148.6470184326172,166.49195861816406,172.28854370117188,161.2790069580078,177.91688537597656,176.62432861328125,165.5023651123047,177.88748168945312,175.9480743408203,164.23411560058594,177.97047424316406,176.93800354003906,155.9351043701172,169.75494384765625,175.0387725830078,0.5140376687049866,0.5333126187324524,-0.04899947717785835,-46.74284362792969,-74.85089111328125,-124.32086181640625,0.3310992419719696,148.6470177703733,166.4919559733922,172.28853899237174,161.27900806494114,177.9168817497225,176.62432394096152,165.50236694993134,177.8874846383665,175.94807186197673,164.23411472864478,177.97048130186127,176.93800363820094,155.93510728712576,169.75493662489492,175.0387705101726,-46.74284192863103,-74.85088776704661,-124.32086370222444,0.3310992289592876
20251105_002239,kamal,2025-11-05 00:23:39,0,rest,0.0,0.0,0.0,-0.07191446423530579,-0.056656599044799805,-0.00556437810882926,-0.09823045134544373,-0.1292141079902649,-0.016960864886641502,-0.09796592593193054,-0.18402856588363647,-0.032465770840644836,-0.09113883972167969,-0.22971078753471375,-0.049984097480773926,-0.0955023467540741,-0.2470186948776245,-0.012969017028808594,-0.10044893622398376,-0.34547823667526245,-0.04171565920114517,-0.11026707291603088,-0.41781726479530334,-0.0669732391834259,-0.1159934401512146,-0.4812004268169403,-0.08632034063339233,-0.07909947633743286,-0.24399283528327942,-0.031887710094451904,-0.08657321333885193,-0.3520454466342926,-0.05624869838356972,-0.09413045644760132,-0.4350282549858093,-0.08039672672748566,-0.09718146920204163,-0.5092587471008301,-0.09963113814592361,-0.06121450662612915,-0.21715950965881348,-0.05281805619597435,-0.05996870994567871,-0.3108944892883301,-0.07719475775957108,-0.061507999897003174,-0.37855619192123413,-0.09818786382675171,-0.06407517194747925,-0.43928998708724976,-0.11523722857236862,-0.0445590615272522,-0.1684873104095459,-0.07489099353551865,-0.032781362533569336,-0.2106001377105713,-0.09869414567947388,-0.03278183937072754,-0.24300804734230042,-0.1118452176451683,-0.034995973110198975,-0.2748037576675415,-0.12251664698123932,0.2553137540817261,0.2839865982532501,0.2211647480726242,0.1022074744105339,0.0363088883459568,0.07896329462528229,0.1671954095363617,0.25213438272476196,0.5024535059928894,0.5279346704483032,0.45865121483802795,0.30290618538856506,0.07271986454725266,0.24363888800144196,147.97256469726562,158.91783142089844,170.7440643310547,157.5584716796875,174.58009338378906,176.73013305664062,165.11984252929688,176.31097412109375,176.79608154296875,163.92027282714844,176.68304443359375,178.10235595703125,152.18936157226562,164.481689453125,174.82911682128906,0.5077559947967529,0.5123298764228821,-0.0345124714076519,-39.44417190551758,-74.71456146240234,-122.9714584350586,0.2839865982532501,147.97255889487596,158.91782665589795,170.74406354291276,157.55846575722694,174.58009553876076,176.73013456025456,165.11983958151453,176.31097206050381,176.79607670598534,163.92026986876914,176.68304459065885,178.10236265873885,152.18935831457046,164.48168808651772,174.82911627318347,-39.44417307313534,-74.71456244236963,-122.97146197647793,0.28398659595686515
20251105_002239,kamal,2025-11-05 00:23:39,0,rest,0.0,0.0,0.0,-0.009782016277313232,-0.07300812005996704,0.0018071344820782542,-0.04050391912460327,-0.13970708847045898,-0.010617487132549286,-0.06942778825759888,-0.18173164129257202,-0.02338208444416523,-0.08369892835617065,-0.21588709950447083,-0.03995396941900253,-0.057513654232025146,-0.1637328863143921,-0.050323013216257095,-0.10461568832397461,-0.2607530355453491,-0.08119276911020279,-0.1351439654827118,-0.3274446129798889,-0.09965436905622482,-0.15758192539215088,-0.37942731380462646,-0.10976321995258331,-0.07583111524581909,-0.13887906074523926,-0.06429213285446167,-0.13068759441375732,-0.24172449111938477,-0.09113344550132751,-0.16536107659339905,-0.3099623918533325,-0.10752270370721817,-0.19331830739974976,-0.36751145124435425,-0.11833514273166656,-0.09247851371765137,-0.09807837009429932,-0.07458081841468811,-0.15286168456077576,-0.17985934019088745,-0.09688587486743927,-0.189172625541687,-0.23208314180374146,-0.10852737724781036,-0.216872900724411,-0.2754155397415161,-0.116316057741642,-0.10533154010772705,-0.04316753149032593,-0.08274276554584503,-0.1442013680934906,-0.0966651439666748,-0.10033337771892548,-0.16357186436653137,-0.126306414604187,-0.10301440209150314,-0.17965847253799438,-0.14882421493530273,-0.10371046513319016,0.1925550103187561,0.20285452902317047,0.16465148329734802,0.13330624997615814,0.038633596152067184,0.09508182108402252,0.13254877924919128,0.23496609926223755,0.4252588748931885,0.43178680539131165,0.3693467080593109,0.25530701875686646,0.1199033334851265,0.21960096061229706,159.72259521484375,169.42498779296875,164.94760131835938,173.71139526367188,177.7686004638672,175.81292724609375,170.83975219726562,178.58079528808594,177.31027221679688,162.2284393310547,177.43716430664062,177.18898010253906,144.69937133789062,169.0707244873047,176.25975036621094,0.5414879322052002,0.5966172218322754,-0.05438699945807457,55.863365173339844,-58.33599090576172,-68.36603546142578,0.23173648118972778,159.7226011840612,169.42498884319775,164.9476020074628,173.71140130713155,177.76859659766026,175.81292235138017,170.83975154293597,178.58079092518105,177.31027284697146,162.22843193511997,177.43716004164318,177.18897832260058,144.6993702092473,169.07072943232035,176.25974888461118,55.863364096063904,-58.33598902856964,-68.36603846794523,0.23173648608478
20251105_002239,kamal,2025-11-05 00:23:39,0,rest,0.0,0.0,0.0,-0.0028839707374572754,-0.06653589010238647,-0.009139874018728733,-0.018501639366149902,-0.1415202021598816,-0.0292319655418396,-0.029390811920166016,-0.20003819465637207,-0.048859842121601105,-0.01543891429901123,-0.2530216574668884,-0.07019682228565216,-0.0691918134689331,-0.1972292959690094,-0.0518924705684185,-0.10042870044708252,-0.31287598609924316,-0.0868275910615921,-0.11757791042327881,-0.3947897255420685,-0.10801438242197037,-0.12813234329223633,-0.45901593565940857,-0.11953210085630417,-0.09105223417282104,-0.1726357638835907,-0.06239798292517662,-0.1357962191104889,-0.2943587303161621,-0.09117423743009567,-0.1641070544719696,-0.37758469581604004,-0.10760688781738281,-0.1880989968776703,-0.4464064836502075,-0.11719635874032974,-0.10953861474990845,-0.1273345947265625,-0.07141708582639694,-0.17169189453125,-0.21505051851272583,-0.09951062500476837,-0.21105057001113892,-0.2782367467880249,-0.11654067039489746,-0.24132400751113892,-0.3329004943370819,-0.1257655769586563,-0.12437671422958374,-0.06370681524276733,-0.07906705886125565,-0.17633923888206482,-0.10821378231048584,-0.10517309606075287,-0.21432697772979736,-0.133303701877594,-0.1154908761382103,-0.2495424747467041,-0.15679800510406494,-0.11953076720237732,0.239932119846344,0.263473242521286,0.24595241248607635,0.25787070393562317,0.06132253631949425,0.1256580352783203,0.17640437185764313,0.26303213834762573,0.4913262128829956,0.49839237332344055,0.4299732446670532,0.31803250312805176,0.16957686841487885,0.2960638701915741,168.59059143066406,176.2593994140625,156.0305938720703,175.31692504882812,176.2196044921875,175.1691436767578,170.97940063476562,177.6401824951172,176.87803649902344,170.18826293945312,176.25677490234375,174.6624298095703,165.10154724121094,169.39674377441406,172.6766815185547,0.5316826701164246,0.560096263885498,-0.052953898906707764,63.78307342529297,-63.59756088256836,-67.54467010498047,0.3256932497024536,168.59059735431623,176.25939193529518,156.03059697937894,175.31692784277791,176.219609045695,175.16914294252527,170.9794082167827,177.64018821502478,176.87803277656047,170.1882679427881,176.256780907137,174.6624305517824,165.1015468843504,169.3967404659183,172.67668707921922,63.78307471848804,-63.59756055526418,-67.54467003544103,0.3256932568702095
20251105_002239,kamal,2025-11-05 00:23:39,0,rest,0.0,0.0,0.0,0.004182159900665283,-0.08191084861755371,-0.002101150806993246,-0.0073073506355285645,-0.16780799627304077,-0.01628704182803631,-0.0028457045555114746,-0.23331093788146973,-0.03084663115441799,0.024612486362457275,-0.2704050540924072,-0.0478314533829689,-0.061267316341400146,-0.21827909350395203,-0.046870652586221695,-0.09580296277999878,-0.3396844267845154,-0.07423368096351624,-0.1153501570224762,-0.41794243454933167,-0.09039189666509628,-0.130313903093338,-0.4798203706741333,-0.10030006617307663,-0.0897451639175415,-0.19254717230796814,-0.0595904216170311,-0.14345240592956543,-0.31584617495536804,-0.08170291781425476,-0.17856043577194214,-0.3930068612098694,-0.0950913056731224,-0.20848801732063293,-0.45357775688171387,-0.10489868372678757,-0.11642912030220032,-0.14696478843688965,-0.07020457088947296,-0.17488467693328857,-0.24269592761993408,-0.09187136590480804,-0.21293526887893677,-0.30653804540634155,-0.11087742447853088,-0.2432321310043335,-0.35712242126464844,-0.12364008277654648,-0.1383712887763977,-0.08918541669845581,-0.07900207489728928,-0.19407227635383606,-0.13001114130020142,-0.10113352537155151,-0.23352813720703125,-0.14910465478897095,-0.1137729361653328,-0.270751416683197,-0.1661522388458252,-0.1210937425494194,0.2657252550125122,0.3019019067287445,0.2915606200695038,0.3216766119003296,0.08258943259716034,0.10422103852033615,0.19295959174633026,0.27570366859436035,0.507217288017273,0.5101017355918884,0.44942760467529297,0.3399655818939209,0.16837479174137115,0.29453766345977783,166.91343688964844,168.2487030029297,147.83502197265625,179.4149627685547,177.97140502929688,177.48287963867188,173.5108642578125,179.01431274414062,178.05587768554688,168.29368591308594,176.53591918945312,177.8648681640625,171.51092529296875,169.89549255371094,173.93588256835938,0.5340346693992615,0.550355851650238,-0.05113276094198227,67.37711334228516,-62.77173614501953,-59.15133285522461,0.34430041909217834,166.9134344581858,168.24870022243198,147.83501464630686,179.4149637411533,177.97140071674454,177.48287523586717,173.51087087702382,179.0143126622753,178.05587504868396,168.293691950142,176.53591720214317,177.8648624931167,171.510920248363,169.89548561971228,173.93589015389279,67.3771137135495,-62.77173763500938,-59.151331688500285,0.34430040535149936
20251105_002239,kamal,2025-11-05 00:23:39,0,rest,0.0,0.0,0.0,0.0237618088722229,-0.09188175201416016,-0.014506642706692219,0.022933542728424072,-0.19069445133209229,-0.031175706535577774,0.03532201051712036,-0.26422497630119324,-0.04659445956349373,0.0664483904838562,-0.3012115955352783,-0.06510084122419357,-0.060711681842803955,-0.23690000176429749,-0.05382722616195679,-0.083609938621521,-0.3650801181793213,-0.08130480349063873,-0.09990507364273071,-0.4442838430404663,-0.09861234575510025,-0.11519569158554077,-0.5061659216880798,-0.11032956093549728,-0.10264760255813599,-0.20735546946525574,-0.061994750052690506,-0.14697623252868652,-0.3429666757583618,-0.08686026185750961,-0.1797228455543518,-0.4281439483165741,-0.10410425066947937,-0.21055084466934204,-0.49249935150146484,-0.1162526085972786,-0.13457462191581726,-0.15943902730941772,-0.06889800727367401,-0.19111546874046326,-0.26032596826553345,-0.09219088405370712,-0.23260366916656494,-0.33086052536964417,-0.11430873721837997,-0.2684667706489563,-0.38394108414649963,-0.12935636937618256,-0.15508830547332764,-0.10191184282302856,-0.07527180016040802,-0.2094058394432068,-0.15733426809310913,-0.09957101941108704,-0.2505335211753845,-0.1881147027015686,-0.11532274633646011,-0.2884911298751831,-0.21031135320663452,-0.12491549551486969,0.27757248282432556,0.3404938876628876,0.3509146571159363,0.3712448179721832,0.09651146829128265,0.12373705953359604,0.17483700811862946,0.3152489960193634,0.5307038426399231,0.548089325428009,0.48602285981178284,0.37823522090911865,0.19695927202701569,0.29288187623023987,165.1846923828125,169.90708923339844,149.34463500976562,175.8201141357422,178.52613830566406,177.23231506347656,170.47299194335938,177.00637817382812,175.38705444335938,167.42088317871094,176.0855255126953,176.03985595703125,167.5430908203125,171.62127685546875,172.13214111328125,0.5413735508918762,0.5597789287567139,-0.05199756845831871,77.19842529296875,-63.97137451171875,-55.04077911376953,0.3712448179721832,165.18468951128386,169.90709273985678,149.34463389574137,175.82011487510403,178.52614434249412,177.23231144745031,170.4729936982102,177.00637704105168,175.38704690415497,167.42088606067247,176.085522708299,176.03985445668127,167.5430867416828,171.62127826955685,172.13213484457648,77.19842272405042,-63.97137569965194,-55.040777207327125,0.37124481146007166
20251105_002239,kamal,2025-11-05 00:23:39,0,rest,0.0,0.0,0.0,0.03001934289932251,-0.095070481300354,-0.0049086506478488445,0.02557438611984253,-0.19150269031524658,-0.016177384182810783,0.03416407108306885,-0.2647075355052948,-0.028983352705836296,0.06188398599624634,-0.31006166338920593,-0.04487511143088341,-0.05782318115234375,-0.25909900665283203,-0.03601597249507904,-0.07763731479644775,-0.38187116384506226,-0.0629592314362526,-0.08784341812133789,-0.4621448814868927,-0.08084190636873245,-0.09697520732879639,-0.5265606641769409,-0.09304597973823547,-0.10013872385025024,-0.236692875623703,-0.04984328895807266,-0.14656352996826172,-0.36603280901908875,-0.07531684637069702,-0.17698317766189575,-0.44793111085891724,-0.09247585386037827,-0.206004798412323,-0.5114067196846008,-0.10403302311897278,-0.1333295702934265,-0.18983882665634155,-0.06303079426288605,-0.19413065910339355,-0.2885453701019287,-0.08916287124156952,-0.23537421226501465,-0.3588842451572418,-0.11048740148544312,-0.2716789245605469,-0.414009690284729,-0.12390176951885223,-0.15622419118881226,-0.1283302903175354,-0.07503929734230042,-0.2156621217727661,-0.18512016534805298,-0.10114358365535736,-0.25794243812561035,-0.21687591075897217,-0.11577048152685165,-0.29710954427719116,-0.24145150184631348,-0.12406463176012039,0.27281585335731506,0.34029969573020935,0.3582102954387665,0.37397152185440063,0.11062463372945786,0.11913874000310898,0.17442210018634796,0.3193456530570984,0.5434407591819763,0.5610683560371399,0.5104557871818542,0.4024486839771271,0.2100980430841446,0.2856171429157257,159.54676818847656,170.228515625,155.00506591796875,174.38514709472656,178.10723876953125,177.99319458007812,176.8330841064453,179.12957763671875,175.5332489013672,175.82350158691406,177.70155334472656,175.70123291015625,175.09922790527344,173.14837646484375,172.93368530273438,0.5669736862182617,0.5472360253334045,-0.044785186648368835,68.36798858642578,-65.71171569824219,-53.039222717285156,0.37397152185440063,159.54676114873715,170.22851871342283,155.00507100195554,174.38514745436527,178.10724577056234,177.99318966943406,176.83307868494938,179.1295795207429,175.5332423554407,175.8235045495996,177.70155526515586,175.70124005157308,175.09922050546552,173.14837929098195,172.93368378949665,68.36798830703412,-65.71171499001643,-53.03922387442343,0.3739715085071347
20251105_002239,kamal,2025-11-05 00:23:39,0,rest,0.0,0.0,0.0,0.03607445955276489,-0.10088884830474854,-0.009180577471852303,0.042774319648742676,-0.21259361505508423,-0.016617896035313606,0.06720328330993652,-0.2854836881160736,-0.02428240142762661,0.10839366912841797,-0.3102377653121948,-0.03402232751250267,-0.042016565799713135,-0.27267545461654663,-0.033586274832487106,-0.05446755886077881,-0.4015427231788635,-0.058799102902412415,-0.06352394819259644,-0.48635196685791016,-0.07457169890403748,-0.06983762979507446,-0.5530616044998169,-0.08506958931684494,-0.08992373943328857,-0.25893107056617737,-0.043232060968875885,-0.13295692205429077,-0.3926789164543152,-0.06800664216279984,-0.16367799043655396,-0.4792366623878479,-0.08350229263305664,-0.19186782836914062,-0.5449532270431519,-0.09302353113889694,-0.12842589616775513,-0.2231884002685547,-0.05302434414625168,-0.18403103947639465,-0.3266059160232544,-0.07823923975229263,-0.21999120712280273,-0.3943737745285034,-0.09983932971954346,-0.25250867009162903,-0.44737541675567627,-0.11265686899423599,-0.15372592210769653,-0.17205172777175903,-0.06251347064971924,-0.20803147554397583,-0.22532057762145996,-0.0885184034705162,-0.247263103723526,-0.25266164541244507,-0.10476043075323105,-0.2844787538051605,-0.27261021733283997,-0.11387455463409424,0.3055088222026825,0.38565459847450256,0.3940058648586273,0.4026672840118408,0.12255766242742538,0.11655133962631226,0.1776694804430008,0.33038488030433655,0.5639071464538574,0.5851843357086182,0.5259248614311218,0.41013646125793457,0.21283641457557678,0.2884133756160736,163.7674102783203,164.83827209472656,139.60964965820312,174.81503295898438,179.21505737304688,178.2863311767578,178.33843994140625,178.26673889160156,175.8546600341797,178.31341552734375,176.3822021484375,174.64234924316406,174.8240966796875,170.93736267089844,170.79684448242188,0.5790133476257324,0.545014500617981,-0.0384705550968647,75.48212432861328,-68.63060760498047,-42.011375427246094,0.4026672840118408,163.7674071821379,164.8382672789574,139.6096516483812,174.81502884181197,179.21505400861037,178.28632776997847,178.33843263356613,178.2667329956235,175.85466225700355,178.31341348201096,176.3822067666982,174.64235487937052,174.82409881168545,170.9373570968461,170.79684373911178,75.48212285342363,-68.63060846872014,-42.01137630815807,0.40266729523264244
20251105_002239,kamal,2025-11-05 00:23:39,0,rest,0.0,0.0,0.0,0.03952312469482422,-0.1119692325592041,0.003130351658910513,0.05717670917510986,-0.211469829082489,-0.002554582431912422,0.09014654159545898,-0.2756537199020386,-0.010092692449688911,0.12896603345870972,-0.309448778629303,-0.02056834287941456,-0.028802990913391113,-0.281218022108078,-0.027552597224712372,-0.03171306848526001,-0.4194319248199463,-0.049814559519290924,-0.03659719228744507,-0.503807544708252,-0.0648491382598877,-0.04116177558898926,-0.5718199014663696,-0.07474751770496368,-0.07567232847213745,-0.26667171716690063,-0.038979046046733856,-0.10581725835800171,-0.40984898805618286,-0.05831289291381836,-0.13146305084228516,-0.4988138675689697,-0.07308987528085709,-0.15450239181518555,-0.5672460198402405,-0.08433861285448074,-0.11579269170761108,-0.23266535997390747,-0.04860108718276024,-0.16426724195480347,-0.3496502935886383,-0.06542559713125229,-0.19717851281166077,-0.4226258397102356,-0.08470534533262253,-0.2245768904685974,-0.47954222559928894,-0.09834546595811844,-0.1438966989517212,-0.18629586696624756,-0.05674907937645912,-0.19667363166809082,-0.25321778655052185,-0.07702633738517761,-0.23554083704948425,-0.28988394141197205,-0.09171992540359497,-0.2716214060783386,-0.32070866227149963,-0.10046820342540741,0.31736013293266296,0.3884332776069641,0.3999670743942261,0.40863317251205444,0.11383762210607529,0.11313082277774811,0.16566771268844604,0.3358777165412903,0.5781517624855042,0.5939293503761292,0.538578987121582,0.43211814761161804,0.2066715657711029,0.2734185457229614,169.49703979492188,162.71014404296875,157.79258728027344,174.16815185546875,177.7205047607422,178.10256958007812,176.05474853515625,175.57598876953125,177.49513244628906,175.0638885498047,173.77976989746094,178.05477905273438,179.4123992919922,171.6153564453125,174.35397338867188,0.5830066204071045,0.5538676977157593,-0.03437568247318268,75.76570892333984,-72.76030731201172,-39.51369857788086,0.40863317251205444,169.49704121279785,162.71015019388366,157.79259248903355,174.16814771079623,177.72051075050416,178.10257130112484,176.05474442978988,175.5759827279517,177.495130654139,175.06389295834416,173.77977145187603,178.05477556777123,179.41239926852234,171.61535170625396,174.3539671571698,75.7657110928942,-72.76030655365989,-39.513697954100245,0.40863317254892983
20251105_002239,kamal,2025-11-05 00:23:39,0,rest,0.0,0.0,0.0,0.04442554712295532,-0.10749107599258423,0.00495532713830471,0.06600767374038696,-0.20790570974349976,0.0021200189366936684,0.10217952728271484,-0.2727797329425812,-0.0017171897925436497,0.14225375652313232,-0.3053765594959259,-0.00794196780771017,-0.017399251461029053,-0.2794158458709717,-0.027818044647574425,-0.021438539028167725,-0.4138416051864624,-0.04721484333276749,-0.023502886295318604,-0.49589329957962036,-0.05826900899410248,-0.022749245166778564,-0.5627312660217285,-0.06581252813339233,-0.0657958984375,-0.26924195885658264,-0.038143012672662735,-0.09280061721801758,-0.4125226140022278,-0.05723410099744797,-0.1164204478263855,-0.5019299983978271,-0.07060045003890991,-0.13533669710159302,-0.571071982383728,-0.08119616657495499,-0.10855436325073242,-0.24077320098876953,-0.046297259628772736,-0.15238124132156372,-0.35823944211006165,-0.06470528244972229,-0.18392062187194824,-0.4319818615913391,-0.08585173636674881,-0.20890045166015625,-0.4898827373981476,-0.10093633085489273,-0.14061248302459717,-0.19977813959121704,-0.052388012409210205,-0.19365251064300537,-0.26567909121513367,-0.07692769169807434,-0.23344454169273376,-0.29804497957229614,-0.09579644352197647,-0.2705056071281433,-0.3268464505672455,-0.10749129951000214,0.311137318611145,0.39117348194122314,0.4074306786060333,0.42513683438301086,0.11393927782773972,0.11132382601499557,0.17441041767597198,0.3369778096675873,0.5670231580734253,0.5924795866012573,0.5420448780059814,0.437671422958374,0.20296025276184082,0.2803714871406555,168.92190551757812,162.94552612304688,158.00221252441406,176.87640380859375,179.39544677734375,177.58993530273438,176.94503784179688,175.84274291992188,179.46908569335938,175.91822814941406,173.06068420410156,178.67063903808594,174.5792236328125,167.87396240234375,173.67633056640625,0.5850619077682495,0.5548864603042603,-0.032928623259067535,78.72256469726562,-74.55096435546875,-32.876224517822266,0.42513683438301086,168.92190353708165,162.9455192791712,158.00221932171883,176.8763962992247,179.39544445710604,177.58994276775397,176.94504424622312,175.84274205381683,179.46908490647536,175.91823479525397,173.06068795726878,178.67064163544072,174.57922189085207,167.8739659955616,173.67633535458768,78.72256738294024,-74.55096738967444,-32.87622410938359,0.4251368232734828
20251105_002239,kamal,2025-11-05 00:23:39,0,rest,0.0,0.0,0.0,0.04372471570968628,-0.10364532470703125,0.005341309122741222,0.06404334306716919,-0.20622581243515015,0.0012728959554806352,0.10097062587738037,-0.2692734897136688,-0.004914532415568829,0.14350342750549316,-0.2970585823059082,-0.014011425897479057,-0.015492439270019531,-0.2870836555957794,-0.023935196921229362,-0.017727673053741455,-0.4201890230178833,-0.04094492644071579,-0.018991947174072266,-0.5008183717727661,-0.050649724900722504,-0.019177556037902832,-0.5655105113983154,-0.05753970146179199,-0.06329339742660522,-0.2781287729740143,-0.03575653210282326,-0.08995705842971802,-0.41973745822906494,-0.05218590423464775,-0.11310648918151855,-0.5095247626304626,-0.0638352483510971,-0.13234877586364746,-0.5766110420227051,-0.07318336516618729,-0.10753750801086426,-0.2469034194946289,-0.04562269523739815,-0.15103960037231445,-0.36113670468330383,-0.06173008680343628,-0.18267780542373657,-0.43522465229034424,-0.08111638575792313,-0.20877933502197266,-0.4918605089187622,-0.09499172866344452,-0.14421385526657104,-0.19868314266204834,-0.053551286458969116,-0.19412004947662354,-0.26632386445999146,-0.07454612106084824,-0.23303991556167603,-0.3013719320297241,-0.09001234918832779,-0.2697437107563019,-0.3322909474372864,-0.09940570592880249,0.31690099835395813,0.39717167615890503,0.41061994433403015,0.4234462082386017,0.1147853285074234,0.11618904024362564,0.1708759367465973,0.33020198345184326,0.5687536597251892,0.5961143374443054,0.5427144765853882,0.43938642740249634,0.20682312548160553,0.28152674436569214,167.32884216308594,160.70689392089844,153.22109985351562,176.70823669433594,179.5755615234375,178.92930603027344,177.7645721435547,176.17616271972656,178.39573669433594,176.60777282714844,173.57418823242188,178.13916015625,178.2273406982422,168.57228088378906,174.3170928955078,0.5853511095046997,0.5517538785934448,-0.03177240863442421,77.04293823242188,-75.30335998535156,-34.47966003417969,0.4234462082386017,167.32883784989576,160.706891335469,153.2210996615349,176.70823227797317,179.57556273463283,178.92930553181512,177.76456953479587,176.17616944695743,178.3957420390623,176.60776675381086,173.57419034803016,178.13916332076948,178.22733509144527,168.57227377213255,174.31709602367323,77.0429391435167,-75.30336112191634,-34.4796595597593,0.4234462187982087
20251105_002239,kamal,2025-11-05 00:23:39,0,rest,0.0,0.0,0.0,0.047065913677215576,-0.10048097372055054,-0.001703585614450276,0.07723701000213623,-0.1978093385696411,-0.012851730920374393,0.12056344747543335,-0.2572847604751587,-0.024949021637439728,0.16517359018325806,-0.2851945161819458,-0.03978236764669418,-0.004562556743621826,-0.27240481972694397,-0.03768787533044815,-0.004074454307556152,-0.41021376848220825,-0.05800120159983635,-0.005678832530975342,-0.4932801127433777,-0.06865601986646652,-0.006683707237243652,-0.5598913431167603,-0.07584532350301743,-0.055944085121154785,-0.26563510298728943,-0.04702669754624367,-0.07867467403411865,-0.4113504886627197,-0.06546420603990555,-0.09918898344039917,-0.5025368928909302,-0.07663749903440475,-0.11675673723220825,-0.56865394115448,-0.08559247106313705,-0.10135990381240845,-0.23829424381256104,-0.05438927561044693,-0.14262539148330688,-0.3538779318332672,-0.07076667994260788,-0.17211848497390747,-0.4283825755119324,-0.0887427031993866,-0.19641876220703125,-0.48453766107559204,-0.10198445618152618,-0.13660290837287903,-0.19713091850280762,-0.06047007814049721,-0.18581801652908325,-0.2634684443473816,-0.08090732246637344,-0.22394198179244995,-0.30029189586639404,-0.09522537142038345,-0.2591875195503235,-0.3326724171638489,-0.10390482097864151,0.3260273337364197,0.4024083912372589,0.41755935549736023,0.43179646134376526,0.11085062474012375,0.11700546741485596,0.16433702409267426,0.3319651484489441,0.5650447010993958,0.586792528629303,0.5326893329620361,0.4343331754207611,0.20581744611263275,0.27624109387397766,170.4861602783203,161.0741424560547,157.70509338378906,178.74151611328125,178.3137969970703,178.82594299316406,175.967529296875,176.20301818847656,177.72360229492188,174.58270263671875,174.60423278808594,178.18606567382812,178.18612670898438,170.79727172851562,174.96420288085938,0.5729156732559204,0.54758220911026,-0.039913974702358246,80.21058654785156,-75.7168960571289,-29.686710357666016,0.43179646134376526,170.48615303665366,161.07414023704547,157.70509510454485,178.74151188030834,178.3137994622589,178.82593680524883,175.96752308942018,176.20302182206575,177.7236065589819,174.58270484141266,174.6042357997853,178.18607167129605,178.18613401561043,170.7972646202795,174.96420249930154,80.21058695111988,-75.71689563668006,-29.686710053332195,0.43179647006115274
20251105_002239,kamal,2025-11-05 00:23:39,0,rest,0.0,0.0,0.0,0.051225483417510986,-0.0935247540473938,-0.007988505065441132,0.08457982540130615,-0.18821418285369873,-0.020183026790618896,0.12850850820541382,-0.2487088441848755,-0.0316486731171608,0.1734185814857483,-0.2762487530708313,-0.04519347473978996,-0.0014257431030273438,-0.2621745467185974,-0.04370180517435074,0.002595365047454834,-0.40006861090660095,-0.0653790831565857,0.0009002089500427246,-0.4851723313331604,-0.07717283070087433,-0.0019137859344482422,-0.5530276298522949,-0.08530283719301224,-0.053033411502838135,-0.25627344846725464,-0.050476957112550735,-0.07228130102157593,-0.40305542945861816,-0.07097136974334717,-0.09361904859542847,-0.4941428601741791,-0.08358593285083771,-0.11414343118667603,-0.5609164237976074,-0.09324393421411514,-0.09767472743988037,-0.23109528422355652,-0.0555792972445488,-0.13675206899642944,-0.3492927551269531,-0.0746101513504982,-0.16494211554527283,-0.4232231080532074,-0.09280023723840714,-0.18988469243049622,-0.4806879758834839,-0.10556777566671371,-0.1317230761051178,-0.1917436718940735,-0.0598108284175396,-0.18174028396606445,-0.2605052888393402,-0.08219700306653976,-0.21826648712158203,-0.2971888780593872,-0.09615682065486908,-0.2523834705352783,-0.32997629046440125,-0.10421732068061829,0.33008599281311035,0.40747568011283875,0.42122408747673035,0.43321800231933594,0.11278646439313889,0.11101898550987244,0.16316229104995728,0.3292868435382843,0.5595710873603821,0.5799571871757507,0.5275051593780518,0.42830249667167664,0.20242716372013092,0.2693771719932556,170.37039184570312,163.4776611328125,157.25064086914062,177.97216796875,177.02999877929688,178.37966918945312,174.84732055664062,174.3355712890625,176.1291046142578,174.08163452148438,175.04843139648438,177.09292602539062,178.46934509277344,171.44720458984375,174.43739318847656,0.5634329915046692,0.5428179502487183,-0.04191296547651291,82.9521255493164,-75.27762603759766,-28.392980575561523,0.43321800231933594,170.37039898066107,163.47765819241232,157.25064453881896,177.9721632583225,177.03000323100895,178.37966924946747,174.84732585597945,174.3355645213766,176.12910404221313,174.08163770648375,175.04843311460124,177.09292519748286,178.46934852357222,171.44721131856656,174.43739847207948,82.95212616747011,-75.27762877976197,-28.392979766834063,0.433218016902969
20251105_002239,kamal,2025-11-05 00:23:39,0,rest,0.0,0.0,0.0,0.05214822292327881,-0.09188902378082275,-0.0060880547389388084,0.08604586124420166,-0.18414461612701416,-0.01820942759513855,0.12908273935317993,-0.24117371439933777,-0.03024929203093052,0.1729866862297058,-0.2662244737148285,-0.04472224414348602,0.0002619028091430664,-0.2598082721233368,-0.0436977781355381,0.003987729549407959,-0.39601731300354004,-0.0654037669301033,0.0019892454147338867,-0.4798610210418701,-0.07650680094957352,-0.0006024837493896484,-0.545136570930481,-0.08397319912910461,-0.051061034202575684,-0.2513143718242645,-0.052095457911491394,-0.07335007190704346,-0.3974233865737915,-0.0734257772564888,-0.09384894371032715,-0.48892202973365784,-0.08594980090856552,-0.11316460371017456,-0.5561833381652832,-0.09527336061000824,-0.09567070007324219,-0.22374698519706726,-0.058644991368055344,-0.13736918568611145,-0.342459499835968,-0.07859093695878983,-0.16557639837265015,-0.4168758988380432,-0.0970025435090065,-0.19017574191093445,-0.47494828701019287,-0.10958448797464371,-0.13012072443962097,-0.18291008472442627,-0.06395113468170166,-0.1819826364517212,-0.2542426884174347,-0.08715356141328812,-0.21866613626480103,-0.29365232586860657,-0.10158149152994156,-0.25218841433525085,-0.32826530933380127,-0.10979756712913513,0.33085617423057556,0.41050469875335693,0.4238628149032593,0.4345776438713074,0.11366598308086395,0.11284793168306351,0.15925300121307373,0.32062429189682007,0.5515666604042053,0.5755199193954468,0.5232126116752625,0.4282670021057129,0.20376543700695038,0.2673671543598175,169.92254638671875,163.122802734375,156.4549560546875,178.43016052246094,176.72915649414062,178.63742065429688,175.71435546875,176.03713989257812,176.6346893310547,174.1276397705078,175.7515411376953,177.23216247558594,178.70533752441406,173.29776000976562,174.56080627441406,0.5626625418663025,0.5377141237258911,-0.04367707297205925,81.17036437988281,-75.10568237304688,-30.531620025634766,0.4345776438713074,169.92253886870319,163.12280363005013,156.4549542354176,178.43016357423613,176.72915145880884,178.63741981445824,175.71435150460402,176.03713507170278,176.63469161812648,174.12763557432777,175.75153599669727,177.2321667749644,178.70533033146484,173.29775639815225,174.56079998847812,81.17036291696101,-75.10568486017878,-30.531619154590114,0.4345776450431579
20251105_002239,kamal,2025-11-05 00:23:39,0,rest,0.0,0.0,0.0,0.051396965980529785,-0.08802694082260132,-0.008622183464467525,0.08782738447189331,-0.18077272176742554,-0.02273629605770111,0.13333088159561157,-0.23694166541099548,-0.036686044186353683,0.17871826887130737,-0.2583911120891571,-0.05338408797979355,0.0010691285133361816,-0.2582019865512848,-0.045179761946201324,0.004974484443664551,-0.39427924156188965,-0.06719979643821716,0.004700303077697754,-0.47694581747055054,-0.0786656066775322,0.003867924213409424,-0.5407913327217102,-0.08621399849653244,-0.04760783910751343,-0.24944621324539185,-0.0526946559548378,-0.06770992279052734,-0.3951972424983978,-0.07288826256990433,-0.08616876602172852,-0.4853516221046448,-0.08525571972131729,-0.10398101806640625,-0.5510467290878296,-0.09491362422704697,-0.09132111072540283,-0.22321391105651855,-0.05879279598593712,-0.12890779972076416,-0.344303160905838,-0.07819812744855881,-0.15679222345352173,-0.41958558559417725,-0.09790894389152527,-0.1813022792339325,-0.47561848163604736,-0.11166459321975708,-0.12697497010231018,-0.18503445386886597,-0.06384804844856262,-0.17626971006393433,-0.2578732371330261,-0.08673331886529922,-0.2125387191772461,-0.2987443208694458,-0.10232149809598923,-0.24559840559959412,-0.3332553505897522,-0.1116645559668541,0.3337668776512146,0.409012109041214,0.42449870705604553,0.4347940981388092,0.10868418216705322,0.1093096062541008,0.15620902180671692,0.3186785876750946,0.5476340651512146,0.5687469840049744,0.5211069583892822,0.4287734627723694,0.19794756174087524,0.2603251039981842,170.64788818359375,162.44300842285156,154.07638549804688,178.42929077148438,177.7733154296875,178.7198486328125,175.12844848632812,176.31179809570312,176.4099578857422,172.9942169189453,174.0791778564453,176.59722900390625,178.6549835205078,172.64498901367188,174.69627380371094,0.5609183311462402,0.5338370203971863,-0.04410224407911301,81.70496368408203,-75.66819763183594,-29.744705200195312,0.4347940981388092,170.64788579099974,162.44300768560072,154.0763798231513,178.42928856084498,177.77331132251368,178.7198524173372,175.12845062515953,176.31179144746903,176.40995131343726,172.994222905743,174.07918089964585,176.59723572082285,178.65498212777172,172.64498755006608,174.6962813325187,81.70496427216331,-75.66819831682155,-29.744704458217146,0.43479409719416207
20251105_002239,kamal,2025-11-05 00:23:39,0,rest,0.0,0.0,0.0,0.054305315017700195,-0.087668776512146,-0.008656834252178669,0.09494656324386597,-0.1759505271911621,-0.022951344028115273,0.14264249801635742,-0.2275972068309784,-0.036854345351457596,0.1881399154663086,-0.24566340446472168,-0.053413718938827515,0.010018408298492432,-0.2583145797252655,-0.04444185644388199,0.015403807163238525,-0.3914299011230469,-0.066157266497612,0.01704496145248413,-0.4719960689544678,-0.07760549336671829,0.017843902111053467,-0.5341169834136963,-0.08509630709886551,-0.04021155834197998,-0.2505035996437073,-0.05132422223687172,-0.05757856369018555,-0.3941522240638733,-0.07114482671022415,-0.0737156867980957,-0.48289036750793457,-0.08341158181428909,-0.08933573961257935,-0.5463944673538208,-0.09297291934490204,-0.08457207679748535,-0.2246190905570984,-0.05680912733078003,-0.11893764138221741,-0.3420203924179077,-0.07544026523828506,-0.1448988914489746,-0.4169163703918457,-0.09461696445941925,-0.16783910989761353,-0.4728521704673767,-0.10813439637422562,-0.12036293745040894,-0.18757563829421997,-0.06134040653705597,-0.16686439514160156,-0.26035556197166443,-0.08378060907125473,-0.20116791129112244,-0.30127304792404175,-0.09926088154315948,-0.23325589299201965,-0.33697205781936646,-0.10856328904628754,0.3364669382572174,0.41109228134155273,0.4258287847042084,0.43468743562698364,0.10816770792007446,0.10863296687602997,0.15080764889717102,0.31400662660598755,0.5411476492881775,0.5614016056060791,0.5132759809494019,0.42396280169487,0.1968814730644226,0.2545855939388275,172.13516235351562,162.03961181640625,154.16758728027344,179.4939422607422,178.3672332763672,178.7160186767578,175.7529296875,176.61773681640625,176.47543334960938,173.70513916015625,174.34686279296875,176.74490356445312,179.16915893554688,172.6878662109375,174.45651245117188,0.5589537620544434,0.5246256589889526,-0.042782314121723175,82.6151351928711,-76.72232818603516,-28.482229232788086,0.43468743562698364,172.13516669884424,162.0396111169697,154.16758804287858,179.49394972317802,178.36722736969267,178.71601656906194,175.75292292563392,176.6177334983956,176.47543377565518,173.7051375865142,174.34685660690684,176.74490068872112,179.16915287072942,172.6878694914132,174.4565092045096,82.61513864828719,-76.72233189028799,-28.482228403474807,0.43468744200382425
20251105_002239,kamal,2025-11-05 00:23:39,0,rest,0.0,0.0,0.0,0.05338495969772339,-0.08394259214401245,-0.012351319193840027,0.09516716003417969,-0.17095553874969482,-0.02787252515554428,0.14413177967071533,-0.2212846875190735,-0.04264252260327339,0.19062626361846924,-0.23968279361724854,-0.05967886000871658,0.010185599327087402,-0.2547951638698578,-0.04560559242963791,0.017021775245666504,-0.3858720660209656,-0.06739860028028488,0.020218610763549805,-0.46465057134628296,-0.07925708591938019,0.022770464420318604,-0.5260176658630371,-0.0870683491230011,-0.0394551157951355,-0.24718192219734192,-0.05121028795838356,-0.055582284927368164,-0.3885370194911957,-0.07123737782239914,-0.07060092687606812,-0.4774750769138336,-0.08370059728622437,-0.08520829677581787,-0.5429742336273193,-0.0931282564997673,-0.08275598287582397,-0.22215601801872253,-0.055936168879270554,-0.11673688888549805,-0.3412950038909912,-0.07479269802570343,-0.14132127165794373,-0.4161909222602844,-0.093748539686203,-0.16310322284698486,-0.47475385665893555,-0.10687833279371262,-0.1173211932182312,-0.18653976917266846,-0.0602005235850811,-0.161540687084198,-0.2612932324409485,-0.08292786777019501,-0.19504287838935852,-0.3025994300842285,-0.09836031496524811,-0.22648674249649048,-0.33900395035743713,-0.10742876678705215,0.3330366611480713,0.41132622957229614,0.42732977867126465,0.431425541639328,0.10946990549564362,0.10445430874824524,0.1498192697763443,0.31200605630874634,0.5336609482765198,0.557453453540802,0.5132415294647217,0.42161697149276733,0.19382837414741516,0.24853165447711945,172.9556884765625,161.54759216308594,155.68418884277344,179.01051330566406,178.90866088867188,178.6925811767578,175.6451873779297,176.9497528076172,177.03831481933594,173.5992889404297,174.65447998046875,177.2669677734375,178.37095642089844,171.725830078125,174.23089599609375,0.5582942962646484,0.5183933973312378,-0.0425897054374218,83.4701156616211,-76.91268920898438,-28.16049575805664,0.431425541639328,172.95568410903124,161.54759493115472,155.6841893321094,179.01051937835786,178.90866006884156,178.69258831811067,175.64519491169625,176.9497599436527,177.03832205598565,173.59929556672873,174.65448432153354,177.2669729743502,178.37095698221532,171.725830569716,174.23089815756165,83.47011750414626,-76.91269157118128,-28.160495357793618,0.43142555093500407
20251105_002239,kamal,2025-11-05 00:23:39,0,rest,0.0,0.0,0.0,0.05488383769989014,-0.08406698703765869,-0.01140313595533371,0.09683078527450562,-0.17302006483078003,-0.02610655315220356,0.14510780572891235,-0.2227592170238495,-0.040162343531847,0.19012558460235596,-0.23840981721878052,-0.056526776403188705,0.013064980506896973,-0.25957512855529785,-0.043664805591106415,0.02018606662750244,-0.3885800242424011,-0.06471944600343704,0.02327626943588257,-0.4671412706375122,-0.07644718140363693,0.02599167823791504,-0.5276356339454651,-0.08413183689117432,-0.036229729652404785,-0.2529139220714569,-0.049640681594610214,-0.05122345685958862,-0.3938444256782532,-0.0680856928229332,-0.06581109762191772,-0.48197466135025024,-0.0796419307589531,-0.07919687032699585,-0.5457984209060669,-0.08835277706384659,-0.07940548658370972,-0.22837218642234802,-0.05476183816790581,-0.11269772052764893,-0.3476962447166443,-0.07204374670982361,-0.1369369626045227,-0.42111945152282715,-0.09010534733533859,-0.15736263990402222,-0.4776988625526428,-0.10262247174978256,-0.11387920379638672,-0.1917480230331421,-0.05946515128016472,-0.15846192836761475,-0.26597774028778076,-0.08059530705213547,-0.19127368927001953,-0.3074285387992859,-0.09512089937925339,-0.22101762890815735,-0.3441200852394104,-0.1035580262541771,0.33369678258895874,0.4099210202693939,0.42441973090171814,0.42711278796195984,0.10682853311300278,0.10464734584093094,0.14797337353229523,0.3101326525211334,0.5349327921867371,0.5585466027259827,0.5133132934570312,0.42189061641693115,0.1909303367137909,0.2470192164182663,171.9185028076172,161.15843200683594,153.2207794189453,179.60679626464844,178.81724548339844,178.70887756347656,175.87356567382812,176.70159912109375,177.5626983642578,174.02931213378906,174.1652069091797,177.92050170898438,178.7529754638672,172.6731719970703,174.72381591796875,0.5586304068565369,0.5125595927238464,-0.04150569438934326,82.90505981445312,-77.73518371582031,-28.115880966186523,0.42711278796195984,171.91849701733318,161.15843737159946,153.2207735150649,179.60679411896356,178.81724832695636,178.70888411196847,175.8735638413367,176.70160283616622,177.5627050731355,174.0293182515075,174.16520580526264,177.92049854713238,178.75298140511563,172.67317116127563,174.723815771881,82.90506115681166,-77.73518456365636,-28.115880632184027,0.4271127964518049
20251105_002239,kamal,2025-11-05 00:23:39,0,rest,0.0,0.0,0.0,0.05643928050994873,-0.0816236138343811,-0.012538056820631027,0.09964317083358765,-0.16460180282592773,-0.02932344190776348,0.14970684051513672,-0.21434307098388672,-0.044985439628362656,0.1962762475013733,-0.23202988505363464,-0.06307239085435867,0.018729448318481445,-0.25302693247795105,-0.04937208071351051,0.02709585428237915,-0.38183099031448364,-0.07138784974813461,0.030294477939605713,-0.4593711197376251,-0.08310751616954803,0.032803356647491455,-0.5195251703262329,-0.0909186527132988,-0.03192037343978882,-0.24761980772018433,-0.054985519498586655,-0.04613518714904785,-0.3904736042022705,-0.07451275736093521,-0.06051903963088989,-0.4773121476173401,-0.08603853732347488,-0.07385760545730591,-0.5394377708435059,-0.09486991912126541,-0.07505220174789429,-0.2233240008354187,-0.05934355780482292,-0.10884135961532593,-0.34378236532211304,-0.07727544754743576,-0.13340520858764648,-0.4173325002193451,-0.09489201754331589,-0.15376752614974976,-0.4736369252204895,-0.10753726959228516,-0.10854879021644592,-0.18702298402786255,-0.06320589035749435,-0.15411823987960815,-0.26015156507492065,-0.08482740074396133,-0.18767905235290527,-0.3020225167274475,-0.09921687096357346,-0.2173125147819519,-0.3396730422973633,-0.10777738690376282,0.3318920433521271,0.4104667901992798,0.4276467263698578,0.42969903349876404,0.1085757166147232,0.10428715497255325,0.14827117323875427,0.31038743257522583,0.5284398198127747,0.5526738166809082,0.5094513297080994,0.41739484667778015,0.19284865260124207,0.24627599120140076,172.3267059326172,162.51133728027344,155.80020141601562,178.5738983154297,178.27359008789062,178.8037567138672,175.0474853515625,176.2991485595703,177.2737274169922,173.37435913085938,174.60325622558594,178.3649139404297,177.1929473876953,173.36854553222656,175.09356689453125,0.5574911832809448,0.5072427988052368,-0.045380622148513794,83.7968978881836,-77.43527221679688,-27.410350799560547,0.42969903349876404,172.32670497298218,162.51133611988922,155.8002071753914,178.57389884128244,178.27359032874153,178.80375592646462,175.0474797967446,176.2991540029296,177.27373189025445,173.37435954371222,174.60325176641817,178.36491593804706,177.19294227777982,173.36854959717363,175.09356305517872,83.79690100493801,-77.4352742691492,-27.410351223292206,0.42969902287558
20251105_002239,kamal,2025-11-05 00:23:39,0,rest,0.0,0.0,0.0,-0.07456791400909424,-0.03483474254608154,-0.04277171939611435,-0.14158529043197632,-0.09320765733718872,-0.08162903785705566,-0.20513033866882324,-0.14118307828903198,-0.11574509739875793,-0.25216779112815857,-0.18323802947998047,-0.15353360772132874,-0.07023343443870544,-0.2590537667274475,-0.0838375836610794,-0.09349465370178223,-0.39458805322647095,-0.12219351530075073,-0.10437744855880737,-0.4830045700073242,-0.15013815462589264,-0.10754883289337158,-0.5539696216583252,-0.16916964948177338,0.0030490458011627197,-0.2636972665786743,-0.08693187683820724,0.017926454544067383,-0.41851991415023804,-0.10919845849275589,0.031499624252319336,-0.510285496711731,-0.12786372005939484,0.046796977519989014,-0.5790807604789734,-0.14261935651302338,0.06489133834838867,-0.22654080390930176,-0.09171667695045471,0.09323644638061523,-0.36199361085891724,-0.11302859336137772,0.11526638269424438,-0.439704954624176,-0.12952663004398346,0.13576245307922363,-0.498149037361145,-0.14333748817443848,0.1141623854637146,-0.16507112979888916,-0.09903627634048462,0.13685721158981323,-0.23409390449523926,-0.12206237763166428,0.1402376890182495,-0.24974048137664795,-0.12420778721570969,0.1424105167388916,-0.25147420167922974,-0.12357628345489502,0.39824745059013367,0.4961758852005005,0.49976271390914917,0.40155404806137085,0.15861310064792633,0.12027183920145035,0.24755439162254333,0.34747278690338135,0.589124321937561,0.5982179641723633,0.5358446836471558,0.31431055068969727,0.2509653866291046,0.34180498123168945,165.0586700439453,176.30130004882812,171.19808959960938,174.502685546875,176.81211853027344,175.08364868164062,168.8658447265625,175.67140197753906,175.93663024902344,166.8608856201172,175.16883850097656,176.4279022216797,162.45578002929688,168.45411682128906,135.99801635742188,0.5132845044136047,0.867352306842804,-0.07230374962091446,-85.2880859375,-75.46844482421875,-152.99302673339844,0.49976271390914917,165.05866476392052,176.30129997355257,171.19808985826933,174.50268205008013,176.81211324673976,175.0836518542198,168.86584825757657,175.67140488463207,175.93663569374354,166.86088677054823,175.1688368347774,176.4279054459607,162.45577386209834,168.45410920252834,135.99800888044524,-85.28808759474062,-75.46844554018524,-152.99302570910567,0.49976272180840436
20251105_002239,kamal,2025-11-05 00:23:39,0,rest,0.0,0.0,0.0,-0.08953940868377686,-0.04870861768722534,-0.04004766419529915,-0.1630236804485321,-0.11682760715484619,-0.0723433867096901,-0.2249332070350647,-0.168712317943573,-0.10123921185731888,-0.281038761138916,-0.2047373652458191,-0.13202954828739166,-0.08223575353622437,-0.30091869831085205,-0.05994759500026703,-0.10548591613769531,-0.43564218282699585,-0.09382948279380798,-0.11485636234283447,-0.5196468234062195,-0.11975547671318054,-0.11725330352783203,-0.5907008051872253,-0.1387513130903244,-0.015055686235427856,-0.3029959201812744,-0.06788312643766403,-0.00543743371963501,-0.44702184200286865,-0.09493454545736313,0.008057594299316406,-0.5390017032623291,-0.11869048327207565,0.022997260093688965,-0.6143850684165955,-0.13710960745811462,0.042824506759643555,-0.26831889152526855,-0.07982739806175232,0.07043105363845825,-0.39514273405075073,-0.11211491376161575,0.09374475479125977,-0.4777035117149353,-0.13663071393966675,0.11304807662963867,-0.5520232915878296,-0.15472252666950226,0.09114313125610352,-0.206121563911438,-0.09390491992235184,0.14109325408935547,-0.27911120653152466,-0.12651169300079346,0.17516982555389404,-0.32831913232803345,-0.13939116895198822,0.20188724994659424,-0.37642771005630493,-0.14752621948719025,0.4193311929702759,0.5101714730262756,0.5257631540298462,0.5127721428871155,0.14224576950073242,0.11094304919242859,0.19692125916481018,0.3719300925731659,0.6180030107498169,0.6299182176589966,0.5843360424041748,0.45190736651420593,0.23407211899757385,0.2978822588920593,166.0854034423828,176.73443603515625,171.5637664794922,173.83355712890625,175.44842529296875,175.25323486328125,173.1726531982422,174.22415161132812,177.0918731689453,176.07769775390625,176.0919647216797,177.06626892089844,169.91397094726562,171.90052795410156,173.29808044433594,0.5137171149253845,0.7646750211715698,-0.06031158193945885,-78.91854095458984,-77.24967193603516,-151.33180236816406,0.5257631540298462,166.0854044997067,176.73443301116828,171.5637630793721,173.83355208873198,175.44841952949628,175.25323311346318,173.17264670956322,174.2241478268131,177.09186942531107,176.0777029190385,176.09196561321005,177.0662704430633,169.9139681071392,171.9005266993525,173.29807530152434,-78.91854134313876,-77.24966867866227,-151.33179968725216,0.5257631716375237
20251105_002239,kamal,2025-11-05 00:23:39,0,rest,0.0,0.0,0.0,-0.08660471439361572,-0.0501973032951355,-0.039060428738594055,-0.16293805837631226,-0.11256349086761475,-0.06741777807474136,-0.2241055965423584,-0.16204214096069336,-0.09325818717479706,-0.27462562918663025,-0.208030104637146,-0.12022488564252853,-0.08245193958282471,-0.2956830859184265,-0.04664236307144165,-0.10398316383361816,-0.42477816343307495,-0.07601430267095566,-0.1142115592956543,-0.5038448572158813,-0.10019044578075409,-0.11992847919464111,-0.5733338594436646,-0.11876990646123886,-0.0211031436920166,-0.3032233715057373,-0.053193576633930206,-0.011188149452209473,-0.44974175095558167,-0.07514333724975586,0.0009558200836181641,-0.5367806553840637,-0.09572964906692505,0.014200091361999512,-0.6083919405937195,-0.113030806183815,0.03444331884384155,-0.2781451940536499,-0.06497923284769058,0.05939507484436035,-0.4098272919654846,-0.09400816261768341,0.078899085521698,-0.49081820249557495,-0.11553172767162323,0.09655624628067017,-0.5628602504730225,-0.13215398788452148,0.08389967679977417,-0.22604846954345703,-0.07982632517814636,0.13437122106552124,-0.3039752244949341,-0.1106094941496849,0.17036378383636475,-0.3530839681625366,-0.12421496212482452,0.2008732557296753,-0.39816194772720337,-0.13342493772506714,0.39671170711517334,0.49372223019599915,0.5136367678642273,0.5122728943824768,0.13875329494476318,0.09602794796228409,0.19495944678783417,0.3648969531059265,0.5976628661155701,0.6189655661582947,0.5861735343933105,0.4654946029186249,0.21715079247951508,0.2818855047225952,169.85984802246094,177.8500213623047,175.40093994140625,172.77919006347656,175.31727600097656,176.77809143066406,172.1191864013672,173.84286499023438,177.52554321289062,176.32322692871094,176.4490509033203,178.13075256347656,168.07257080078125,173.42849731445312,176.33970642089844,0.5164471864700317,0.6825153827667236,-0.048927392810583115,-78.71867370605469,-79.39437103271484,-157.28585815429688,0.5136367678642273,169.8598416176859,177.85001709677422,175.40093941514357,172.77918829794,175.31728349958516,176.77809689032864,172.11918869123917,173.8428657721007,177.52554803886298,176.3232215907933,176.44905318282358,178.1307543625313,168.07256649781274,173.42849429063614,176.33971351161154,-78.71867225349035,-79.3943737456255,-157.2858641752715,0.5136367593442196
20251105_002239,kamal,2025-11-05 00:23:39,0,rest,0.0,0.0,0.0,-0.0886884331703186,-0.04810422658920288,-0.030572034418582916,-0.1637442708015442,-0.11915028095245361,-0.051691196858882904,-0.22394540905952454,-0.16806864738464355,-0.07207512110471725,-0.28000396490097046,-0.19198960065841675,-0.09435752034187317,-0.0859251618385315,-0.29344630241394043,-0.03298120200634003,-0.11010834574699402,-0.4151015877723694,-0.05523974820971489,-0.12086930871009827,-0.4904036223888397,-0.075003981590271,-0.1258544623851776,-0.557858407497406,-0.09155593812465668,-0.025230586528778076,-0.30385643243789673,-0.04168768227100372,-0.01843845844268799,-0.4444584846496582,-0.05761571601033211,-0.008366048336029053,-0.5283341407775879,-0.07537198066711426,0.003595292568206787,-0.5991634130477905,-0.09166157990694046,0.029986679553985596,-0.28209948539733887,-0.05505217984318733,0.05135154724121094,-0.40938639640808105,-0.07922352105379105,0.06670135259628296,-0.4867468476295471,-0.09962932765483856,0.0804336667060852,-0.5549931526184082,-0.11616847664117813,0.07919913530349731,-0.2345665693283081,-0.07104253023862839,0.12781596183776855,-0.31339555978775024,-0.09789872914552689,0.16325592994689941,-0.3633705973625183,-0.11079754680395126,0.19340813159942627,-0.4085390567779541,-0.12036319822072983,0.39702633023262024,0.496211975812912,0.5120181441307068,0.5212379097938538,0.13587991893291473,0.09195505827665329,0.18501253426074982,0.35237136483192444,0.5791613459587097,0.6061448454856873,0.5726972222328186,0.4677586555480957,0.20777097344398499,0.2705371379852295,164.5712432861328,174.72178649902344,163.84097290039062,173.56637573242188,174.66065979003906,176.12599182128906,172.42819213867188,173.25143432617188,177.17562866210938,176.58010864257812,175.76486206054688,178.8483428955078,167.503662109375,174.42654418945312,177.52352905273438,0.5203652381896973,0.6159617900848389,-0.04015189781785011,-77.01996612548828,-81.29559326171875,-160.3748779296875,0.5212379097938538,164.57123845628755,174.72178911377196,163.84097582684566,173.5663795671408,174.66066575181907,176.12598488906616,172.42819827551875,173.2514382472473,177.17562231922932,176.58010561443987,175.76486777249607,178.8483376749871,167.5036627527109,174.426549642618,177.5235279513348,-77.01996978396946,-81.29559157631496,-160.3748710552551,0.5212379258462562
20251105_002239,kamal,2025-11-05 00:23:39,0,rest,0.0,0.0,0.0,-0.08566805720329285,-0.04469311237335205,-0.030481131747364998,-0.15883088111877441,-0.10792487859725952,-0.05192241445183754,-0.21703213453292847,-0.1527917981147766,-0.07264194637537003,-0.27120405435562134,-0.17522168159484863,-0.09520142525434494,-0.0874059796333313,-0.2905172109603882,-0.03200272470712662,-0.10989576578140259,-0.40799346566200256,-0.053397320210933685,-0.11883759498596191,-0.4795764982700348,-0.07278579473495483,-0.12233051657676697,-0.5441943407058716,-0.08904484659433365,-0.026999354362487793,-0.3044055104255676,-0.04050324112176895,-0.019725382328033447,-0.44199812412261963,-0.055507395416498184,-0.010909616947174072,-0.5228844881057739,-0.07293227314949036,-0.000721275806427002,-0.5919510126113892,-0.08898051828145981,0.028327465057373047,-0.28611183166503906,-0.0536612905561924,0.05100196599960327,-0.41118645668029785,-0.07694660127162933,0.06667143106460571,-0.4881935119628906,-0.09763476997613907,0.0801047682762146,-0.5553561449050903,-0.11432299762964249,0.07666611671447754,-0.24126583337783813,-0.0694185197353363,0.1236758828163147,-0.32003384828567505,-0.09547233581542969,0.15811443328857422,-0.3687499761581421,-0.10807602107524872,0.1871848702430725,-0.4116671681404114,-0.11729541420936584,0.397922158241272,0.4968530833721161,0.5179631114006042,0.5162509083747864,0.1306503564119339,0.09227282553911209,0.17922475934028625,0.3366267681121826,0.5648373365402222,0.598601758480072,0.5726316571235657,0.4671897292137146,0.2043125480413437,0.2619403004646301,166.23281860351562,175.5063018798828,164.70091247558594,172.84754943847656,173.90196228027344,175.99160766601562,171.8536834716797,173.33480834960938,177.71292114257812,175.45193481445312,175.47076416015625,178.92767333984375,167.27658081054688,174.17831420898438,177.8400115966797,0.5180841684341431,0.5641434788703918,-0.03911637142300606,-77.15367126464844,-81.451171875,-163.29122924804688,0.5179631114006042,166.23281822213104,175.50629589781184,164.7009141268577,172.84754375005937,173.90196760401827,175.99160860805955,171.8536809603297,173.3348018665483,177.71291702037146,175.45193439922224,175.47077109932994,178.9276767989388,167.27657571377907,174.1783069713205,177.8400127124673,-77.1536733976431,-81.45117484389556,-163.29122535155713,0.5179630838612116
20251105_002239,kamal,2025-11-05 00:23:39,0,rest,0.0,0.0,0.0,-0.08322098851203918,-0.03879302740097046,-0.0335528701543808,-0.15487068891525269,-0.09228557348251343,-0.05842303857207298,-0.21230396628379822,-0.13475525379180908,-0.08216867595911026,-0.2643752098083496,-0.15447819232940674,-0.10752006620168686,-0.08605468273162842,-0.27454668283462524,-0.03696243837475777,-0.1089966893196106,-0.3876795768737793,-0.059709616005420685,-0.1187903881072998,-0.45654818415641785,-0.08007127046585083,-0.12215173244476318,-0.5193618535995483,-0.0969085693359375,-0.02767917513847351,-0.29054147005081177,-0.044250570237636566,-0.020325839519500732,-0.42644718289375305,-0.0610966719686985,-0.011416256427764893,-0.5063747763633728,-0.07909746468067169,-0.0009404420852661133,-0.5744127035140991,-0.09538737684488297,0.0258636474609375,-0.27600598335266113,-0.056229833513498306,0.04743772745132446,-0.40112245082855225,-0.08027852326631546,0.061316490173339844,-0.47670724987983704,-0.10121847689151764,0.07322251796722412,-0.5420149564743042,-0.11796695739030838,0.07373696565628052,-0.23639249801635742,-0.07106328755617142,0.12103700637817383,-0.3171018064022064,-0.09687637537717819,0.15531080961227417,-0.36621856689453125,-0.10981474816799164,0.18385863304138184,-0.40924888849258423,-0.11934179067611694,0.3917655050754547,0.49587300419807434,0.5140681862831116,0.5157144665718079,0.133135586977005,0.08402140438556671,0.17282667756080627,0.3245278596878052,0.5422629117965698,0.582279622554779,0.5595157742500305,0.4642532765865326,0.19780726730823517,0.24900519847869873,167.93392944335938,177.1437530517578,164.15101623535156,172.9997100830078,173.8832244873047,174.97666931152344,171.3975067138672,173.57723999023438,177.5662841796875,175.59019470214844,175.44305419921875,178.91505432128906,167.4278106689453,174.53567504882812,177.8182830810547,0.5155016779899597,0.517431914806366,-0.04170043021440506,-77.95332336425781,-80.57101440429688,-166.5706787109375,0.5157144665718079,167.9339326902545,177.14375049961495,164.1510166617924,172.99970390516475,173.88322516498562,174.9766641003088,171.39750385889067,173.57724585250367,177.56629142954452,175.59018827529965,175.4430514502467,178.9150512619954,167.42781399434156,174.5356820397026,177.8182787690159,-77.95332264885901,-80.57101169668424,-166.57067218167245,0.5157144933670734
20251105_002239,kamal,2025-11-05 00:23:39,0,rest,0.0,0.0,0.0,-0.07928559184074402,-0.042113661766052246,-0.036228857934474945,-0.15168210864067078,-0.09808498620986938,-0.06209691986441612,-0.2102106809616089,-0.14128834009170532,-0.08648913353681564,-0.2585257589817047,-0.16160368919372559,-0.11210137605667114,-0.08717527985572815,-0.2783406674861908,-0.03914479538798332,-0.11171257495880127,-0.38920778036117554,-0.06358341872692108,-0.12315630912780762,-0.45860952138900757,-0.08452970534563065,-0.12819623947143555,-0.5201908946037292,-0.1010146364569664,-0.029016315937042236,-0.2930872440338135,-0.044921983033418655,-0.023480892181396484,-0.42737969756126404,-0.06352561712265015,-0.018155932426452637,-0.5081863403320312,-0.08178174495697021,-0.011026501655578613,-0.5769294500350952,-0.09731389582157135,0.0242769718170166,-0.27874329686164856,-0.05567257106304169,0.042952537536621094,-0.3992905616760254,-0.08005236089229584,0.05442917346954346,-0.47429075837135315,-0.10081429779529572,0.06438338756561279,-0.5372967720031738,-0.11654152721166611,0.07107549905776978,-0.24046209454536438,-0.06958779692649841,0.11480695009231567,-0.3213314712047577,-0.0944124162197113,0.14737987518310547,-0.3707609176635742,-0.10654160380363464,0.1751663088798523,-0.41215991973876953,-0.11498762667179108,0.3816981613636017,0.48370447754859924,0.4954143166542053,0.5008748173713684,0.13023710250854492,0.08733325451612473,0.16713620722293854,0.3248353898525238,0.5451942682266235,0.5851829648017883,0.5535476207733154,0.4623647928237915,0.19396032392978668,0.24925711750984192,168.90887451171875,176.9904022216797,165.34060668945312,173.39242553710938,174.63388061523438,175.20114135742188,172.02989196777344,174.98089599609375,177.9010467529297,176.24476623535156,175.99693298339844,178.5215301513672,168.481689453125,174.00421142578125,177.97752380371094,0.5165826082229614,0.48630571365356445,-0.04186466336250305,-79.11092376708984,-80.3656005859375,-166.5390625,0.5008748173713684,168.9088678546331,176.99040519738628,165.34061244365296,173.3924222022073,174.6338779539644,175.20114786188907,172.02988677016097,174.9809035449395,177.90105215030272,176.24476329078857,175.99692849122724,178.52152725878167,168.4816957207395,174.00421136843218,177.9775268633194,-79.1109255238883,-80.36560327961165,-166.53905805351485,0.5008747995593189
20251105_002239,kamal,2025-11-05 00:23:39,0,rest,0.0,0.0,0.0,-0.08376774191856384,-0.0375484824180603,-0.03238425776362419,-0.15862980484962463,-0.09206384420394897,-0.054536137729883194,-0.21692559123039246,-0.1339322328567505,-0.07564116269350052,-0.26372942328453064,-0.1472070813179016,-0.09821607917547226,-0.09471854567527771,-0.2744120955467224,-0.03397424519062042,-0.11953398585319519,-0.38370588421821594,-0.05558314174413681,-0.13096237182617188,-0.45250803232192993,-0.0745154544711113,-0.13787728548049927,-0.5121793150901794,-0.08984695374965668,-0.037636011838912964,-0.29024919867515564,-0.04050317406654358,-0.032804787158966064,-0.42431145906448364,-0.05670325830578804,-0.028915762901306152,-0.5049870014190674,-0.07334114611148834,-0.02417910099029541,-0.5711390972137451,-0.08755291998386383,0.015520632266998291,-0.277218759059906,-0.05178142711520195,0.030900418758392334,-0.4004802107810974,-0.07411166280508041,0.03917360305786133,-0.4775480031967163,-0.0950157567858696,0.04675954580307007,-0.541996955871582,-0.11100529879331589,0.06393498182296753,-0.24022135138511658,-0.06591649353504181,0.10618668794631958,-0.31852707266807556,-0.08968528360128403,0.13635945320129395,-0.3688167333602905,-0.10245617479085922,0.16255885362625122,-0.41216593980789185,-0.11147330701351166,0.3861522078514099,0.4870487153530121,0.5024201273918152,0.5020962357521057,0.1280968338251114,0.08019708096981049,0.17397066950798035,0.31759965419769287,0.537968635559082,0.5783165693283081,0.5552200675010681,0.45687246322631836,0.1882220208644867,0.24640560150146484,167.1068572998047,177.04368591308594,159.60060119628906,172.50994873046875,174.61636352539062,177.13671875,170.57408142089844,175.19667053222656,178.61549377441406,176.13809204101562,175.00453186035156,178.62547302246094,167.00755310058594,176.31431579589844,177.8013458251953,0.5185667276382446,0.45783907175064087,-0.03843430429697037,-78.61663055419922,-80.9637222290039,-167.8384246826172,0.5024201273918152,167.10685605168962,177.043689001309,159.60059753174886,172.5099506003903,174.61635730438482,177.13672146998692,170.57408378547964,175.19667567638717,178.61549467572942,176.13809264116333,175.00453658031236,178.62547371869496,167.00755616502013,176.31432193527814,177.80133828035358,-78.6166269599402,-80.96372094322278,-167.83842672007472,0.5024201519780285
20251105_002239,kamal,2025-11-05 00:23:39,0,rest,0.0,0.0,0.0,-0.07988569140434265,-0.036577463150024414,-0.02670290507376194,-0.15506991744041443,-0.09141170978546143,-0.04566970095038414,-0.21233755350112915,-0.1304105520248413,-0.06459803134202957,-0.2633064389228821,-0.14428210258483887,-0.08531276136636734,-0.09246179461479187,-0.2731858193874359,-0.02888140082359314,-0.11977601051330566,-0.3800373077392578,-0.04902929440140724,-0.1330927014350891,-0.44600293040275574,-0.06724294275045395,-0.14145952463150024,-0.5033947825431824,-0.08242396265268326,-0.03806418180465698,-0.29016953706741333,-0.03768208995461464,-0.03605717420578003,-0.42271167039871216,-0.05281028524041176,-0.03325927257537842,-0.5017832517623901,-0.06957045197486877,-0.029751360416412354,-0.5652995705604553,-0.08431930094957352,0.014083623886108398,-0.27872103452682495,-0.05073428526520729,0.02784430980682373,-0.40115952491760254,-0.0725802332162857,0.03548014163970947,-0.4742397964000702,-0.09326935559511185,0.0415419340133667,-0.5359736680984497,-0.10948651283979416,0.0624505877494812,-0.24243402481079102,-0.06612937152385712,0.1042168140411377,-0.3192404508590698,-0.09001461416482925,0.13320249319076538,-0.37092524766921997,-0.10319860279560089,0.1575881838798523,-0.41667479276657104,-0.11286227405071259,0.3792320191860199,0.4814609885215759,0.496929794549942,0.5021045804023743,0.12772826850414276,0.08109333366155624,0.16646428406238556,0.3121311664581299,0.5293494462966919,0.5723272562026978,0.5486171841621399,0.45955392718315125,0.18783849477767944,0.2408321648836136,167.6226348876953,175.8319091796875,160.94334411621094,173.6675262451172,174.4235076904297,176.94862365722656,171.67901611328125,174.43186950683594,178.4431915283203,176.52664184570312,174.3121337890625,178.87130737304688,166.38491821289062,177.16810607910156,177.6802978515625,0.5204223394393921,0.4348641037940979,-0.036684755235910416,-76.48014068603516,-81.01191711425781,-168.77212524414062,0.5021045804023743,167.62263157055497,175.83190194708413,160.94334368936725,173.66753363533368,174.42350301117227,176.9486307397725,171.6790095954342,174.4318690542536,178.44319264903623,176.5266406531942,174.31213251483038,178.8713071619277,166.3849134619215,177.16810608916182,177.68029190898406,-76.48013750109153,-81.01191621998986,-168.77212920295892,0.5021045993614354
20251105_002239,kamal,2025-11-05 00:23:39,0,rest,0.0,0.0,0.0,-0.08088716864585876,-0.032500267028808594,-0.029550518840551376,-0.15727156400680542,-0.08826196193695068,-0.049004457890987396,-0.21429157257080078,-0.12955135107040405,-0.06774599850177765,-0.2664216160774231,-0.14609301090240479,-0.08793967962265015,-0.09277075529098511,-0.2731722593307495,-0.029157236218452454,-0.12127691507339478,-0.3751765191555023,-0.0495116226375103,-0.13499712944030762,-0.43968528509140015,-0.06830281764268875,-0.1445489227771759,-0.49624329805374146,-0.08407208323478699,-0.039299339056015015,-0.2911624312400818,-0.03676193207502365,-0.0388621985912323,-0.4205965995788574,-0.052366845309734344,-0.03833162784576416,-0.4979865550994873,-0.06922315061092377,-0.03795790672302246,-0.5600159764289856,-0.08385328203439713,0.01211768388748169,-0.2799593210220337,-0.04902762919664383,0.025224745273590088,-0.4000093936920166,-0.07108284533023834,0.032178282737731934,-0.47307342290878296,-0.09103821218013763,0.03702366352081299,-0.5350968241691589,-0.10659447312355042,0.05962562561035156,-0.24310147762298584,-0.06406169384717941,0.09959560632705688,-0.31992024183273315,-0.08782047778367996,0.12704849243164062,-0.372243732213974,-0.10089630633592606,0.1496034860610962,-0.41923806071281433,-0.1105138510465622,0.37077370285987854,0.4728050231933594,0.4937114715576172,0.4981914162635803,0.1242121085524559,0.08222141861915588,0.16159464418888092,0.31631791591644287,0.5236601233482361,0.5675297975540161,0.5468654036521912,0.4586448073387146,0.18704399466514587,0.23602645099163055,164.5417022705078,176.70932006835938,161.7616729736328,174.0202178955078,173.87217712402344,177.6082763671875,172.17416381835938,174.58349609375,179.01473999023438,176.2816619873047,175.0779571533203,178.49864196777344,166.7156219482422,177.1290740966797,177.15023803710938,0.5244372487068176,0.4194297790527344,-0.03580106049776077,-77.0996322631836,-80.66629791259766,-168.8378143310547,0.4981914162635803,164.54169760332397,176.70932016635984,161.76167246496686,174.02021041349045,173.87217127847393,177.60827349592358,172.17415756777666,174.5834924695236,179.01474416498962,176.28166424076653,175.0779514328841,178.49864690256678,166.7156264652104,177.12907452971274,177.15023084505063,-77.09963409992481,-80.66629666854772,-168.83781619501465,0.49819142612129796
20251105_002239,kamal,2025-11-05 00:23:39,0,rest,0.0,0.0,0.0,-0.08172199130058289,-0.03031027317047119,-0.028862686827778816,-0.15984106063842773,-0.09046411514282227,-0.045351460576057434,-0.21808192133903503,-0.13278383016586304,-0.06113743409514427,-0.2716682553291321,-0.1455298364162445,-0.0784669741988182,-0.09543469548225403,-0.2717398703098297,-0.024930045008659363,-0.12659084796905518,-0.3727989196777344,-0.04294956475496292,-0.1403922736644745,-0.4374821186065674,-0.06015068665146828,-0.14967727661132812,-0.4941842555999756,-0.07497197389602661,-0.042460501194000244,-0.2932977080345154,-0.031787339597940445,-0.043194472789764404,-0.42294618487358093,-0.04526923969388008,-0.04212072491645813,-0.5019773244857788,-0.060920599848032,-0.04114264249801636,-0.5647011399269104,-0.07475320994853973,0.008457660675048828,-0.28480014204978943,-0.043495409190654755,0.022724568843841553,-0.4033131003379822,-0.06393753737211227,0.03079664707183838,-0.47621262073516846,-0.08386029303073883,0.03620505332946777,-0.5385304689407349,-0.09947212040424347,0.05531519651412964,-0.2505078613758087,-0.0580165758728981,0.09464246034622192,-0.3266715705394745,-0.08047036081552505,0.12174540758132935,-0.37820520997047424,-0.0935736745595932,0.14366012811660767,-0.42470061779022217,-0.10351049154996872,0.3693966865539551,0.4783935844898224,0.49967658519744873,0.5010600090026855,0.12943123281002045,0.08531467616558075,0.156589075922966,0.31802457571029663,0.52176833152771,0.5711113214492798,0.5488356351852417,0.46013393998146057,0.19266313314437866,0.23362191021442413,161.09384155273438,176.72792053222656,157.57017517089844,174.7906951904297,173.01162719726562,177.34007263183594,172.12857055664062,174.62399291992188,178.76026916503906,174.79844665527344,174.4952392578125,178.23121643066406,165.4393768310547,177.95999145507812,176.99227905273438,0.5269767642021179,0.4094471335411072,-0.03164524957537651,-77.62102508544922,-81.40750122070312,-171.98304748535156,0.5010600090026855,161.09384700109138,176.72791397760722,157.5701706860512,174.79069440655732,173.01162686223225,177.34007459780125,172.12857088000362,174.62399395580564,178.76027224918883,174.79844163099514,174.4952448877938,178.23121205533073,165.4393697257229,177.95999468841285,176.99228663816362,-77.62102199002754,-81.40750438456719,-171.98304484720535,0.5010600370314805
20251105_002239,kamal,2025-11-05 00:23:39,0,rest,0.0,0.0,0.0,-0.08057504892349243,-0.028182387351989746,-0.029522625729441643,-0.15780222415924072,-0.08968418836593628,-0.04587379842996597,-0.21711838245391846,-0.13230890035629272,-0.06153581291437149,-0.27193528413772583,-0.14231225848197937,-0.07868087291717529,-0.09560200572013855,-0.2720557451248169,-0.02433329075574875,-0.12639126181602478,-0.3727787435054779,-0.04233145713806152,-0.13968276977539062,-0.43771207332611084,-0.05942482501268387,-0.14867717027664185,-0.4946399927139282,-0.07424499094486237,-0.04324573278427124,-0.29410630464553833,-0.030878448858857155,-0.044997572898864746,-0.42230772972106934,-0.0446636937558651,-0.044142454862594604,-0.5015649795532227,-0.06017505005002022,-0.043579697608947754,-0.5651787519454956,-0.07371979206800461,0.0071454644203186035,-0.2862292528152466,-0.042452648282051086,0.021343648433685303,-0.40352922677993774,-0.06379401683807373,0.029357075691223145,-0.4772634208202362,-0.08403138071298599,0.03452599048614502,-0.5413318872451782,-0.09962695837020874,0.05384880304336548,-0.25212785601615906,-0.056884560734033585,0.09476280212402344,-0.32633501291275024,-0.08040183782577515,0.12253713607788086,-0.37782105803489685,-0.09418574720621109,0.1445939540863037,-0.42510131001472473,-0.10444027930498123,0.3732922077178955,0.48061099648475647,0.5035611987113953,0.5041128993034363,0.12657593190670013,0.08567585796117783,0.16014888882637024,0.31684738397598267,0.5218102335929871,0.5716299414634705,0.5515049695968628,0.4610057473182678,0.19075579941272736,0.23658983409404755,159.00697326660156,176.12460327148438,154.9776153564453,174.59149169921875,172.8682098388672,177.4911651611328,172.45721435546875,174.87339782714844,179.04623413085938,174.30760192871094,174.9302520751953,177.7620086669922,163.40333557128906,177.69061279296875,176.1011199951172,0.5271944403648376,0.40516534447669983,-0.03090916946530342,-77.7125473022461,-81.3839111328125,-172.40493774414062,0.5041128993034363,159.00696610650851,176.12460798427577,154.97761158526708,174.5914936628902,172.86821714882294,177.49115813469663,172.45721487898112,174.87340470431192,179.0462409287179,174.3075979362619,174.93024874552952,177.76201488966186,163.40333012642094,177.69060985344143,176.101112548795,-77.71254379645544,-81.38391002583037,-172.40493673260568,0.5041128851554304
20251105_002239,kamal,2025-11-05 00:23:39,0,rest,0.0,0.0,0.0,-0.08037325739860535,-0.028457224369049072,-0.029854988679289818,-0.15685147047042847,-0.08894872665405273,-0.04683609679341316,-0.21660888195037842,-0.13145506381988525,-0.06318537145853043,-0.2712728977203369,-0.1413981318473816,-0.08099193871021271,-0.09656941890716553,-0.27142396569252014,-0.02465166710317135,-0.12762048840522766,-0.37160277366638184,-0.043364983052015305,-0.1415427327156067,-0.43627554178237915,-0.06082199141383171,-0.1514442265033722,-0.49248436093330383,-0.07578711211681366,-0.04416000843048096,-0.2929512858390808,-0.031220724806189537,-0.04588031768798828,-0.42080724239349365,-0.0456622913479805,-0.045498430728912354,-0.49989035725593567,-0.06118108704686165,-0.04569804668426514,-0.563091516494751,-0.0745411068201065,0.006280064582824707,-0.2848133146762848,-0.042917147278785706,0.01989680528640747,-0.40208929777145386,-0.06481803953647614,0.026675879955291748,-0.4757167100906372,-0.0845772996544838,0.030927419662475586,-0.5389984846115112,-0.09961263835430145,0.05265212059020996,-0.2507525086402893,-0.05750812217593193,0.09284943342208862,-0.3242381811141968,-0.08116235584020615,0.1201862096786499,-0.3755747079849243,-0.09452024847269058,0.14203500747680664,-0.4223400354385376,-0.10430700331926346,0.37100881338119507,0.478279173374176,0.4997577369213104,0.5002952814102173,0.12715809047222137,0.08414582163095474,0.1611711084842682,0.31645238399505615,0.52078777551651,0.5698392391204834,0.5489977598190308,0.4576297700405121,0.18971198797225952,0.23651786148548126,159.50009155273438,176.0726776123047,155.230712890625,174.273193359375,173.19644165039062,177.91036987304688,172.23289489746094,175.22793579101562,179.0526580810547,174.3692626953125,175.35296630859375,177.8712158203125,163.4042510986328,177.0971221923828,176.33680725097656,0.5297263860702515,0.40440428256988525,-0.03125891461968422,-77.58242797851562,-81.17389678955078,-172.1130828857422,0.5002952814102173,159.5000928409461,176.07268512275286,155.2307080958578,174.27318579682063,173.196442855722,177.91037072906443,172.2328896931695,175.22793986839417,179.05266424962053,174.3692562315304,175.35296158373137,177.8712085547371,163.404246184214,177.097120508372,176.33680097576806,-77.58243069295389,-81.17389407906286,-172.11308830397556,0.5002952827377024
20251105_002239,kamal,2025-11-05 00:23:39,0,rest,0.0,0.0,0.0,-0.07966756820678711,-0.02794790267944336,-0.02851988933980465,-0.1561967134475708,-0.08891761302947998,-0.044519469141960144,-0.216354638338089,-0.13125848770141602,-0.05995719134807587,-0.27049821615219116,-0.1402760148048401,-0.07703476399183273,-0.09618854522705078,-0.2708919048309326,-0.02368767373263836,-0.12678810954093933,-0.3709665834903717,-0.04215763509273529,-0.14084598422050476,-0.43625521659851074,-0.05978184565901756,-0.15147975087165833,-0.49255985021591187,-0.07475758343935013,-0.04402047395706177,-0.29204338788986206,-0.03063591569662094,-0.0456196665763855,-0.42151403427124023,-0.04501692205667496,-0.046014487743377686,-0.5006746053695679,-0.06103557348251343,-0.047392964363098145,-0.5618097186088562,-0.07452040165662766,0.006216645240783691,-0.28328001499176025,-0.04243507608771324,0.020117759704589844,-0.39991503953933716,-0.06370794773101807,0.025430679321289062,-0.47460687160491943,-0.08382188528776169,0.028150856494903564,-0.5371996164321899,-0.09902250021696091,0.052256226539611816,-0.249163419008255,-0.056969575583934784,0.09186708927154541,-0.32510221004486084,-0.0796564593911171,0.11904340982437134,-0.37672287225723267,-0.09243100136518478,0.14057403802871704,-0.42216500639915466,-0.1018073707818985,0.3718527853488922,0.47694122791290283,0.4972153306007385,0.49905458092689514,0.1250186264514923,0.08314371854066849,0.16087166965007782,0.3142944574356079,0.5207206606864929,0.5687086582183838,0.546974778175354,0.45645272731781006,0.1866779327392578,0.23574736714363098,159.15684509277344,175.78318786621094,154.5801239013672,174.13037109375,173.27561950683594,178.58428955078125,172.16986083984375,174.88108825683594,178.5991973876953,174.2622528076172,174.53781127929688,177.92649841308594,164.58863830566406,177.5063018798828,177.0340118408203,0.5342865586280823,0.4079356789588928,-0.030745044350624084,-77.363037109375,-81.06645202636719,-171.67251586914062,0.49905458092689514,159.15684287413714,175.78319004067288,154.58012947200555,174.13037339216496,173.2756183447974,178.58429418694732,172.16985931875558,174.88109226217276,178.5991991170719,174.2622542503824,174.53780702425345,177.9264951636903,164.58863445169365,177.50630774841508,177.03401510336505,-77.363036253636,-81.06645047421216,-171.67251286158387,0.49905458998651436
20251105_002239,kamal,2025-11-05 00:23:39,0,rest,0.0,0.0,0.0,-0.08158767223358154,-0.027663469314575195,-0.02874940261244774,-0.15856832265853882,-0.08966368436813354,-0.04355883598327637,-0.21868345141410828,-0.13437023758888245,-0.0578383132815361,-0.2723607122898102,-0.1427796185016632,-0.07334385067224503,-0.09869557619094849,-0.27040499448776245,-0.019984619691967964,-0.12947505712509155,-0.3699107766151428,-0.03656826540827751,-0.1436481475830078,-0.4349405765533447,-0.0529651865363121,-0.15440773963928223,-0.48994719982147217,-0.06719667464494705,-0.04724246263504028,-0.2919978201389313,-0.0261844415217638,-0.04929476976394653,-0.4199233949184418,-0.038524892181158066,-0.04942893981933594,-0.49779877066612244,-0.053199708461761475,-0.050188541412353516,-0.5566150546073914,-0.06557148694992065,0.002519965171813965,-0.2836168110370636,-0.037546563893556595,0.01444244384765625,-0.3994665741920471,-0.057603027671575546,0.019408822059631348,-0.4731501638889313,-0.07740812748670578,0.02240198850631714,-0.5345019102096558,-0.09231630712747574,0.04914897680282593,-0.2499067187309265,-0.05178848281502724,0.08988368511199951,-0.321910560131073,-0.07445307821035385,0.11722725629806519,-0.3715370297431946,-0.08782240003347397,0.13931459188461304,-0.4150996506214142,-0.09737037867307663,0.36670970916748047,0.4697665870189667,0.4906030297279358,0.4941781461238861,0.12372908741235733,0.08045907318592072,0.16718550026416779,0.31614190340042114,0.5180785655975342,0.562706708908081,0.5428779125213623,0.44855019450187683,0.18405921757221222,0.23864035308361053,158.09002685546875,176.8530731201172,152.55686950683594,174.18228149414062,173.22068786621094,178.7407989501953,171.7517547607422,174.774169921875,178.63925170898438,174.24497985839844,174.40037536621094,178.28578186035156,161.73147583007812,177.86175537109375,177.06568908691406,0.5405501127243042,0.41027089953422546,-0.027100222185254097,-77.8597183227539,-81.5616683959961,-172.10641479492188,0.4941781461238861,158.0900272874036,176.85306600076348,152.55687573584618,174.1822851370793,173.22068656217962,178.7407920288362,171.75174801813765,174.77416274421637,178.63925790769335,174.2449862186102,174.40037491383526,178.28577599328543,161.73147647470083,177.86175428932634,177.0656858445486,-77.85971722123455,-81.56167194696772,-172.10640723482263,0.4941781359070642
20251105_002239,kamal,2025-11-05 00:23:39,0,rest,0.0,0.0,0.0,-0.08160173892974854,-0.027353227138519287,-0.028780199587345123,-0.1581307351589203,-0.08996438980102539,-0.04378952458500862,-0.21790045499801636,-0.13515794277191162,-0.058195389807224274,-0.27178484201431274,-0.14401793479919434,-0.0736650750041008,-0.09880253672599792,-0.27025306224823,-0.020342521369457245,-0.12868934869766235,-0.37025365233421326,-0.03601823374629021,-0.14247581362724304,-0.4343090355396271,-0.05151953548192978,-0.15256577730178833,-0.4890976846218109,-0.06541962921619415,-0.047744929790496826,-0.29017823934555054,-0.026958869770169258,-0.05100661516189575,-0.41836804151535034,-0.03860873356461525,-0.05050569772720337,-0.4962300658226013,-0.05248069390654564,-0.04992717504501343,-0.5558739900588989,-0.064692422747612,0.002196371555328369,-0.28041544556617737,-0.0387871190905571,0.013255536556243896,-0.39720314741134644,-0.05931777134537697,0.018149375915527344,-0.46990469098091125,-0.07906107604503632,0.02147763967514038,-0.5315368175506592,-0.09419257193803787,0.04950946569442749,-0.24590462446212769,-0.05346477031707764,0.0912773609161377,-0.3192157447338104,-0.07721752673387527,0.11974602937698364,-0.36943650245666504,-0.09135036170482635,0.14284789562225342,-0.4145629405975342,-0.10168256610631943,0.36518654227256775,0.46789610385894775,0.4864104390144348,0.49588295817375183,0.12245117872953415,0.08100128173828125,0.16872970759868622,0.31628262996673584,0.5165003538131714,0.561848521232605,0.5402452349662781,0.4501192271709442,0.1814388930797577,0.2418663203716278,157.57437133789062,176.87875366210938,152.5701446533203,174.34925842285156,173.50428771972656,178.19534301757812,172.1465301513672,174.7666473388672,178.5192413330078,174.6870880126953,174.54991149902344,178.4305877685547,161.87399291992188,178.02960205078125,176.73439025878906,0.5462334752082825,0.4150427281856537,-0.027910036966204643,-77.41082000732422,-81.63695526123047,-170.67689514160156,0.49588295817375183,157.5743746273566,176.87875041981502,152.57013906756325,174.34925674354253,173.50428028532392,178.1953368125132,172.1465338493962,174.76664782645193,178.5192453986076,174.6870890495778,174.54991310195553,178.43059417430652,161.87398997625192,178.02960772676062,176.73438442642396,-77.41082156418032,-81.63695627271417,-170.67689491983995,0.4958829450111688
20251105_002239,kamal,2025-11-05 00:23:39,0,rest,0.0,0.0,0.0,-0.07884764671325684,-0.030452191829681396,-0.027006540447473526,-0.15283900499343872,-0.09081119298934937,-0.04250233247876167,-0.2123624086380005,-0.13314205408096313,-0.05793830007314682,-0.26598605513572693,-0.14265862107276917,-0.07494326680898666,-0.09412774443626404,-0.26953086256980896,-0.020159753039479256,-0.1214832067489624,-0.36790362000465393,-0.037536703050136566,-0.1345430612564087,-0.4329244792461395,-0.05443737283349037,-0.1439240574836731,-0.48819488286972046,-0.06921970099210739,-0.0433463454246521,-0.2892661392688751,-0.028127124533057213,-0.04462403059005737,-0.41657501459121704,-0.04141164943575859,-0.04389011859893799,-0.4942874610424042,-0.056725021451711655,-0.043686091899871826,-0.5534448623657227,-0.06984718143939972,0.006521642208099365,-0.27994853258132935,-0.04106535762548447,0.018392562866210938,-0.396375834941864,-0.06278040260076523,0.022993862628936768,-0.4701569676399231,-0.08308782428503036,0.026052653789520264,-0.5319012403488159,-0.09857136011123657,0.05385172367095947,-0.24459758400917053,-0.05662522092461586,0.09721404314041138,-0.31554463505744934,-0.08090052008628845,0.12581562995910645,-0.3638722002506256,-0.09471189975738525,0.1487365961074829,-0.40593063831329346,-0.1047351285815239,0.36650675535202026,0.4671066105365753,0.4871906340122223,0.49213269352912903,0.11960602551698685,0.0784391388297081,0.17594866454601288,0.31099286675453186,0.5136533379554749,0.5595429539680481,0.5415846705436707,0.44482773542404175,0.1779433786869049,0.2449573427438736,160.482666015625,175.39242553710938,154.90187072753906,173.2816162109375,173.81541442871094,178.26429748535156,172.07879638671875,174.6939239501953,178.59886169433594,175.07090759277344,174.67727661132812,178.51956176757812,161.26211547851562,177.4190216064453,177.1879425048828,0.5508846640586853,0.419737845659256,-0.029194876551628113,-76.1568374633789,-81.53331756591797,-170.43597412109375,0.49213269352912903,160.4826661161482,175.3924300251468,154.90186643981946,173.28160987440558,173.81541182313686,178.26430445011107,172.07878967750128,174.69392440617563,178.59885707162437,175.070900964157,174.67728392057302,178.5195547889294,161.26211284181193,177.41902147334062,177.1879461238952,-76.1568371717774,-81.53331996565355,-170.43598000151752,0.4921327009964728
20251105_002239,kamal,2025-11-05 00:23:39,0,rest,0.0,0.0,0.0,-0.07838469743728638,-0.0325852632522583,-0.028329936787486076,-0.15081873536109924,-0.09308600425720215,-0.044892966747283936,-0.2092975378036499,-0.13707184791564941,-0.060944706201553345,-0.26175665855407715,-0.1493607759475708,-0.07860910147428513,-0.09130102396011353,-0.2696853578090668,-0.023883523419499397,-0.11861562728881836,-0.37026727199554443,-0.042993560433387756,-0.13145869970321655,-0.43651294708251953,-0.061189260333776474,-0.13988271355628967,-0.4932873249053955,-0.07660143822431564,-0.040093183517456055,-0.2890477478504181,-0.031036078929901123,-0.04336822032928467,-0.4155957102775574,-0.04571680352091789,-0.04402738809585571,-0.49268829822540283,-0.06205184385180473,-0.044348955154418945,-0.5521220564842224,-0.07591987401247025,0.009564697742462158,-0.28001877665519714,-0.04296880587935448,0.02273625135421753,-0.39653658866882324,-0.0651785284280777,0.02949821949005127,-0.4693029224872589,-0.08543496578931808,0.035055696964263916,-0.5297858715057373,-0.10087194293737411,0.05558747053146362,-0.245461106300354,-0.05760723352432251,0.09680092334747314,-0.3157864511013031,-0.08230040967464447,0.12564611434936523,-0.3629680275917053,-0.09605837613344193,0.14974719285964966,-0.4039989709854126,-0.10584981739521027,0.3648873269557953,0.4577007591724396,0.48302844166755676,0.48468348383903503,0.1121993288397789,0.0861777737736702,0.17029759287834167,0.3114555776119232,0.5184277296066284,0.559079110622406,0.540441632270813,0.4436705708503723,0.18034592270851135,0.2459869235754013,161.2193603515625,176.25003051757812,156.37867736816406,173.41207885742188,173.7517852783203,177.5538787841797,173.60162353515625,174.56314086914062,178.8153076171875,175.1383514404297,175.10501098632812,178.7659149169922,162.53164672851562,176.93853759765625,177.4571533203125,0.5562399625778198,0.4259842038154602,-0.03109854646027088,-77.0697021484375,-80.9517593383789,-170.6352996826172,0.48468348383903503,161.21936219830422,176.25003228832168,156.37868108669338,173.41207438646077,173.75177865613296,177.55387902000047,173.60162470418808,174.56314099429616,178.81531116231938,175.13835729462093,175.10500987748898,178.76591628361388,162.53165140886114,176.93854323775355,177.45715825295855,-77.06970351110586,-80.95175677667919,-170.6353045401318,0.48468349126450044
20251105_002239,kamal,2025-11-05 00:23:39,0,rest,0.0,0.0,0.0,-0.07814210653305054,-0.03279000520706177,-0.029500208795070648,-0.14885544776916504,-0.09300720691680908,-0.04686541110277176,-0.20666605234146118,-0.13795334100723267,-0.06349486857652664,-0.2589287757873535,-0.15103548765182495,-0.08152581751346588,-0.09243807196617126,-0.2701706886291504,-0.02439337782561779,-0.11904671788215637,-0.3709920346736908,-0.04301602765917778,-0.13156798481941223,-0.4362257719039917,-0.06065826117992401,-0.14045017957687378,-0.4926111400127411,-0.07571160793304443,-0.0411568284034729,-0.2886183559894562,-0.031272679567337036,-0.042376816272735596,-0.4139525294303894,-0.045655351132154465,-0.04206186532974243,-0.49184945225715637,-0.06175694614648819,-0.041496217250823975,-0.5529159903526306,-0.07547799497842789,0.00843900442123413,-0.2777387499809265,-0.043074388056993484,0.023032546043395996,-0.3932979702949524,-0.06548760831356049,0.031085193157196045,-0.46620973944664,-0.08625508844852448,0.03791171312332153,-0.5276275873184204,-0.1019287034869194,0.05402785539627075,-0.24181759357452393,-0.05758882686495781,0.09472739696502686,-0.31265386939048767,-0.08282075822353363,0.12428796291351318,-0.3586645722389221,-0.09687583148479462,0.14925837516784668,-0.39904695749282837,-0.10669995844364166,0.36158666014671326,0.45696982741355896,0.4799501895904541,0.47828879952430725,0.11588190495967865,0.087434321641922,0.1701582670211792,0.3106481730937958,0.517807126045227,0.5595846176147461,0.5387185215950012,0.43920543789863586,0.18364763259887695,0.24705831706523895,160.91485595703125,176.6671905517578,156.39479064941406,173.3642120361328,173.90283203125,178.1470947265625,172.47634887695312,174.80845642089844,178.97259521484375,174.23519897460938,175.00819396972656,178.4238739013672,162.830322265625,176.12318420410156,177.11129760742188,0.5594996213912964,0.43200889229774475,-0.03126524016261101,-77.23005676269531,-81.14567565917969,-169.0441131591797,0.4799501895904541,160.91485778852095,176.66719600506357,156.39479046363843,173.36420926191485,173.90283683250513,178.1470987471864,172.47634692844284,174.8084616841192,178.97259546387755,174.23520159577853,175.00819262326553,178.4238741832304,162.83031880446435,176.123182529926,177.11130126339071,-77.23005796765831,-81.14567281542709,-169.0441081424052,0.4799501907393188
20251105_002239,kamal,2025-11-05 00:23:39,0,rest,0.0,0.0,0.0,-0.07546618580818176,-0.03214925527572632,-0.02922096475958824,-0.1448172926902771,-0.09301620721817017,-0.04712197184562683,-0.20243316888809204,-0.13568264245986938,-0.0642770305275917,-0.25518637895584106,-0.14484786987304688,-0.08325005322694778,-0.08929446339607239,-0.2662307322025299,-0.028870122507214546,-0.11553016304969788,-0.36806321144104004,-0.04892631620168686,-0.1285598874092102,-0.4346184730529785,-0.06668313592672348,-0.13718876242637634,-0.4917370080947876,-0.08169983327388763,-0.03890770673751831,-0.2839134633541107,-0.03613661602139473,-0.039474666118621826,-0.4090658724308014,-0.052009887993335724,-0.03778451681137085,-0.4867998957633972,-0.06837200373411179,-0.03528052568435669,-0.5476399660110474,-0.08211328834295273,0.010315954685211182,-0.27312013506889343,-0.04790079593658447,0.025093257427215576,-0.3895871937274933,-0.07135845720767975,0.03417670726776123,-0.46293187141418457,-0.09239239990711212,0.04231840372085571,-0.5243270397186279,-0.10822085291147232,0.05571794509887695,-0.23724335432052612,-0.06218418478965759,0.09625500440597534,-0.30776724219322205,-0.0880713015794754,0.12656402587890625,-0.3527343273162842,-0.10215364396572113,0.15231084823608398,-0.3910718262195587,-0.11198446154594421,0.3664122223854065,0.4589132070541382,0.48284271359443665,0.47697576880455017,0.11623508483171463,0.08512749522924423,0.1728278249502182,0.30501076579093933,0.5170115232467651,0.5548844933509827,0.5370488166809082,0.4343688488006592,0.18435914814472198,0.24616332352161407,160.4635009765625,174.73709106445312,153.75689697265625,173.6214599609375,174.91934204101562,177.59193420410156,172.51588439941406,175.11358642578125,178.631103515625,174.83702087402344,175.40951538085938,178.37759399414062,163.6340789794922,174.997314453125,177.4578857421875,0.5608888864517212,0.43854811787605286,-0.0350177176296711,-77.0617904663086,-80.73136138916016,-168.69580078125,0.48284271359443665,160.46350290271528,174.73709512712006,153.75689580599658,173.6214615579274,174.91933684552026,177.5919293125232,172.51588030634213,175.11359044467878,178.63109647191226,174.83701698414595,175.4095220785318,178.37760103329117,163.63407405646703,174.9973175281454,177.4578875827978,-77.0617928595006,-80.73135868528034,-168.69580570101294,0.4828427040963595
20251105_002239,kamal,2025-11-05 00:23:39,0,rest,0.0,0.0,0.0,-0.07408618927001953,-0.03430449962615967,-0.029493460431694984,-0.14269444346427917,-0.09559708833694458,-0.048262253403663635,-0.200148344039917,-0.1380758285522461,-0.06621666252613068,-0.25295668840408325,-0.1458524465560913,-0.08603501319885254,-0.08871957659721375,-0.26598337292671204,-0.031387779861688614,-0.11422622203826904,-0.3692685067653656,-0.05237573757767677,-0.12743693590164185,-0.43598800897598267,-0.07047268003225327,-0.13603264093399048,-0.49338123202323914,-0.08552641421556473,-0.0376926064491272,-0.2828652262687683,-0.03874092921614647,-0.03752261400222778,-0.4084426462650299,-0.05542318895459175,-0.03527599573135376,-0.4870559573173523,-0.0722193494439125,-0.03214818239212036,-0.5494185090065002,-0.08626433461904526,0.012104332447052002,-0.27128636837005615,-0.05041377618908882,0.028434455394744873,-0.38670507073402405,-0.07406333833932877,0.037780582904815674,-0.45941585302352905,-0.09542682021856308,0.0458187460899353,-0.5202977061271667,-0.11148050427436829,0.057505786418914795,-0.23521903157234192,-0.06455676257610321,0.09861010313034058,-0.306268572807312,-0.08996079117059708,0.12901747226715088,-0.351545512676239,-0.10389824211597443,0.15471535921096802,-0.3901766836643219,-0.11372008174657822,0.3666711747646332,0.4600239396095276,0.4797118902206421,0.4760853946208954,0.11803686618804932,0.08696389198303223,0.169690802693367,0.3044044077396393,0.5188879370689392,0.5570778846740723,0.5340757966041565,0.4348642826080322,0.18565569818019867,0.24704201519489288,161.71432495117188,174.22747802734375,152.48089599609375,173.4270782470703,175.44361877441406,177.381103515625,172.3988800048828,175.25599670410156,178.64320373535156,174.51943969726562,175.1694793701172,178.3916015625,164.16615295410156,175.33058166503906,177.60430908203125,0.5629996657371521,0.44474586844444275,-0.03701920062303543,-77.2196044921875,-80.48794555664062,-168.1188201904297,0.4797118902206421,161.7143278140221,174.2274835271998,152.48089340123872,173.42708135012214,175.44361924245018,177.3810972878566,172.3988753542782,175.25599395392135,178.64320942223256,174.51943494938124,175.1694751641294,178.3915955954695,164.16615621586823,175.33058550712343,177.60431427939292,-77.21960162193328,-80.48794283441923,-168.11882572570966,0.47971187778542007
20251105_002239,kamal,2025-11-05 00:23:39,0,rest,0.0,0.0,0.0,-0.07573550939559937,-0.032146573066711426,-0.028126629069447517,-0.1437753438949585,-0.09348410367965698,-0.04631748050451279,-0.19995397329330444,-0.13837534189224243,-0.06382010877132416,-0.2527298927307129,-0.1473085880279541,-0.08322034776210785,-0.090370774269104,-0.26257559657096863,-0.030841320753097534,-0.11562052369117737,-0.36744120717048645,-0.05048411339521408,-0.12838688492774963,-0.43334656953811646,-0.06734880059957504,-0.13660845160484314,-0.4898260831832886,-0.08167076855897903,-0.03908818960189819,-0.2791252136230469,-0.03848746418952942,-0.03897106647491455,-0.4059184193611145,-0.054419126361608505,-0.036132752895355225,-0.4835626482963562,-0.07063569128513336,-0.03227877616882324,-0.545738697052002,-0.08441862463951111,0.01060420274734497,-0.26770728826522827,-0.05013113096356392,0.02666008472442627,-0.38546866178512573,-0.07388968765735626,0.03678750991821289,-0.45760542154312134,-0.0952310562133789,0.045817792415618896,-0.5183073282241821,-0.11135105788707733,0.05574578046798706,-0.23194220662117004,-0.06396552920341492,0.097156822681427,-0.3035878539085388,-0.09069889038801193,0.12848615646362305,-0.3486185073852539,-0.105352021753788,0.1552966833114624,-0.387387752532959,-0.1155071035027504,0.36166951060295105,0.45535337924957275,0.47703471779823303,0.47451671957969666,0.11839956045150757,0.08704545348882675,0.17071272432804108,0.3041345775127411,0.5150355100631714,0.5531719326972961,0.532109797000885,0.43304529786109924,0.18700651824474335,0.24743904173374176,160.11329650878906,175.8699493408203,151.56741333007812,173.2935791015625,175.45791625976562,177.3997344970703,172.01986694335938,174.95372009277344,178.42156982421875,174.5585479736328,174.970458984375,178.32545471191406,163.90745544433594,174.53384399414062,177.19766235351562,0.5650021433830261,0.44827115535736084,-0.036684442311525345,-77.22709655761719,-80.59664154052734,-168.15940856933594,0.47703471779823303,160.11330361328928,175.8699568691831,151.5674120243478,173.29357551552536,175.45791722815673,177.39972725046042,172.01987350525707,174.95372126152068,178.42157421188298,174.55854074035472,174.97046507341295,178.32544862391617,163.9074518441667,174.53384441031403,177.1976689371223,-77.22709583360397,-80.59664106019265,-168.15940829046357,0.477034718218241
20251105_002239,kamal,2025-11-05 00:23:39,0,rest,0.0,0.0,0.0,-0.07475119829177856,-0.03310340642929077,-0.027143480256199837,-0.1432204246520996,-0.09649920463562012,-0.0441935695707798,-0.19723406434059143,-0.14016973972320557,-0.06059180200099945,-0.2478843331336975,-0.14836710691452026,-0.07899609953165054,-0.08932989835739136,-0.2649489641189575,-0.029712490737438202,-0.11433166265487671,-0.36902910470962524,-0.048958826810121536,-0.12671232223510742,-0.43541502952575684,-0.06573384255170822,-0.13422083854675293,-0.4928669035434723,-0.0800090953707695,-0.03781670331954956,-0.2807919681072235,-0.03775909170508385,-0.03793442249298096,-0.4070526957511902,-0.05285628139972687,-0.03414720296859741,-0.4850650429725647,-0.06869199872016907,-0.02885514497756958,-0.5474203824996948,-0.08231803774833679,0.012062311172485352,-0.2686671316623688,-0.04980049282312393,0.02697509527206421,-0.38635826110839844,-0.07255301624536514,0.03659474849700928,-0.45866838097572327,-0.09356799721717834,0.045634925365448,-0.5198173522949219,-0.10963725298643112,0.057507216930389404,-0.2324664294719696,-0.06402651220560074,0.09697091579437256,-0.3060338497161865,-0.08961550891399384,0.12807095050811768,-0.3512797951698303,-0.10367801785469055,0.154837965965271,-0.39035314321517944,-0.11363141238689423,0.36276787519454956,0.45522341132164,0.47441303730010986,0.4711073040962219,0.11867327243089676,0.0840061753988266,0.1694173663854599,0.2994993031024933,0.517043948173523,0.554326593875885,0.5332100987434387,0.435043066740036,0.18426136672496796,0.24370846152305603,160.02601623535156,175.23492431640625,150.7890167236328,173.46107482910156,175.2672576904297,176.97091674804688,172.40394592285156,174.58023071289062,177.8118896484375,175.41500854492188,174.77450561523438,178.29971313476562,166.08773803710938,173.37889099121094,177.4998321533203,0.5663014054298401,0.4520756006240845,-0.03625907003879547,-76.84672546386719,-80.94629669189453,-167.52621459960938,0.47441303730010986,160.02601079700344,175.23492998239593,150.78902294498644,173.46107849071,175.26725618362647,176.97091340875758,172.40394382013534,174.58022561601499,177.8118825521149,175.41500998706084,174.77450045832413,178.29971519845378,166.08773776746457,173.37889466125475,177.49983448768012,-76.84672579034024,-80.94630021277248,-167.52621182700943,0.4744130503350946
20251105_002239,kamal,2025-11-05 00:23:39,0,rest,0.0,0.0,0.0,-0.07569187879562378,-0.030532777309417725,-0.028925519436597824,-0.14408037066459656,-0.09157323837280273,-0.047782618552446365,-0.197950541973114,-0.1368085741996765,-0.06550177186727524,-0.24899309873580933,-0.14905160665512085,-0.08503880351781845,-0.09277889132499695,-0.2620009481906891,-0.03304097428917885,-0.11731266975402832,-0.36530259251594543,-0.05369739979505539,-0.13013410568237305,-0.4310920834541321,-0.07134479284286499,-0.138200044631958,-0.4883180856704712,-0.08627727627754211,-0.04131728410720825,-0.2771472930908203,-0.04052174463868141,-0.04122054576873779,-0.40233170986175537,-0.05750501528382301,-0.03745812177658081,-0.4806979298591614,-0.07410473376512527,-0.03236699104309082,-0.5444102883338928,-0.08826298266649246,0.007998883724212646,-0.2640939950942993,-0.052116259932518005,0.022197484970092773,-0.38229238986968994,-0.07652603089809418,0.031639933586120605,-0.4549669623374939,-0.09813638031482697,0.04024714231491089,-0.5173553228378296,-0.11453650891780853,0.05324244499206543,-0.22757402062416077,-0.06592251360416412,0.09125858545303345,-0.30105456709861755,-0.09328480809926987,0.12007337808609009,-0.3482474684715271,-0.10873014479875565,0.14461219310760498,-0.3907644748687744,-0.1196114793419838,0.356901079416275,0.45082786679267883,0.4692309498786926,0.46319058537483215,0.1197953000664711,0.08182346820831299,0.16414344310760498,0.3023996353149414,0.5147791504859924,0.5524677038192749,0.5314084887504578,0.43349331617355347,0.1829894632101059,0.23645590245723724,159.3982696533203,176.9725341796875,153.93438720703125,172.60595703125,175.62245178222656,177.0802001953125,171.54417419433594,175.00901794433594,178.1396484375,174.96717834472656,175.1280059814453,178.11485290527344,166.2012176513672,175.28016662597656,176.6013946533203,0.567106306552887,0.45435526967048645,-0.03831964358687401,-77.30963134765625,-80.20260620117188,-166.7338409423828,0.4692309498786926,159.3982648424939,176.97253699654004,153.9343854722253,172.60595362889947,175.62245505263476,177.08019289718246,171.5441765618691,175.00901766838098,178.13964309529993,174.96717103914304,175.12800562600722,178.11484846722848,166.2012142707123,175.28016860076193,176.6013939447032,-77.30963037939762,-80.20260327745783,-166.73384140925916,0.4692309463084779
20251105_002239,kamal,2025-11-05 00:23:39,0,rest,0.0,0.0,0.0,-0.07491642236709595,-0.032829999923706055,-0.023420317098498344,-0.1449834704399109,-0.09651833772659302,-0.04012510925531387,-0.19657683372497559,-0.14239990711212158,-0.05637644603848457,-0.2438553273677826,-0.1551164984703064,-0.07481898367404938,-0.09775206446647644,-0.26141729950904846,-0.03132055327296257,-0.12277713418006897,-0.3665505647659302,-0.05248880386352539,-0.13663753867149353,-0.4319220185279846,-0.07041674852371216,-0.14628231525421143,-0.4883805215358734,-0.0852876603603363,-0.04890841245651245,-0.2744496166706085,-0.04145820811390877,-0.04904216527938843,-0.4022759199142456,-0.05909747630357742,-0.04583299160003662,-0.48153477907180786,-0.07595228403806686,-0.041661620140075684,-0.5466941595077515,-0.08991595357656479,-0.0022870302200317383,-0.2600233852863312,-0.05505356937646866,0.010207653045654297,-0.3813217878341675,-0.07854484766721725,0.01851952075958252,-0.4554479420185089,-0.09910902380943298,0.025485694408416748,-0.5189002752304077,-0.1147652417421341,0.0411565899848938,-0.2230243980884552,-0.07035783678293228,0.0763096809387207,-0.30031853914260864,-0.09588056802749634,0.10168427228927612,-0.35230639576911926,-0.10977692157030106,0.12305217981338501,-0.3993067741394043,-0.11970319598913193,0.3474118411540985,0.440957248210907,0.45439955592155457,0.4430176019668579,0.1198640689253807,0.0768033117055893,0.15442219376564026,0.29853713512420654,0.5169023275375366,0.5556033849716187,0.5320508480072021,0.4346453547477722,0.17693115770816803,0.2230268269777298,160.9250030517578,176.70301818847656,153.54981994628906,171.55630493164062,175.82913208007812,177.75018310546875,170.03933715820312,175.2440643310547,178.6825714111328,173.65428161621094,175.46298217773438,178.36204528808594,166.60362243652344,176.44290161132812,176.96035766601562,0.5652552843093872,0.45875969529151917,-0.039637405425310135,-74.3031234741211,-79.7256088256836,-164.5497589111328,0.45439955592155457,160.9249980754064,176.70301430708983,153.54982730866865,171.5563052017744,175.8291370862994,177.75018352736558,170.03933362014666,175.24405988973055,178.68257449294254,173.6542864583791,175.4629748965721,178.36205228103938,166.6036237646014,176.44290453719748,176.96036524516768,-74.30312455284863,-79.72560721597364,-164.54975686035718,0.4543995460628631
20251105_002239,kamal,2025-11-05 00:23:39,0,rest,0.0,0.0,0.0,-0.07377207279205322,-0.033571600914001465,-0.022089321166276932,-0.13752460479736328,-0.09560155868530273,-0.03902290016412735,-0.18156218528747559,-0.14379751682281494,-0.055517151951789856,-0.22424805164337158,-0.16736090183258057,-0.0738789439201355,-0.10020756721496582,-0.2573738098144531,-0.029264571145176888,-0.12621700763702393,-0.3602469563484192,-0.05257876217365265,-0.14129814505577087,-0.4237712323665619,-0.07230640202760696,-0.15256038308143616,-0.47994133830070496,-0.08793879300355911,-0.05547851324081421,-0.26847517490386963,-0.04053043574094772,-0.0590667724609375,-0.39500805735588074,-0.05971071869134903,-0.05925130844116211,-0.4746910333633423,-0.07811806350946426,-0.05823034048080444,-0.5407650470733643,-0.0927419364452362,-0.013085603713989258,-0.25134435296058655,-0.055200427770614624,-0.005530595779418945,-0.3695496916770935,-0.07802931219339371,-0.0014533400535583496,-0.44360268115997314,-0.09736201912164688,0.0021535754203796387,-0.5072001218795776,-0.11221379786729813,0.025749266147613525,-0.21199879050254822,-0.07166967540979385,0.049913227558135986,-0.285430371761322,-0.0957852303981781,0.06654495000839233,-0.33712828159332275,-0.10805103927850723,0.08121830224990845,-0.3846970796585083,-0.1167905330657959,0.32100361585617065,0.409082293510437,0.41014382243156433,0.3773408532142639,0.11234209686517715,0.07177724689245224,0.14587382972240448,0.2894044816493988,0.5112255811691284,0.5517414808273315,0.5194694995880127,0.4101564288139343,0.15896140038967133,0.21066907048225403,160.25921630859375,175.2711639404297,161.0584716796875,170.5613555908203,175.50645446777344,177.51760864257812,170.0578155517578,175.37060546875,178.87440490722656,173.33729553222656,176.26617431640625,178.5107421875,169.19142150878906,175.3869171142578,177.14830017089844,0.5624153017997742,0.4603956937789917,-0.039332423359155655,-71.39348602294922,-78.55216217041016,-160.18881225585938,0.41014382243156433,160.25921754691868,175.2711638031215,161.05847024396462,170.56135365980998,175.5064617151369,177.5176085426256,170.05781384150427,175.37060100636992,178.87441114976326,173.33729467245414,176.26616834981985,178.51073826145972,169.19142004275872,175.3869170076446,177.148302605734,-71.39348319807739,-78.55216513591824,-160.18881837483045,0.41014382019776363
20251105_002239,kamal,2025-11-05 00:23:39,0,rest,0.0,0.0,0.0,-0.07266730070114136,-0.037090420722961426,-0.012118942104279995,-0.12787088751792908,-0.0957404375076294,-0.022535521537065506,-0.16377225518226624,-0.13975965976715088,-0.03528149053454399,-0.19278383255004883,-0.16473275423049927,-0.04885612428188324,-0.11136424541473389,-0.24700483679771423,-0.004362715873867273,-0.13175052404403687,-0.347154438495636,-0.02196805737912655,-0.14612707495689392,-0.40819546580314636,-0.040201686322689056,-0.15827125310897827,-0.4610176682472229,-0.054358214139938354,-0.07747876644134521,-0.25771838426589966,-0.016455907374620438,-0.08480948209762573,-0.37285444140434265,-0.029453160241246223,-0.09321320056915283,-0.4449518918991089,-0.04626009240746498,-0.09976327419281006,-0.5037146806716919,-0.06040918454527855,-0.045513272285461426,-0.24820321798324585,-0.032022956758737564,-0.04407525062561035,-0.35288897156715393,-0.04465648904442787,-0.04858797788619995,-0.41953563690185547,-0.05856186896562576,-0.05205738544464111,-0.47220322489738464,-0.07087936252355576,-0.0166434645652771,-0.2200220227241516,-0.049759503453969955,-0.004351615905761719,-0.29169780015945435,-0.060792017728090286,0.0035851001739501953,-0.33693739771842957,-0.06571528315544128,0.01152104139328003,-0.37361621856689453,-0.07059107720851898,0.29833897948265076,0.35170304775238037,0.3388614058494568,0.2929934859275818,0.07268308103084564,0.05812440440058708,0.11731026321649551,0.2582429349422455,0.4904507100582123,0.5170400738716125,0.48032253980636597,0.38040098547935486,0.10807150602340698,0.17150355875492096,160.46612548828125,173.3759002685547,168.12879943847656,164.52474975585938,173.340576171875,178.3981170654297,166.63648986816406,172.7581024169922,179.4927215576172,168.90142822265625,173.29632568359375,178.61886596679688,165.59970092773438,177.48190307617188,177.4151611328125,0.5539310574531555,0.45180991291999817,-0.02051973156630993,-64.39302062988281,-76.96373748779297,-164.09950256347656,0.35170304775238037,160.46612957413964,173.37590458053168,168.12879486482456,164.52475122965743,173.34057448312544,178.39811790743923,166.63648471508816,172.7581058144345,179.49271602159854,168.90142061038514,173.29632537789857,178.6188696767803,165.59970349134994,177.48189723135394,177.4151649366964,-64.39301708808976,-76.96373776804285,-164.09950196537827,0.3517030334350669
20251105_002239,kamal,2025-11-05 00:23:39,0,rest,0.0,0.0,0.0,-0.08717882633209229,-0.048855364322662354,0.013473572209477425,-0.12106513977050781,-0.12246406078338623,0.013114945031702518,-0.14039850234985352,-0.1648467481136322,0.005195029079914093,-0.16123297810554504,-0.18551185727119446,-0.00543204415589571,-0.12074816226959229,-0.23938950896263123,0.010133113712072372,-0.13111603260040283,-0.3370007872581482,-0.006982592400163412,-0.14560386538505554,-0.4027567505836487,-0.022660301998257637,-0.15929093956947327,-0.45898938179016113,-0.03570249676704407,-0.10305583477020264,-0.23760071396827698,-0.014864743687212467,-0.11269229650497437,-0.3493679165840149,-0.03293792903423309,-0.1276823878288269,-0.4240606427192688,-0.04949211701750755,-0.14272359013557434,-0.490505188703537,-0.06242697313427925,-0.08295595645904541,-0.21452981233596802,-0.04063279554247856,-0.08980423212051392,-0.3183918297290802,-0.05725404992699623,-0.10834407806396484,-0.3774784803390503,-0.06921695917844772,-0.12839707732200623,-0.42668503522872925,-0.07867264002561569,-0.0647779107093811,-0.17250722646713257,-0.06620701402425766,-0.07410526275634766,-0.2371310293674469,-0.07920800149440765,-0.0898810625076294,-0.2747799754142761,-0.08386526256799698,-0.10426270961761475,-0.3052009344100952,-0.0883861780166626,0.27515456080436707,0.3108246326446533,0.25417885184288025,0.15637287497520447,0.04451876878738403,0.06739570200443268,0.124238520860672,0.2458459436893463,0.4871545135974884,0.514647901058197,0.4524768888950348,0.33441057801246643,0.06200350075960159,0.19102561473846436,143.22750854492188,170.60260009765625,157.53271484375,156.11708068847656,172.98558044433594,178.71043395996094,160.685302734375,172.96853637695312,177.95555114746094,162.8479766845703,166.4327392578125,175.25242614746094,165.37252807617188,164.89076232910156,177.2062225341797,0.5494360327720642,0.47009554505348206,-0.022313838824629784,-36.24773025512695,-72.3807144165039,-129.92417907714844,0.3108246326446533,143.22751616635244,170.60259706275139,157.53271375818724,156.11707987318047,172.98557733222145,178.71043899347,160.68530293214812,172.96853905641942,177.9555449125975,162.84797342375478,166.43274121495648,175.25242594548234,165.3725294942843,164.89076391727073,177.20622647987653,-36.24773082598917,-72.38071179447321,-129.9241833512551,0.3108246313989792
20251105_002239,kamal,2025-11-05 00:23:39,0,rest,0.0,0.0,0.0,-0.04214060306549072,-0.1006314754486084,0.019772155210375786,-0.07557624578475952,-0.18184322118759155,0.018576528877019882,-0.10459142923355103,-0.22604447603225708,0.011538191698491573,-0.13319659233093262,-0.2558228373527527,0.0017817047191783786,-0.06941086053848267,-0.22459787130355835,-0.012660548090934753,-0.10839903354644775,-0.33931708335876465,-0.03343622013926506,-0.13927263021469116,-0.4077216386795044,-0.04554423689842224,-0.16786488890647888,-0.4622966945171356,-0.053012069314718246,-0.07336992025375366,-0.20889848470687866,-0.03505947068333626,-0.11530518531799316,-0.33597874641418457,-0.055274661630392075,-0.15054070949554443,-0.4086800217628479,-0.06843367964029312,-0.18277883529663086,-0.4669870138168335,-0.07846958190202713,-0.08666443824768066,-0.17372089624404907,-0.05527839437127113,-0.13092327117919922,-0.2796359956264496,-0.07331834733486176,-0.16888082027435303,-0.3438771665096283,-0.088591568171978,-0.19958260655403137,-0.39079686999320984,-0.0994754433631897,-0.11290240287780762,-0.1219644546508789,-0.07272443920373917,-0.1566760540008545,-0.1833084523677826,-0.08834914863109589,-0.19080790877342224,-0.21494346857070923,-0.09727691113948822,-0.2226550579071045,-0.2345392405986786,-0.10369369387626648,0.21641558408737183,0.23127683997154236,0.18132320046424866,0.13993166387081146,0.029874905943870544,0.08079944550991058,0.1580081582069397,0.2884264886379242,0.4946788251399994,0.5075849294662476,0.4499453008174896,0.3396120071411133,0.0909784808754921,0.2371883988380432,168.94236755371094,167.17759704589844,168.146484375,173.1663055419922,174.52488708496094,175.98243713378906,178.84811401367188,172.46766662597656,176.88021850585938,172.09559631347656,171.7933349609375,177.36355590820312,166.21766662597656,168.5311279296875,168.90293884277344,0.5754174590110779,0.5001839399337769,-0.035144105553627014,35.90784454345703,-66.92864227294922,-67.03489685058594,0.2396748811006546,168.9423704163381,167.17759198546347,168.14649190521328,173.16631313119103,174.5248928627065,175.9824384001248,178.84811502659997,172.46767014902034,176.88021793328917,172.09559328050875,171.79333065050582,177.36355929472177,166.21766176766482,168.53112751433375,168.90294390132524,35.907843885343425,-66.9286420719879,-67.03489823165508,0.23967487953546668
20251105_002239,kamal,2025-11-05 00:23:39,0,rest,0.0,0.0,0.0,-0.008737146854400635,-0.10856115818023682,0.022517282515764236,-0.03719514608383179,-0.18644753098487854,0.020035527646541595,-0.06863254308700562,-0.2122054398059845,0.012264351360499859,-0.09614390134811401,-0.21289196610450745,0.00032127994927577674,-0.038651108741760254,-0.2350361943244934,-0.025322645902633667,-0.0794641375541687,-0.3506641089916229,-0.04575874283909798,-0.10706526041030884,-0.417261004447937,-0.055808890610933304,-0.13173413276672363,-0.46768254041671753,-0.06158090755343437,-0.06432837247848511,-0.2105792760848999,-0.048432204872369766,-0.1217002272605896,-0.33721718192100525,-0.06594668328762054,-0.1599026322364807,-0.4088333547115326,-0.07704448699951172,-0.19292214512825012,-0.4625203311443329,-0.08538617938756943,-0.09351933002471924,-0.16946768760681152,-0.06745637953281403,-0.15950697660446167,-0.2735827565193176,-0.08259709924459457,-0.1997758448123932,-0.335712730884552,-0.09957130998373032,-0.23031365871429443,-0.3824162781238556,-0.11221599578857422,-0.12333881855010986,-0.12026470899581909,-0.08269797265529633,-0.17982852458953857,-0.18002116680145264,-0.09978950023651123,-0.21892797946929932,-0.20873552560806274,-0.11114299297332764,-0.2530753016471863,-0.22936731576919556,-0.1184765100479126,0.2646068334579468,0.2811158299446106,0.24373070895671844,0.19751408696174622,0.06585827469825745,0.09238302707672119,0.15485887229442596,0.23359525203704834,0.4897683560848236,0.5083648562431335,0.4603031873703003,0.361515074968338,0.13982908427715302,0.24305081367492676,159.60809326171875,148.28445434570312,141.7898712158203,169.43182373046875,176.603271484375,175.9075469970703,171.0431671142578,176.2773895263672,176.50636291503906,167.33062744140625,174.06219482421875,179.72988891601562,165.92465209960938,169.82620239257812,174.25184631347656,0.5807565450668335,0.5023270845413208,-0.04478142783045769,55.882633209228516,-65.4804458618164,-53.577083587646484,0.2811158299446106,159.60809426732743,148.2844491351251,141.78987478756474,169.43182207951205,176.6032758429699,175.9075443320666,171.04317206970674,176.27739649399186,176.5063660418713,167.3306297458459,174.06219529638787,179.72988737207743,165.92465258709112,169.82619695915423,174.25184374191386,55.8826344451384,-65.48044299391375,-53.577084723505116,0.2811158448068169
20251105_002239,kamal,2025-11-05 00:23:39,0,rest,0.0,0.0,0.0,0.003784775733947754,-0.08926326036453247,0.013913894072175026,-0.010069966316223145,-0.1725282371044159,0.008567916229367256,0.0012401938438415527,-0.230891615152359,-0.0013596516801044345,0.03398323059082031,-0.2540380358695984,-0.01520131342113018,-0.04793804883956909,-0.24110406637191772,-0.02144215814769268,-0.07171481847763062,-0.35075122117996216,-0.03937284275889397,-0.08729273080825806,-0.41821396350860596,-0.05047931894659996,-0.1010352373123169,-0.4736637473106384,-0.05887327715754509,-0.07298070192337036,-0.22666341066360474,-0.04064692184329033,-0.12122571468353271,-0.34290406107902527,-0.05656091496348381,-0.15522542595863342,-0.41283220052719116,-0.06725265830755234,-0.18466684222221375,-0.4658910930156708,-0.07606805860996246,-0.09899270534515381,-0.18937650322914124,-0.057014934718608856,-0.16069024801254272,-0.2853333055973053,-0.0722196027636528,-0.20038533210754395,-0.34592902660369873,-0.08735638111829758,-0.23176449537277222,-0.3915405571460724,-0.09860681742429733,-0.12343090772628784,-0.13564962148666382,-0.07086615264415741,-0.18336361646652222,-0.19134357571601868,-0.08722154051065445,-0.22177055478096008,-0.21989989280700684,-0.09673023223876953,-0.2569757103919983,-0.24395540356636047,-0.10292769223451614,0.26148170232772827,0.31047436594963074,0.3106207847595215,0.304063618183136,0.08573400974273682,0.09085255861282349,0.1497853547334671,0.2567513585090637,0.4878847599029541,0.5068951845169067,0.46555566787719727,0.3689781427383423,0.15941490232944489,0.23495842516422272,162.80099487304688,158.90042114257812,136.6317596435547,175.7888946533203,179.24107360839844,178.8199920654297,174.737060546875,176.5830078125,176.9036865234375,171.0902862548828,175.76168823242188,178.68893432617188,169.1537628173828,173.8515167236328,176.2736053466797,0.5711240768432617,0.4961360692977905,-0.037993572652339935,56.78785705566406,-66.79593658447266,-54.40183639526367,0.3106207847595215,162.80099262591827,158.90042078402422,136.63175486321185,175.78888806507493,179.24107909645923,178.8199938529483,174.73705353164047,176.583007284309,176.90368165395006,171.09028472971588,175.761694357424,178.68893257788167,169.15375958502395,173.85151444631418,176.27360287065108,56.78785760713278,-66.79593693563723,-54.40183466944434,0.31062079020926814
20251105_002239,kamal,2025-11-05 00:23:39,0,rest,0.0,0.0,0.0,0.021175265312194824,-0.08146089315414429,0.0023483745753765106,0.024423062801361084,-0.16419512033462524,-0.0051770624704658985,0.04513895511627197,-0.22555091977119446,-0.015891654416918755,0.07792282104492188,-0.2586517035961151,-0.02935148775577545,-0.038015544414520264,-0.23776310682296753,-0.02041853591799736,-0.05481177568435669,-0.3474139869213104,-0.03811842203140259,-0.06597286462783813,-0.414482444524765,-0.050046902149915695,-0.07714033126831055,-0.4710949957370758,-0.058897171169519424,-0.07013124227523804,-0.22754162549972534,-0.03402607515454292,-0.11108320951461792,-0.34243494272232056,-0.05001203715801239,-0.14189663529396057,-0.412186861038208,-0.06200563162565231,-0.17001724243164062,-0.4660720229148865,-0.07153470814228058,-0.09994173049926758,-0.1957760453224182,-0.04664572700858116,-0.15600231289863586,-0.2872216999530792,-0.06202666833996773,-0.19239667057991028,-0.34510567784309387,-0.07705983519554138,-0.22281384468078613,-0.39007484912872314,-0.08780209720134735,-0.1254454255104065,-0.14852696657180786,-0.05828651413321495,-0.18134331703186035,-0.20272096991539001,-0.07373009622097015,-0.21696949005126953,-0.23174801468849182,-0.0822131410241127,-0.2506824731826782,-0.25611403584480286,-0.08746059983968735,0.2646690011024475,0.32600137591362,0.33336326479911804,0.33371326327323914,0.0938672348856926,0.09395573288202286,0.13682937622070312,0.2717244625091553,0.4809885621070862,0.5012446641921997,0.4577265679836273,0.36889761686325073,0.16917604207992554,0.22548364102840424,165.94093322753906,163.19532775878906,153.7291259765625,175.76502990722656,178.85275268554688,177.9103240966797,177.44671630859375,175.5752716064453,176.32028198242188,174.17523193359375,175.71243286132812,177.7698211669922,172.22103881835938,175.08753967285156,175.3724822998047,0.562869668006897,0.49335426092147827,-0.03187483549118042,66.58140563964844,-68.40824127197266,-45.58578109741211,0.33371326327323914,165.94092897008463,163.19533005274988,153.7291231117002,175.7650322459995,178.8527598509514,177.91032283796451,177.44671842207305,175.57527693706982,176.3202816064638,174.17522753375113,175.7124377809184,177.7698283795571,172.22103480865277,175.08753936103125,175.37248471556669,66.58140607415137,-68.40823793468431,-45.58577966370875,0.33371327222513086
20251105_002239,kamal,2025-11-05 00:23:39,0,rest,0.0,0.0,0.0,0.030434846878051758,-0.07952594757080078,-0.0009423749288544059,0.04045665264129639,-0.15998804569244385,-0.00829550065100193,0.06400352716445923,-0.21613743901252747,-0.017679350450634956,0.09939157962799072,-0.24071729183197021,-0.02937355823814869,-0.025580227375030518,-0.23662200570106506,-0.02094203047454357,-0.035327374935150146,-0.3454878330230713,-0.03783043473958969,-0.043492913246154785,-0.4127802848815918,-0.049755487591028214,-0.05293947458267212,-0.4680196940898895,-0.05862781032919884,-0.06430578231811523,-0.2265099287033081,-0.031386055052280426,-0.09848731756210327,-0.34308046102523804,-0.04625105857849121,-0.12522342801094055,-0.4130188226699829,-0.057328205555677414,-0.15127155184745789,-0.4667203426361084,-0.06614001095294952,-0.09815818071365356,-0.19685029983520508,-0.04109390825033188,-0.14638331532478333,-0.2889701724052429,-0.054158326238393784,-0.1778881549835205,-0.34577155113220215,-0.06777931749820709,-0.2051171064376831,-0.3890532851219177,-0.07780991494655609,-0.12578877806663513,-0.15365523099899292,-0.050282176584005356,-0.17516303062438965,-0.2091335654258728,-0.06352492421865463,-0.20730158686637878,-0.24157994985580444,-0.07158534973859787,-0.23692530393600464,-0.2692607641220093,-0.07678080350160599,0.2751852869987488,0.3395013213157654,0.34216251969337463,0.3408389985561371,0.09862717241048813,0.09522448480129242,0.12394784390926361,0.26208072900772095,0.47463905811309814,0.49506106972694397,0.4466428756713867,0.36678364872932434,0.17251573503017426,0.21549959480762482,165.4503631591797,164.06039428710938,147.63470458984375,176.10215759277344,177.8578338623047,177.08221435546875,179.21304321289062,175.2401885986328,175.09812927246094,176.40199279785156,175.12330627441406,176.81495666503906,175.29502868652344,176.98635864257812,176.51780700683594,0.5578731894493103,0.49044468998908997,-0.028740279376506805,73.68045043945312,-70.51915740966797,-39.62275314331055,0.34216251969337463,165.45035746791962,164.06038920558137,147.6347071929338,176.1021509093808,177.85783386993342,177.08222122498253,179.21304004849597,175.24018307083765,175.09812832789476,176.40198541546226,175.1233016107117,176.81495181273078,175.29503485807172,176.9863607861677,176.517802004214,73.68045190657651,-70.51916097889304,-39.622753149077425,0.3421625156048856
20251105_002239,kamal,2025-11-05 00:23:39,0,rest,0.0,0.0,0.0,0.03053349256515503,-0.07289779186248779,-0.010810919106006622,0.04921901226043701,-0.1525711715221405,-0.02433452568948269,0.08057719469070435,-0.20587804913520813,-0.039150990545749664,0.11870795488357544,-0.2289559543132782,-0.05600199103355408,-0.021174132823944092,-0.23313385248184204,-0.028097812086343765,-0.026396453380584717,-0.33877426385879517,-0.047809552401304245,-0.0312538743019104,-0.4047646224498749,-0.06208975985646248,-0.037702739238739014,-0.45983314514160156,-0.07243860512971878,-0.059628844261169434,-0.2234867811203003,-0.03642447292804718,-0.08946496248245239,-0.3374835252761841,-0.05200827866792679,-0.11243793368339539,-0.4066239297389984,-0.0642193853855133,-0.13539370894432068,-0.459539532661438,-0.07407960295677185,-0.0923304557800293,-0.19390049576759338,-0.04520345479249954,-0.13670092821121216,-0.2833332419395447,-0.059018686413764954,-0.16626757383346558,-0.3396338224411011,-0.07345256209373474,-0.1921781599521637,-0.38299059867858887,-0.08424276858568192,-0.11901575326919556,-0.15059813857078552,-0.054673973470926285,-0.16671082377433777,-0.20352524518966675,-0.06854619830846786,-0.19993367791175842,-0.23640605807304382,-0.07711004465818405,-0.2305154800415039,-0.2644340991973877,-0.08287481963634491,0.27935415506362915,0.34360331296920776,0.34810110926628113,0.3520480990409851,0.09770519286394119,0.09585146605968475,0.12460844963788986,0.2639102637767792,0.4670282304286957,0.4847636818885803,0.4367048144340515,0.36045944690704346,0.17293573915958405,0.21723636984825134,170.4456024169922,162.59414672851562,151.99819946289062,175.6158905029297,177.88807678222656,177.09469604492188,178.55902099609375,175.82789611816406,174.99534606933594,175.8900909423828,174.9219207763672,176.83197021484375,173.93418884277344,176.72140502929688,176.71109008789062,0.5527260899543762,0.48266375064849854,-0.0328793041408062,74.80371856689453,-71.435546875,-40.14978790283203,0.3520480990409851,170.4456051545825,162.59414841063005,151.99819593715483,175.61589437211245,177.88808068273977,177.0947029413753,178.55901553483886,175.82789083605084,174.9953449616162,175.89009513243104,174.92192585268964,176.83196843604162,173.93418452639943,176.72139973846703,176.71109429890657,74.803717953471,-71.43554343188654,-40.14978902624813,0.35204808617884265
20251105_002239,kamal,2025-11-05 00:23:39,0,rest,0.0,0.0,0.0,0.03659820556640625,-0.06982648372650146,-0.0104680135846138,0.061724960803985596,-0.1445450484752655,-0.025961365550756454,0.0947156548500061,-0.19757670164108276,-0.04217490926384926,0.13316553831100464,-0.21944844722747803,-0.06069737300276756,-0.013597846031188965,-0.22209632396697998,-0.03500340133905411,-0.016185760498046875,-0.32865023612976074,-0.05459942668676376,-0.021012425422668457,-0.3942004442214966,-0.06729795783758163,-0.02792525291442871,-0.44665297865867615,-0.07650439441204071,-0.05247098207473755,-0.21454796195030212,-0.04313308000564575,-0.08060234785079956,-0.33244389295578003,-0.0595402754843235,-0.10451406240463257,-0.4016871452331543,-0.07061700522899628,-0.12779846787452698,-0.4513009488582611,-0.07955791801214218,-0.08606076240539551,-0.18667259812355042,-0.050881318747997284,-0.12835478782653809,-0.2825329899787903,-0.06621909141540527,-0.15680041909217834,-0.3391479253768921,-0.08074244856834412,-0.18144521117210388,-0.38037002086639404,-0.0913996547460556,-0.11416620016098022,-0.14523732662200928,-0.058662049472332,-0.16047212481498718,-0.20166799426078796,-0.07434262335300446,-0.19238120317459106,-0.23549890518188477,-0.08376088738441467,-0.22061076760292053,-0.2635299265384674,-0.08985202759504318,0.27896595001220703,0.3495905101299286,0.3547087609767914,0.3577021658420563,0.10002792626619339,0.08971843123435974,0.12323937565088272,0.2637704610824585,0.4540172219276428,0.475746214389801,0.43122804164886475,0.3552330434322357,0.16787995398044586,0.20970943570137024,170.3683624267578,166.59046936035156,151.8602752685547,177.44671630859375,177.1808624267578,176.58749389648438,176.64393615722656,174.35568237304688,173.94696044921875,174.3488311767578,174.61968994140625,175.8867645263672,174.38511657714844,176.0709686279297,176.69166564941406,0.5467864871025085,0.4796275496482849,-0.03753533214330673,76.76190185546875,-71.55304718017578,-37.38874053955078,0.3577021658420563,170.36835976650244,166.59046513499305,151.86026919484468,177.4467237188893,177.18086413147256,176.58748997973322,176.64393386416663,174.3556855660632,173.9469559282446,174.34883573770625,174.61968483347368,175.88676284985107,174.38511419368177,176.07096570138563,176.69166888560642,76.76190558592657,-71.55304485376953,-37.388738710800375,0.3577021737584553
20251105_002239,kamal,2025-11-05 00:23:39,0,rest,0.0,0.0,0.0,0.03952378034591675,-0.06794476509094238,-0.013222490437328815,0.0683026909828186,-0.13872453570365906,-0.030219106003642082,0.10280632972717285,-0.19065967202186584,-0.04739192873239517,0.1406216025352478,-0.21272873878479004,-0.06658238172531128,-0.009272098541259766,-0.21908527612686157,-0.038009654730558395,-0.009004592895507812,-0.3257063031196594,-0.05828932300209999,-0.013054311275482178,-0.3909760117530823,-0.07127995043992996,-0.01986795663833618,-0.44260984659194946,-0.08048699051141739,-0.04892468452453613,-0.21113768219947815,-0.04499836266040802,-0.0735442042350769,-0.3294129967689514,-0.06203852593898773,-0.09538382291793823,-0.39870941638946533,-0.07305749505758286,-0.11771094799041748,-0.44854384660720825,-0.08162319660186768,-0.08244800567626953,-0.18400943279266357,-0.05177034065127373,-0.1222042441368103,-0.27718594670295715,-0.06727836281061172,-0.14941424131393433,-0.3337453603744507,-0.08083446323871613,-0.1736239194869995,-0.37638041377067566,-0.09059688448905945,-0.11019331216812134,-0.14398148655891418,-0.05887466296553612,-0.15498727560043335,-0.19967663288116455,-0.07425348460674286,-0.1852811574935913,-0.23348122835159302,-0.08266869187355042,-0.2120247781276703,-0.26292845606803894,-0.08785157650709152,0.2807054817676544,0.3501009941101074,0.3551180362701416,0.35683590173721313,0.09802935272455215,0.09172976762056351,0.11980613321065903,0.2635548710823059,0.4503069818019867,0.47086071968078613,0.4242820739746094,0.34900397062301636,0.16771835088729858,0.20829539000988007,171.54312133789062,168.50888061523438,154.07041931152344,177.3065643310547,176.3437957763672,175.91751098632812,176.08790588378906,174.29490661621094,173.43040466308594,174.21539306640625,175.68719482421875,176.0724334716797,174.0035400390625,176.5834197998047,176.8972625732422,0.5411836504936218,0.47527018189430237,-0.038729943335056305,78.31893157958984,-72.28919982910156,-36.65597152709961,0.35683590173721313,171.54311497748608,168.50887325514796,154.07042042280696,177.30655679358847,176.34378977593542,175.91751136097804,176.08790543509366,174.29490363784373,173.4304044690937,174.21539967562336,175.687196396871,176.07243069986657,174.00353563452043,176.58341883986301,176.8972694423417,78.31892909445516,-72.2891963172273,-36.655973169761005,0.3568359007395965
20251105_002239,kamal,2025-11-05 00:23:39,0,rest,0.0,0.0,0.0,0.04302084445953369,-0.06869792938232422,-0.012738695368170738,0.07295846939086914,-0.13966181874275208,-0.028693528845906258,0.10793966054916382,-0.19081631302833557,-0.04501066729426384,0.14504575729370117,-0.21188953518867493,-0.06337817758321762,-0.005467116832733154,-0.22094443440437317,-0.036189571022987366,-0.006669163703918457,-0.3269093632698059,-0.05632594972848892,-0.011661708354949951,-0.3930400609970093,-0.06972954422235489,-0.01830112934112549,-0.4459341764450073,-0.07923543453216553,-0.04670095443725586,-0.21303993463516235,-0.0430116131901741,-0.07298558950424194,-0.3290795385837555,-0.059468094259500504,-0.09500521421432495,-0.397821307182312,-0.07052647322416306,-0.11583852767944336,-0.44837212562561035,-0.07917497307062149,-0.08136361837387085,-0.18590503931045532,-0.04958029091358185,-0.11938700079917908,-0.28011685609817505,-0.06440376490354538,-0.14585697650909424,-0.3356046676635742,-0.0770929828286171,-0.16919738054275513,-0.37727344036102295,-0.0862058773636818,-0.10947239398956299,-0.14550891518592834,-0.05653057247400284,-0.15099424123764038,-0.20251500606536865,-0.07128684222698212,-0.17986464500427246,-0.23706042766571045,-0.0789419412612915,-0.205624520778656,-0.2671131193637848,-0.08336439728736877,0.28585055470466614,0.35246866941452026,0.35583940148353577,0.35555413365364075,0.09756787866353989,0.0891718864440918,0.11606165021657944,0.26448485255241394,0.4532884955406189,0.46981358528137207,0.4223676919937134,0.34724700450897217,0.16592937707901,0.20232130587100983,170.55133056640625,168.4073486328125,153.99317932128906,178.3563232421875,176.33969116210938,176.917724609375,176.69509887695312,174.9836883544922,175.41026306152344,174.3329620361328,175.1687774658203,176.22061157226562,174.50323486328125,175.6678009033203,176.64892578125,0.537037193775177,0.4747296869754791,-0.037061769515275955,78.93396759033203,-72.62328338623047,-35.953556060791016,0.35583940148353577,170.55132673227897,168.40734313123127,153.99317796141213,178.35632320286754,176.33968533141032,176.91772435835045,176.695100340615,174.9836870026643,175.41026637327172,174.33296640308006,175.16877187798505,176.2206185478285,174.50323909124526,175.66779383638436,176.64892939655732,78.93396580228335,-72.6232842202223,-35.953554184144174,0.35583941552985004
20251105_002239,kamal,2025-11-05 00:23:39,0,rest,0.0,0.0,0.0,0.043894410133361816,-0.06814223527908325,-0.012329979799687862,0.07395052909851074,-0.1410672962665558,-0.026829926297068596,0.11035174131393433,-0.19307532906532288,-0.041938260197639465,0.14843499660491943,-0.21436479687690735,-0.058708250522613525,-0.004145205020904541,-0.22362107038497925,-0.03015461564064026,-0.006343841552734375,-0.3296663165092468,-0.04813111573457718,-0.011224567890167236,-0.3959349989891052,-0.060897741466760635,-0.018006742000579834,-0.4495483338832855,-0.07024737447500229,-0.04544878005981445,-0.2167951464653015,-0.03661172837018967,-0.071499764919281,-0.33249154686927795,-0.051059477031230927,-0.09295392036437988,-0.40129944682121277,-0.06214369088411331,-0.1136152446269989,-0.4522753953933716,-0.07091590017080307,-0.08078038692474365,-0.19121775031089783,-0.043105196207761765,-0.11889529228210449,-0.28377825021743774,-0.05644973739981651,-0.1450798511505127,-0.3389568328857422,-0.06935601681470871,-0.1683836579322815,-0.3805254399776459,-0.07864439487457275,-0.11018997430801392,-0.15273648500442505,-0.050111074000597,-0.15083745121955872,-0.2088102400302887,-0.06356677412986755,-0.18009108304977417,-0.2417069673538208,-0.07101386040449142,-0.20661529898643494,-0.27076682448387146,-0.07529038190841675,0.28835272789001465,0.3541480004787445,0.3583027720451355,0.3598845303058624,0.09564972668886185,0.09059452265501022,0.11627493798732758,0.2672674059867859,0.45535990595817566,0.47168901562690735,0.4234827160835266,0.348816841840744,0.16567403078079224,0.20399390161037445,169.60403442382812,167.330322265625,154.23391723632812,178.0553436279297,176.769287109375,176.86631774902344,177.41978454589844,175.07595825195312,175.30014038085938,175.83059692382812,174.74729919433594,176.0830078125,176.09307861328125,174.21449279785156,176.52249145507812,0.5334733724594116,0.4734828770160675,-0.03199586644768715,79.34221649169922,-73.50456237792969,-33.76035690307617,0.3598845303058624,169.60403200200213,167.3303257151857,154.2339206635851,178.0553498529266,176.76928715017817,176.86631108847706,177.4197801778867,175.07595950466674,175.30014449899045,175.83059431296314,174.74730593055426,176.08300417336255,176.09308286685433,174.214498274602,176.52249799328536,79.34221424714005,-73.5045619659452,-33.760358697548796,0.3598845206437489
20251105_002239,kamal,2025-11-05 00:23:39,0,rest,0.0,0.0,0.0,0.04538166522979736,-0.06718051433563232,-0.014324918389320374,0.07775306701660156,-0.1396835744380951,-0.03021748922765255,0.11512196063995361,-0.19218701124191284,-0.0460258387029171,0.15328800678253174,-0.21186646819114685,-0.06368929892778397,-0.0011339187622070312,-0.2222377359867096,-0.03651499003171921,-0.001899123191833496,-0.3288014531135559,-0.056021977216005325,-0.006763756275177002,-0.39526671171188354,-0.06911426782608032,-0.013518750667572021,-0.448627233505249,-0.07854855805635452,-0.04303550720214844,-0.21462365984916687,-0.04222952947020531,-0.06811434030532837,-0.3315899670124054,-0.05837714299559593,-0.08984148502349854,-0.40078479051589966,-0.06948892027139664,-0.11102703213691711,-0.45124953985214233,-0.078201062977314,-0.0780302882194519,-0.1884259283542633,-0.04781143367290497,-0.11494550108909607,-0.2829936742782593,-0.06270471215248108,-0.1409057378768921,-0.3387966752052307,-0.07573239505290985,-0.16428709030151367,-0.38046780228614807,-0.08498138189315796,-0.1062886118888855,-0.1500411033630371,-0.053904980421066284,-0.14799648523330688,-0.20685437321662903,-0.06887046992778778,-0.17732101678848267,-0.23992511630058289,-0.07689550518989563,-0.20361369848251343,-0.26905959844589233,-0.08145565539598465,0.29000166058540344,0.35689955949783325,0.3601856529712677,0.36189159750938416,0.09754415601491928,0.08884064853191376,0.11819814145565033,0.2691485583782196,0.4556523263454437,0.4712415039539337,0.42304590344429016,0.34711185097694397,0.16558437049388885,0.20439192652702332,170.10781860351562,168.62258911132812,152.7357177734375,178.95069885253906,176.21810913085938,176.80198669433594,176.68162536621094,174.6256103515625,174.71250915527344,175.01756286621094,174.9277801513672,175.6234130859375,175.5485382080078,174.54776000976562,176.30340576171875,0.5304284691810608,0.4729873836040497,-0.03609154373407364,80.60968017578125,-73.25091552734375,-34.472537994384766,0.36189159750938416,170.10781622162588,168.62259084127064,152.7357106206145,178.95069343093417,176.21810612553247,176.80199167218714,176.68162308133896,174.62561176461784,174.71250457094303,175.01757046831906,174.92777711510513,175.6234079964808,175.54853393869683,174.5477582773376,176.30340327563115,80.60968165812544,-73.25091574884195,-34.472536969693934,0.3618915925958886
20251105_002239,kamal,2025-11-05 00:23:39,0,rest,0.0,0.0,0.0,0.04588824510574341,-0.06719577312469482,-0.012911846861243248,0.07833218574523926,-0.13900229334831238,-0.028511321172118187,0.11685311794281006,-0.19095665216445923,-0.0441114604473114,0.1558423638343811,-0.21069371700286865,-0.06156383827328682,0.0009475350379943848,-0.22064590454101562,-0.036235179752111435,0.0003387928009033203,-0.3294840455055237,-0.05453161522746086,-0.004751741886138916,-0.39564067125320435,-0.06638243049383163,-0.011712610721588135,-0.44855159521102905,-0.07495895773172379,-0.0406765341758728,-0.21364885568618774,-0.04184539616107941,-0.06405878067016602,-0.3312627673149109,-0.0576297752559185,-0.08536204695701599,-0.40053099393844604,-0.0685468539595604,-0.10605424642562866,-0.45098090171813965,-0.07716331630945206,-0.07608199119567871,-0.1887112855911255,-0.04691925272345543,-0.11172184348106384,-0.28411659598350525,-0.06115606054663658,-0.13757330179214478,-0.3406068682670593,-0.07426424324512482,-0.16069108247756958,-0.3823452889919281,-0.08369190990924835,-0.10496172308921814,-0.1521645486354828,-0.05225149914622307,-0.14537549018859863,-0.21027040481567383,-0.06632759422063828,-0.17403501272201538,-0.24347591400146484,-0.07421347498893738,-0.19986039400100708,-0.27225133776664734,-0.078762948513031,0.29125669598579407,0.3557683527469635,0.3607593774795532,0.36139950156211853,0.09439864754676819,0.08796963095664978,0.1169581487774849,0.26920029520988464,0.4549225866794586,0.4696652591228485,0.4231003224849701,0.3467975854873657,0.16326090693473816,0.20185741782188416,169.9031982421875,167.8153076171875,153.40899658203125,179.4004669189453,175.93807983398438,176.79006958007812,176.57691955566406,174.10879516601562,174.83828735351562,174.76805114746094,174.34230041503906,175.63516235351562,175.4591522216797,174.03221130371094,176.3493194580078,0.5290629863739014,0.47437864542007446,-0.03544962778687477,81.40050506591797,-73.78440856933594,-32.886871337890625,0.36139950156211853,169.90320381540536,167.81530408311204,153.40899571208473,179.40047352809702,175.93807757203913,176.7900632491135,176.57691627294466,174.10878893312417,174.83828960057528,174.76804438784214,174.34229537873813,175.63515535975904,175.45915183022797,174.0322108177831,176.34931446772455,81.40050190216715,-73.78440650590332,-32.88687239324211,0.36139950452469294
20251105_002239,kamal,2025-11-05 00:23:39,0,rest,0.0,0.0,0.0,0.045854032039642334,-0.06536823511123657,-0.015969594940543175,0.07894200086593628,-0.13581538200378418,-0.03302136808633804,0.11814439296722412,-0.18607893586158752,-0.04965074360370636,0.15713566541671753,-0.20617744326591492,-0.0681246966123581,0.0009639263153076172,-0.22104200720787048,-0.03887017443776131,0.0012177824974060059,-0.3273768126964569,-0.058278415352106094,-0.002813100814819336,-0.3925161361694336,-0.07132527977228165,-0.009291768074035645,-0.44506657123565674,-0.0807454064488411,-0.04125779867172241,-0.21397525072097778,-0.043780017644166946,-0.06352883577346802,-0.3307899236679077,-0.06008913740515709,-0.08415278792381287,-0.3995298743247986,-0.07157003879547119,-0.1049843430519104,-0.44996917247772217,-0.08066452294588089,-0.07667583227157593,-0.18840435147285461,-0.04854101687669754,-0.1104961633682251,-0.28380611538887024,-0.06351152807474136,-0.1354699730873108,-0.3394075930118561,-0.0770590603351593,-0.15875083208084106,-0.38078516721725464,-0.08677256107330322,-0.10524174571037292,-0.15057262778282166,-0.053860168904066086,-0.1445937156677246,-0.20986652374267578,-0.06849087029695511,-0.17262107133865356,-0.24330341815948486,-0.0764952152967453,-0.19822987914085388,-0.272182822227478,-0.08121803402900696,0.2914196252822876,0.35818788409233093,0.36141371726989746,0.3616805374622345,0.09581811726093292,0.08783262223005295,0.11568889766931534,0.26803308725357056,0.4524272680282593,0.4690423607826233,0.4215787649154663,0.3463740050792694,0.16280797123908997,0.20075614750385284,170.264404296875,167.357666015625,155.18035888671875,179.61293029785156,176.26190185546875,176.36354064941406,176.44747924804688,174.01902770996094,174.32275390625,174.36720275878906,173.8341522216797,174.845703125,175.09104919433594,173.60110473632812,176.23377990722656,0.528746485710144,0.4732166826725006,-0.037009626626968384,81.96627044677734,-73.60445404052734,-33.56499099731445,0.3616805374622345,170.26440766533375,167.3576702902301,155.18035966757537,179.61292860762077,176.26190454986542,176.36353506467378,176.44747244977657,174.01902083480294,174.32274882347338,174.36720152215068,173.83415977724482,174.84569932769017,175.09105081449775,173.6010994488073,176.23378398196755,81.96627094523873,-73.60445023464408,-33.5649913480549,0.3616805438439633
20251105_002239,kamal,2025-11-05 00:23:39,0,rest,0.0,0.0,0.0,0.04607111215591431,-0.06452077627182007,-0.017423328012228012,0.0795699954032898,-0.13289621472358704,-0.035433247685432434,0.11831283569335938,-0.1832166314125061,-0.05291523411870003,0.1581023931503296,-0.20208242535591125,-0.07212721556425095,0.0014832615852355957,-0.21679991483688354,-0.0403217189013958,0.0029370784759521484,-0.3248836398124695,-0.06038296967744827,-0.00018233060836791992,-0.390768826007843,-0.07411220669746399,-0.006264448165893555,-0.444815993309021,-0.08388713002204895,-0.041253626346588135,-0.2105402648448944,-0.04447157308459282,-0.061967670917510986,-0.3268989324569702,-0.060918308794498444,-0.0817575752735138,-0.3964754045009613,-0.07234389334917068,-0.10165274143218994,-0.44844138622283936,-0.08147883415222168,-0.07723858952522278,-0.18657532334327698,-0.04855688661336899,-0.1088094711303711,-0.2828325033187866,-0.0632004588842392,-0.1325560212135315,-0.33846578001976013,-0.07603274285793304,-0.15498289465904236,-0.3796510100364685,-0.0853019505739212,-0.10611075162887573,-0.15095484256744385,-0.05345146730542183,-0.1432580053806305,-0.21205031871795654,-0.06724070757627487,-0.16986781358718872,-0.2456044852733612,-0.07435009628534317,-0.1946192979812622,-0.2734445333480835,-0.0785360112786293,0.29338428378105164,0.35812416672706604,0.360175758600235,0.3599252998828888,0.09548753499984741,0.08712542057037354,0.11356336623430252,0.2665258049964905,0.45270031690597534,0.46698155999183655,0.4188448488712311,0.3446976840496063,0.1623750478029251,0.19818007946014404,170.7641143798828,168.675048828125,153.28265380859375,179.62673950195312,176.36465454101562,176.03402709960938,176.0874786376953,174.18309020996094,174.98062133789062,173.2096405029297,173.84571838378906,174.59677124023438,173.5872344970703,172.8399200439453,175.60906982421875,0.5274257659912109,0.475871741771698,-0.03735966980457306,83.04256439208984,-73.80086517333984,-31.46567726135254,0.360175758600235,170.76411605084812,168.67505353825547,153.28265941473825,179.6267413147059,176.364660890058,176.03403062655758,176.0874799310993,174.1830867704398,174.98061768857335,173.20964171972915,173.84571642233433,174.59676507289313,173.5872393820137,172.83991573904697,175.609072515076,83.04256766058543,-73.80086413103434,-31.465677497575346,0.3601757534186727
20251105_002239,kamal,2025-11-05 00:23:39,0,rest,0.0,0.0,0.0,0.045502424240112305,-0.06175047159194946,-0.019647369161248207,0.07883620262145996,-0.13142353296279907,-0.03732835128903389,0.1180199384689331,-0.1808685064315796,-0.05442444235086441,0.1579660177230835,-0.19796893000602722,-0.07293646782636642,-0.000594794750213623,-0.2200506329536438,-0.0369868278503418,0.003746211528778076,-0.3248661756515503,-0.05677924305200577,0.002159297466278076,-0.3904637098312378,-0.07074528932571411,-0.0027660131454467773,-0.44246965646743774,-0.08060841262340546,-0.043066561222076416,-0.21524906158447266,-0.04063258320093155,-0.06263279914855957,-0.33122843503952026,-0.05658472329378128,-0.08212843537330627,-0.3994053602218628,-0.06771419197320938,-0.10213357210159302,-0.44778114557266235,-0.07604293525218964,-0.07803666591644287,-0.19109171628952026,-0.04496609419584274,-0.10952714085578918,-0.28686222434043884,-0.05929362028837204,-0.1336926519870758,-0.340462327003479,-0.07160656899213791,-0.15622085332870483,-0.37929368019104004,-0.080134816467762,-0.10603031516075134,-0.1529594361782074,-0.05054433271288872,-0.14432701468467712,-0.2095394730567932,-0.06409789621829987,-0.17108720541000366,-0.24267572164535522,-0.07078450918197632,-0.19518089294433594,-0.27103570103645325,-0.07440216094255447,0.2927016317844391,0.36064884066581726,0.3628275990486145,0.36062949895858765,0.09961409121751785,0.08736537396907806,0.11519782245159149,0.26356154680252075,0.4497607946395874,0.4655338227748871,0.417959600687027,0.34218651056289673,0.16595125198364258,0.1997484564781189,169.38543701171875,167.35206604003906,152.0547332763672,177.26268005371094,176.0828857421875,175.83822631835938,176.7471923828125,173.5726776123047,173.56997680664062,174.23486328125,172.95211791992188,174.16183471679688,175.97869873046875,174.71719360351562,176.34494018554688,0.5291837453842163,0.47274211049079895,-0.034625276923179626,82.67278289794922,-74.12609100341797,-32.4695930480957,0.3628275990486145,169.38543840418964,167.35206266606843,152.05473766189397,177.26267909483474,176.08289292305125,175.83822072094247,176.74719301738727,173.572679037477,173.56997419320408,174.23486927585043,172.95211097704905,174.16183397119516,175.9786925714115,174.71719875378915,176.34494518417677,82.6727859170343,-74.12608944131573,-32.46959288513183,0.3628276053363821
20251105_002239,kamal,2025-11-05 00:23:39,0,rest,0.0,0.0,0.0,0.04734790325164795,-0.06467002630233765,-0.01585693098604679,0.08147454261779785,-0.1345215141773224,-0.032000865787267685,0.12014943361282349,-0.1847791075706482,-0.04756654053926468,0.15984106063842773,-0.2034834325313568,-0.06459421664476395,0.0017474889755249023,-0.22198280692100525,-0.035872749984264374,0.0054222941398620605,-0.3290797472000122,-0.053924914449453354,0.0037373900413513184,-0.3943939805030823,-0.06621527671813965,-0.000878751277923584,-0.4455828368663788,-0.07489017397165298,-0.041358232498168945,-0.21581748127937317,-0.03979881480336189,-0.06089925765991211,-0.3333168923854828,-0.054295096546411514,-0.08039146661758423,-0.40231895446777344,-0.0641091987490654,-0.0998571515083313,-0.45117801427841187,-0.07183806598186493,-0.07652795314788818,-0.19191357493400574,-0.04382624477148056,-0.10723289847373962,-0.2891217768192291,-0.0569465234875679,-0.13068589568138123,-0.34444040060043335,-0.06925405561923981,-0.15246683359146118,-0.384551465511322,-0.07814862579107285,-0.10400977730751038,-0.15606734156608582,-0.04854705184698105,-0.14228737354278564,-0.21483057737350464,-0.06220227852463722,-0.16922420263290405,-0.24887418746948242,-0.06988831609487534,-0.19324356317520142,-0.27774757146835327,-0.07430475950241089,0.29077309370040894,0.35895437002182007,0.36125555634498596,0.36094072461128235,0.09918338805437088,0.08512754738330841,0.1143878698348999,0.26669660210609436,0.4518333375453949,0.4676470458507538,0.4209907054901123,0.3464216887950897,0.163445383310318,0.19699040055274963,170.01739501953125,168.55856323242188,153.0735321044922,178.45767211914062,176.4391326904297,176.22598266601562,176.3943328857422,173.66236877441406,174.08351135253906,173.7733154296875,173.1563262939453,174.55178833007812,176.45693969726562,174.7243194580078,176.3881378173828,0.5294914245605469,0.47703826427459717,-0.033608328551054,83.16607666015625,-74.74909973144531,-31.934101104736328,0.36125555634498596,170.017396979864,168.55855761707932,153.07352772994446,178.4576760845561,176.43913153752726,176.22597952962076,176.39433376752825,173.66236514604304,174.0835174154168,173.77331776335373,173.15633190742716,174.5517851746502,176.4569472836455,174.72432685854068,176.3881355112163,83.16607590759486,-74.74910163680404,-31.93410129782366,0.36125554663783244
20251105_002239,kamal,2025-11-05 00:23:39,0,rest,0.0,0.0,0.0,0.047494351863861084,-0.06377220153808594,-0.018157225102186203,0.08097201585769653,-0.13437163829803467,-0.0352725051343441,0.12007647752761841,-0.1840999722480774,-0.05139928683638573,0.15979397296905518,-0.20392382144927979,-0.0689338818192482,0.0030550360679626465,-0.22292324900627136,-0.03965005651116371,0.007252871990203857,-0.3287285566329956,-0.05950910970568657,0.00570303201675415,-0.39556047320365906,-0.07333043962717056,0.0012170076370239258,-0.4492797553539276,-0.08309482038021088,-0.04126518964767456,-0.21834561228752136,-0.04276454076170921,-0.059842705726623535,-0.333767294883728,-0.05828985944390297,-0.07795771956443787,-0.40349799394607544,-0.0686621144413948,-0.09620004892349243,-0.4544863700866699,-0.07689481228590012,-0.0774540901184082,-0.19552543759346008,-0.046021658927202225,-0.10649976134300232,-0.2906627357006073,-0.05964412912726402,-0.12866508960723877,-0.34589582681655884,-0.07145167887210846,-0.14966434240341187,-0.3869441747665405,-0.08008509129285812,-0.10538476705551147,-0.16011062264442444,-0.050306230783462524,-0.14111018180847168,-0.21874481439590454,-0.06394752860069275,-0.16692769527435303,-0.253118097782135,-0.07107880711555481,-0.19039422273635864,-0.28213831782341003,-0.0751432403922081,0.29248371720314026,0.3582986295223236,0.35970160365104675,0.3588702082633972,0.09775291383266449,0.08620066195726395,0.11255048960447311,0.2680875062942505,0.45690101385116577,0.4708769619464874,0.42253854870796204,0.34856635332107544,0.16327878832817078,0.19641654193401337,168.9549102783203,167.38584899902344,154.9022216796875,178.4415283203125,176.3120880126953,176.33387756347656,176.33299255371094,174.59539794921875,174.9117889404297,173.5615234375,174.0875244140625,174.830322265625,176.02191162109375,174.23939514160156,176.20660400390625,0.5289833545684814,0.4786897301673889,-0.035747844725847244,84.3876724243164,-74.8382568359375,-30.08112144470215,0.35970160365104675,168.95490574429283,167.38584810424697,154.90221741535754,178.44153343292612,176.31208513123124,176.33387655686965,176.33299302010747,174.595392056902,174.9117840352857,173.5615223500873,174.08752686198193,174.8303212312464,176.02191196195426,174.23939525484903,176.20660545200576,84.38767072516727,-74.83825305275646,-30.081120640412816,0.3597016098855613
20251105_002239,kamal,2025-11-05 00:23:39,0,rest,0.0,0.0,0.0,0.047007858753204346,-0.0642632246017456,-0.017684565857052803,0.08162862062454224,-0.13432371616363525,-0.03529918193817139,0.1217423677444458,-0.18334028124809265,-0.05220319330692291,0.16041845083236694,-0.20145714282989502,-0.0706670954823494,0.0013561844825744629,-0.22092890739440918,-0.03937424346804619,0.006018400192260742,-0.32655903697013855,-0.05934050679206848,0.0047873854637146,-0.3933165371417999,-0.07309121638536453,0.0010451078414916992,-0.4465690553188324,-0.08274981379508972,-0.041770994663238525,-0.21580252051353455,-0.043073855340480804,-0.06009596586227417,-0.33160722255706787,-0.05892115458846092,-0.07742035388946533,-0.40178805589675903,-0.06971843540668488,-0.09498131275177002,-0.45294055342674255,-0.07815609872341156,-0.07702893018722534,-0.19282382726669312,-0.04684724286198616,-0.10693690180778503,-0.2873157858848572,-0.0604831725358963,-0.12911400198936462,-0.34288424253463745,-0.07246346026659012,-0.149580717086792,-0.3843148350715637,-0.08118841052055359,-0.10458016395568848,-0.15759125351905823,-0.051617298275232315,-0.1406797170639038,-0.2146146595478058,-0.0647759735584259,-0.16615432500839233,-0.24950605630874634,-0.07165361940860748,-0.18874460458755493,-0.27941539883613586,-0.07559757679700851,0.29261869192123413,0.35850945115089417,0.36006543040275574,0.3577941358089447,0.0963471382856369,0.08774838596582413,0.11211136728525162,0.2670447528362274,0.45417237281799316,0.4693452715873718,0.4203139841556549,0.34556111693382263,0.16299130022525787,0.19725385308265686,170.3489227294922,167.18214416503906,154.43389892578125,177.7806854248047,176.35972595214844,176.77894592285156,176.09632873535156,175.10861206054688,174.96311950683594,173.59791564941406,174.5899200439453,175.5060272216797,175.6009063720703,175.76568603515625,176.8238525390625,0.5301125049591064,0.4782412350177765,-0.036181848496198654,83.40757751464844,-74.80681610107422,-30.874530792236328,0.36006543040275574,170.34892512927706,167.1821497526228,154.43390074122135,177.7806917234027,176.35973171831336,176.77894299778836,176.09632252717753,175.10861180083737,174.96311951220792,173.5979136713926,174.58992525948725,175.50602979442522,175.6009065546112,175.76568835480137,176.82385346637756,83.40757762615686,-74.80681714523114,-30.87453001669386,0.360065435431746
20251105_002239,kamal,2025-11-05 00:23:39,0,rest,0.0,0.0,0.0,0.04831463098526001,-0.0641559362411499,-0.017512498423457146,0.08231031894683838,-0.13393443822860718,-0.03565496206283569,0.12136304378509521,-0.18521273136138916,-0.05296337231993675,0.16117209196090698,-0.20359325408935547,-0.07196192443370819,0.004723727703094482,-0.22232961654663086,-0.04126892611384392,0.008518874645233154,-0.32901081442832947,-0.06138311326503754,0.007371842861175537,-0.3954938054084778,-0.0752597376704216,0.003464221954345703,-0.4485686719417572,-0.08500836789608002,-0.039839982986450195,-0.21604737639427185,-0.04494123533368111,-0.05789816379547119,-0.3323765695095062,-0.06099025532603264,-0.07555446028709412,-0.4024604856967926,-0.07199818640947342,-0.09359708428382874,-0.4532415270805359,-0.08066234737634659,-0.07587370276451111,-0.19167470932006836,-0.04840546101331711,-0.1051073968410492,-0.28752052783966064,-0.06214682012796402,-0.12744051218032837,-0.3432256579399109,-0.07422250509262085,-0.14827215671539307,-0.38410237431526184,-0.0830201655626297,-0.1034819483757019,-0.155246764421463,-0.052734024822711945,-0.13768908381462097,-0.216476708650589,-0.06573325395584106,-0.16261127591133118,-0.25210076570510864,-0.07240677624940872,-0.1851394772529602,-0.2819162607192993,-0.0761886015534401,0.29164180159568787,0.35680145025253296,0.3584153652191162,0.355083167552948,0.09727086126804352,0.08817677199840546,0.10884793102741241,0.2694534659385681,0.4565657377243042,0.4697815477848053,0.42001381516456604,0.34577175974845886,0.1648750603199005,0.19429968297481537,169.22975158691406,168.865966796875,152.38783264160156,179.17828369140625,176.82870483398438,176.53843688964844,175.8782501220703,174.66212463378906,174.6243133544922,172.93141174316406,174.006591796875,174.91213989257812,173.14047241210938,174.02650451660156,176.39097595214844,0.5296671986579895,0.47918662428855896,-0.03746924176812172,83.95170593261719,-74.75103759765625,-31.79712677001953,0.3584153652191162,169.22974806397414,168.8659693955691,152.38782736691098,179.1782876988262,176.8287053702072,176.53844161858322,175.87825109824036,174.66212817387404,174.62430840920365,172.9314131925091,174.00658830687777,174.9121452786837,173.14047695940613,174.02650761956787,176.39098261749294,83.95170404330183,-74.7510364453816,-31.797127492490343,0.3584153599114244
20251105_002239,kamal,2025-11-05 00:23:39,0,rest,0.0,0.0,0.0,0.047210514545440674,-0.06553846597671509,-0.015836093574762344,0.08180880546569824,-0.1349172294139862,-0.033241741359233856,0.1214638352394104,-0.184376060962677,-0.050008926540613174,0.16062968969345093,-0.20305413007736206,-0.06865939497947693,0.005626559257507324,-0.22164875268936157,-0.040550075471401215,0.009448468685150146,-0.3285786509513855,-0.06021168455481529,0.007432818412780762,-0.39438486099243164,-0.07363663613796234,0.002535581588745117,-0.4471743106842041,-0.08311507850885391,-0.038580119609832764,-0.21540459990501404,-0.04491496831178665,-0.058710336685180664,-0.33217525482177734,-0.06034130975604057,-0.07773727178573608,-0.4010876417160034,-0.07097696512937546,-0.09674358367919922,-0.45088765025138855,-0.07949509471654892,-0.07485783100128174,-0.19046702980995178,-0.04886147752404213,-0.1061943769454956,-0.28609365224838257,-0.061837974935770035,-0.12843608856201172,-0.3417215347290039,-0.07321680337190628,-0.14851385354995728,-0.38258612155914307,-0.08169370889663696,-0.10330507159233093,-0.15318822860717773,-0.0535317063331604,-0.13827598094940186,-0.21516984701156616,-0.06599336117506027,-0.16279375553131104,-0.25142213702201843,-0.07208139449357986,-0.18429172039031982,-0.2822525203227997,-0.07545822113752365,0.2911998927593231,0.3574630916118622,0.35773083567619324,0.35396242141723633,0.09941451251506805,0.08573268353939056,0.10670411586761475,0.26785627007484436,0.4548399746417999,0.46795135736465454,0.41845235228538513,0.3454328775405884,0.1642850637435913,0.190049409866333,170.80320739746094,167.93905639648438,154.2565155029297,179.41464233398438,176.10556030273438,176.25062561035156,175.80252075195312,174.30384826660156,174.57395935058594,173.10252380371094,175.04139709472656,175.6970977783203,172.3522491455078,174.9951629638672,177.09783935546875,0.5297184586524963,0.4769674241542816,-0.03757096827030182,83.2039794921875,-74.4796142578125,-32.14822769165039,0.35773083567619324,170.80320761238605,167.9390580186168,154.25651411401157,179.4146447871237,176.10556658389754,176.25063275882144,175.80251687857742,174.30384232057168,174.5739645149526,173.10251921488904,175.04140308583487,175.69710431886963,172.35225052041065,174.99516853007376,177.0978464724378,83.2039822500438,-74.47961570668387,-32.14822792327861,0.35773084803214045
20251105_002239,kamal,2025-11-05 00:23:39,0,rest,0.0,0.0,0.0,0.04646742343902588,-0.06515800952911377,-0.016068657860159874,0.08183419704437256,-0.13207095861434937,-0.03417034447193146,0.1217656135559082,-0.18167147040367126,-0.05176596716046333,0.16188353300094604,-0.20036408305168152,-0.07118035852909088,0.0068520307540893555,-0.21534740924835205,-0.039709437638521194,0.009704530239105225,-0.3228822946548462,-0.05878950282931328,0.007156312465667725,-0.3890976905822754,-0.07177175581455231,0.0018572211265563965,-0.4428129196166992,-0.08095596730709076,-0.036953866481781006,-0.21031752228736877,-0.044069573283195496,-0.057663917541503906,-0.3287070393562317,-0.05878835543990135,-0.0765557587146759,-0.39829427003860474,-0.06893274188041687,-0.09499278664588928,-0.4485895037651062,-0.07710039615631104,-0.07325077056884766,-0.18638688325881958,-0.04804485663771629,-0.10464885830879211,-0.2829383313655853,-0.06052922457456589,-0.1272110939025879,-0.33889496326446533,-0.0713905319571495,-0.14741823077201843,-0.37969571352005005,-0.07950533181428909,-0.10255181789398193,-0.1500530242919922,-0.05278531089425087,-0.13729089498519897,-0.2129599153995514,-0.06435270607471466,-0.1617705523967743,-0.24893024563789368,-0.06956302374601364,-0.1834104061126709,-0.2796149253845215,-0.0724019855260849,0.29066377878189087,0.3572623133659363,0.3576264977455139,0.35427403450012207,0.0970987007021904,0.08660581707954407,0.10659294575452805,0.26724275946617126,0.45015621185302734,0.4649738073348999,0.4149964451789856,0.3421489894390106,0.16207729279994965,0.1907672882080078,172.2534637451172,169.1855010986328,154.0428009033203,179.5129852294922,176.198486328125,176.3358917236328,175.32095336914062,174.6787567138672,175.06475830078125,172.6891632080078,174.9579620361328,175.67955017089844,171.17660522460938,174.23764038085938,177.320068359375,0.5272518992424011,0.4754166901111603,-0.036921143531799316,83.18437957763672,-74.74468994140625,-30.82958984375,0.3576264977455139,172.25346892291816,169.18549497010517,154.04279958006595,179.5129796256278,176.1984799507638,176.3358858674984,175.3209533028116,174.6787617303289,175.0647513669904,172.68916229150273,174.9579612841299,175.6795546393191,171.17661101711477,174.23763495614125,177.3200703025523,83.18437776415102,-74.74469130123538,-30.829589594603267,0.35762650152807557
20251105_002239,kamal,2025-11-05 00:23:39,0,rest,0.0,0.0,0.0,0.04822486639022827,-0.0635979175567627,-0.014995940029621124,0.083332359790802,-0.12963056564331055,-0.032163191586732864,0.12171041965484619,-0.17945247888565063,-0.048961274325847626,0.16058319807052612,-0.19867157936096191,-0.06759481877088547,0.008776187896728516,-0.21339869499206543,-0.03870731592178345,0.010483205318450928,-0.3218526840209961,-0.05701359361410141,0.007520914077758789,-0.38767164945602417,-0.06901760399341583,0.001752018928527832,-0.44036543369293213,-0.07741213589906693,-0.03502452373504639,-0.20834213495254517,-0.043080225586891174,-0.05501478910446167,-0.3268886208534241,-0.05750901997089386,-0.07429873943328857,-0.3959103226661682,-0.06746696680784225,-0.09326857328414917,-0.44481778144836426,-0.07536373287439346,-0.07181471586227417,-0.18459057807922363,-0.0469084195792675,-0.10384777188301086,-0.2805004119873047,-0.058959074318408966,-0.12673693895339966,-0.3359180688858032,-0.06974233686923981,-0.14688920974731445,-0.3756607472896576,-0.07777919620275497,-0.1017116904258728,-0.14862078428268433,-0.051337193697690964,-0.13569462299346924,-0.21194800734519958,-0.06255720555782318,-0.16011840105056763,-0.2472345530986786,-0.06759641319513321,-0.18171662092208862,-0.2766686677932739,-0.07022710889577866,0.2893780469894409,0.35367926955223083,0.3549199402332306,0.35108351707458496,0.09514689445495605,0.0875425636768341,0.1052112877368927,0.2642468810081482,0.4471212923526764,0.460696816444397,0.41078832745552063,0.3383760154247284,0.16211430728435516,0.19006198644638062,170.7335662841797,170.45751953125,154.04258728027344,178.40963745117188,176.4932861328125,176.14541625976562,175.31832885742188,173.91758728027344,174.42942810058594,172.91856384277344,174.8045196533203,175.62403869628906,170.7393798828125,173.2305145263672,176.9806365966797,0.5246840119361877,0.4723779559135437,-0.03600594401359558,83.47882080078125,-74.91317749023438,-30.382658004760742,0.3549199402332306,170.73356624562052,170.45752715111564,154.04258531146056,178.40963208321105,176.4932917353262,176.1454177553092,175.3183233903581,173.91759168946174,174.42943319273436,172.91856512601112,174.804524577471,175.62403172129478,170.7393790884953,173.23051636108698,176.98064194203212,83.4788199089708,-74.91317761848053,-30.382658773174633,0.354919946857129
20251105_002239,kamal,2025-11-05 00:23:39,1,grasp,0.0,0.0,0.0,-0.04785561561584473,-0.058184415102005005,0.004401199985295534,-0.10135751962661743,-0.12574917078018188,-0.007940798997879028,-0.15442073345184326,-0.1623925268650055,-0.02091566100716591,-0.2028135061264038,-0.16646620631217957,-0.03885487839579582,-0.07348847389221191,-0.210496187210083,-0.059590429067611694,-0.18253839015960693,-0.22351405024528503,-0.08918755501508713,-0.25139403343200684,-0.19012212753295898,-0.10248509049415588,-0.2948058843612671,-0.14900091290473938,-0.10896831005811691,-0.0664246678352356,-0.1858026385307312,-0.07752486318349838,-0.1888408660888672,-0.2015693485736847,-0.10364075750112534,-0.25919657945632935,-0.16295191645622253,-0.11217367649078369,-0.30057841539382935,-0.11556732654571533,-0.11969254910945892,-0.07110220193862915,-0.13909414410591125,-0.09202631562948227,-0.19189733266830444,-0.1583874523639679,-0.11695118248462677,-0.2584689259529114,-0.12045589089393616,-0.12187910825014114,-0.2919636368751526,-0.08104297518730164,-0.12582634389400482,-0.08457815647125244,-0.07749274373054504,-0.10411544144153595,-0.17547601461410522,-0.09619259834289551,-0.133274644613266,-0.23218244314193726,-0.08036726713180542,-0.14066292345523834,-0.2646074891090393,-0.057014673948287964,-0.14349135756492615,0.11697661131620407,0.1366872489452362,0.15102618932724,0.16354487836360931,0.035582806915044785,0.03610773757100105,0.04046938195824623,0.2652433216571808,0.34783023595809937,0.34355422854423523,0.3280899226665497,0.3063618242740631,0.07007534056901932,0.07272347807884216,168.45799255371094,162.9441375732422,150.02415466308594,118.48153686523438,147.70028686523438,162.2172393798828,119.29129028320312,143.89459228515625,160.0076141357422,126.82461547851562,140.8447265625,160.07115173339844,143.88168334960938,151.53419494628906,159.69265747070312,0.5801836252212524,0.38409870862960815,-0.06665187329053879,13.985883712768555,-19.656930923461914,-85.2337646484375,0.16354487836360931,168.45799213087284,162.94413472089636,150.02414891196287,118.48153393672744,147.7002923339522,162.21724528506303,119.2912913967397,143.89459843262918,160.00762176284798,126.82461693335291,140.84472943388732,160.07114564294156,143.8816847823508,151.53419605275215,159.69266397403277,13.98588382447272,-19.65693021652924,-85.23376436361931,0.16354488014663326
20251105_002239,kamal,2025-11-05 00:23:39,1,grasp,0.0,0.0,0.0,-0.09158170223236084,-0.02908182144165039,-0.0013211144832894206,-0.1462932527065277,-0.093390554189682,-0.012959523126482964,-0.1863144040107727,-0.13554906845092773,-0.026007914915680885,-0.22134175896644592,-0.15885496139526367,-0.03989852964878082,-0.08443713188171387,-0.25543177127838135,-0.03325479477643967,-0.19651269912719727,-0.24917897582054138,-0.06063353642821312,-0.25499600172042847,-0.19497251510620117,-0.07842758297920227,-0.2834738492965698,-0.1401059925556183,-0.08825751394033432,-0.07304811477661133,-0.23495575785636902,-0.048542819917201996,-0.19546395540237427,-0.23880654573440552,-0.07264551520347595,-0.2540021240711212,-0.18317553400993347,-0.08249213546514511,-0.2821875214576721,-0.12565892934799194,-0.08921351283788681,-0.0742221474647522,-0.1861860752105713,-0.06365462392568588,-0.19576206803321838,-0.2005174160003662,-0.08706872165203094,-0.2513526976108551,-0.15113669633865356,-0.08981641381978989,-0.27760717272758484,-0.10487431287765503,-0.0906299278140068,-0.0863046646118164,-0.11348283290863037,-0.07810255885124207,-0.18542367219924927,-0.12006962299346924,-0.10217107087373734,-0.23074081540107727,-0.08980169892311096,-0.10475964099168777,-0.25402429699897766,-0.05787593126296997,-0.10326934605836868,0.08093523234128952,0.0850655660033226,0.09302355349063873,0.12361542135477066,0.014535687863826752,0.02133040316402912,0.05408100038766861,0.27535244822502136,0.3282933235168457,0.32152608036994934,0.310287207365036,0.28025439381599426,0.03579549491405487,0.0747346505522728,147.3485565185547,174.29965209960938,166.40554809570312,106.27364349365234,141.43084716796875,160.2932891845703,110.6049575805664,135.06700134277344,159.75645446777344,120.19664001464844,131.25180053710938,161.15582275390625,132.29544067382812,141.34498596191406,159.26670837402344,0.5509929060935974,0.3543408215045929,-0.044711511582136154,2.3845102787017822,-23.005552291870117,-89.2462387084961,0.12361542135477066,147.348560860842,174.29964701206438,166.4055481194901,106.27364048383068,141.43084980086496,160.2932896688024,110.60495849388323,135.06700517190333,159.75644749272627,120.19664086070965,131.25179495123498,161.15582877651713,132.2954433092909,141.34499346483798,159.26671105984073,2.3845103496601148,-23.005553050166707,-89.24623861899316,0.1236154245679893
20251105_002239,kamal,2025-11-05 00:23:39,1,grasp,0.0,0.0,0.0,-0.11403197050094604,-0.019176095724105835,0.009365474805235863,-0.17864352464675903,-0.07231903076171875,-0.001300905249081552,-0.2260514497756958,-0.1026143729686737,-0.016283893957734108,-0.26433882117271423,-0.11972486972808838,-0.03342675790190697,-0.11465054750442505,-0.2605811357498169,-0.025642842054367065,-0.23358258605003357,-0.24692893028259277,-0.05010826513171196,-0.2872242331504822,-0.18092960119247437,-0.06772665679454803,-0.3092261552810669,-0.12371909618377686,-0.07813060283660889,-0.10048782825469971,-0.24565082788467407,-0.04536096006631851,-0.23512515425682068,-0.2406269907951355,-0.06321728229522705,-0.2882623076438904,-0.17209121584892273,-0.06838078051805496,-0.3073798418045044,-0.1085711419582367,-0.07301214337348938,-0.09758931398391724,-0.19690603017807007,-0.06405862420797348,-0.2270803153514862,-0.20317021012306213,-0.0805644616484642,-0.27966487407684326,-0.14351040124893188,-0.07738865166902542,-0.30015549063682556,-0.08917182683944702,-0.07582283765077591,-0.10887569189071655,-0.1223900318145752,-0.08178696036338806,-0.21126124262809753,-0.11398351192474365,-0.1009087786078453,-0.2575416564941406,-0.0801590085029602,-0.1010841503739357,-0.2802271246910095,-0.046130597591400146,-0.09844649583101273,0.06347645074129105,0.05953098088502884,0.06335415691137314,0.09947925060987473,0.016095589846372604,0.02089077979326248,0.05255013704299927,0.29210683703422546,0.34209883213043213,0.33406710624694824,0.32217082381248474,0.3005777597427368,0.03579268977046013,0.07268423587083817,147.88597106933594,169.81788635253906,169.118896484375,107.84950256347656,136.60763549804688,162.1283721923828,110.98482513427734,130.00787353515625,158.99923706054688,119.93327331542969,127.85537719726562,159.2664031982422,127.6341323852539,147.0438690185547,159.4971466064453,0.5372883081436157,0.340577632188797,-0.043370556086301804,-5.872661113739014,-18.9654541015625,-92.39293670654297,0.09947925060987473,147.8859765662916,169.81788299021508,169.11890080777346,107.8495007035068,136.60763729375395,162.1283659744633,110.98482688123143,130.00786735052236,158.9992388024635,119.93327507690695,127.85538039629049,159.26639779895694,127.634128660649,147.0438750708939,159.49714770171747,-5.872660895034102,-18.965453765122124,-92.39293547283374,0.0994792486700277
20251105_002239,kamal,2025-11-05 00:23:39,1,grasp,0.0,0.0,0.0,-0.11226189136505127,-0.020304322242736816,0.006254943553358316,-0.17537438869476318,-0.07843959331512451,-0.00562191940844059,-0.222140371799469,-0.12044888734817505,-0.020341791212558746,-0.2609931528568268,-0.14108213782310486,-0.03707307577133179,-0.12611857056617737,-0.26606041193008423,-0.030018530786037445,-0.2431480884552002,-0.2476126253604889,-0.056474000215530396,-0.29620885848999023,-0.1807655394077301,-0.07442905008792877,-0.3132973313331604,-0.1264488399028778,-0.08467251807451248,-0.11308938264846802,-0.25043004751205444,-0.047576047480106354,-0.24520093202590942,-0.24375677108764648,-0.07058291137218475,-0.2965548634529114,-0.16861754655838013,-0.07842975109815598,-0.31089621782302856,-0.10559067130088806,-0.08374147117137909,-0.11143219470977783,-0.201622873544693,-0.06405775994062424,-0.23642581701278687,-0.20114120841026306,-0.08343233168125153,-0.28725963830947876,-0.13522112369537354,-0.08452830463647842,-0.3045097291469574,-0.0840347409248352,-0.08563365042209625,-0.12175542116165161,-0.12701523303985596,-0.0793990045785904,-0.2232062816619873,-0.10998398065567017,-0.09724071621894836,-0.2617398500442505,-0.07122036814689636,-0.09885143488645554,-0.27700018882751465,-0.041504234075546265,-0.09814129024744034,0.0722188875079155,0.07699285447597504,0.08663848787546158,0.11790382117033005,0.021016551181674004,0.02256159856915474,0.05217336490750313,0.2989916503429413,0.3483015298843384,0.3388487696647644,0.32729366421699524,0.2967885136604309,0.043325528502464294,0.07391459494829178,145.85491943359375,174.65504455566406,164.6281280517578,107.23566436767578,138.406494140625,159.3473358154297,112.5582275390625,127.49932861328125,158.54393005371094,119.89130401611328,127.4760971069336,160.98484802246094,125.15926361083984,143.65069580078125,162.1169891357422,0.522464394569397,0.33558517694473267,-0.044210974127054214,-5.04941463470459,-18.156641006469727,-91.79731750488281,0.11790382117033005,145.85491657438263,174.6550467895582,164.6281257702192,107.23566183767824,138.40649358719088,159.3473289217353,112.55823007514219,127.499332382789,158.5439237211195,119.89130030856859,127.47609554342291,160.98485323579655,125.15926696812342,143.65069904018137,162.11698523087026,-5.049414831710209,-18.156640829610744,-91.79731499754521,0.11790382262513205
20251105_002239,kamal,2025-11-05 00:23:39,1,grasp,0.0,0.0,0.0,-0.09288221597671509,-0.039511263370513916,0.017100566998124123,-0.15480798482894897,-0.09607359766960144,0.007628751918673515,-0.20545315742492676,-0.130741685628891,-0.007224552799016237,-0.24793469905853271,-0.1401931643486023,-0.02496841549873352,-0.12788966298103333,-0.2562113404273987,-0.023758962750434875,-0.24552667140960693,-0.23788002133369446,-0.04981705918908119,-0.2935839891433716,-0.17121145129203796,-0.06706232577562332,-0.3085213899612427,-0.11659437417984009,-0.07657412439584732,-0.1173371970653534,-0.23983430862426758,-0.047173451632261276,-0.250149667263031,-0.2313210368156433,-0.06645230948925018,-0.29663997888565063,-0.15894347429275513,-0.07226493209600449,-0.3099184036254883,-0.09629178047180176,-0.07728566229343414,-0.11466959118843079,-0.19054266810417175,-0.06853178888559341,-0.24423924088478088,-0.19473481178283691,-0.08508654683828354,-0.2893490195274353,-0.13040101528167725,-0.08354946970939636,-0.30294084548950195,-0.07826700806617737,-0.08377619087696075,-0.12219089269638062,-0.11693623661994934,-0.08777481317520142,-0.226497083902359,-0.10371547937393188,-0.10653889924287796,-0.2631457448005676,-0.06664144992828369,-0.10706686973571777,-0.27762022614479065,-0.037397533655166626,-0.1053614616394043,0.08301083743572235,0.0922301784157753,0.1015818864107132,0.13383278250694275,0.020363036543130875,0.020388862118124962,0.052700772881507874,0.28591808676719666,0.338590145111084,0.3336084485054016,0.3239094614982605,0.299286812543869,0.039395421743392944,0.07280079275369644,154.89833068847656,169.3466339111328,157.54248046875,108.25016021728516,135.7015838623047,159.73876953125,113.350830078125,126.53839111328125,159.2988739013672,123.51188659667969,122.70709991455078,159.53048706054688,129.14126586914062,140.9285888671875,161.32615661621094,0.5151311159133911,0.3308120369911194,-0.045448534190654755,-5.087131023406982,-16.77638053894043,-92.34308624267578,0.13383278250694275,154.8983344228094,169.34663243650112,157.54248407379717,108.2501630734152,135.70157728787947,159.7387656503014,113.35083245938503,126.53839330523593,159.29887087027183,123.51188452019588,122.7070986360523,159.53049178390606,129.14126567914937,140.9285834903381,161.32615156366276,-5.087131170683356,-16.77637962550432,-92.34308463464893,0.13383278512873303
20251105_002239,kamal,2025-11-05 00:23:39,1,grasp,0.0,0.0,0.0,-0.08377104997634888,-0.047028034925460815,0.018257196992635727,-0.14574411511421204,-0.10188162326812744,0.010023447684943676,-0.19538360834121704,-0.13903766870498657,-0.003343658521771431,-0.23609763383865356,-0.15142717957496643,-0.019215796142816544,-0.12806487083435059,-0.2458251416683197,-0.027775250375270844,-0.24098113179206848,-0.23068496584892273,-0.05336494743824005,-0.2889806628227234,-0.16735625267028809,-0.06775462627410889,-0.30501675605773926,-0.11546593904495239,-0.07483605295419693,-0.11814418435096741,-0.2256234884262085,-0.050811123102903366,-0.2459791898727417,-0.219797283411026,-0.07095854729413986,-0.2926846742630005,-0.14854484796524048,-0.07412031292915344,-0.30471378564834595,-0.08775791525840759,-0.07676249742507935,-0.11432462930679321,-0.17630323767662048,-0.0714472308754921,-0.23531347513198853,-0.17801007628440857,-0.08697701245546341,-0.2815370559692383,-0.11616432666778564,-0.08404023945331573,-0.29450711607933044,-0.06529030203819275,-0.08320901542901993,-0.1177954375743866,-0.1070399284362793,-0.08995137363672256,-0.21547812223434448,-0.10007384419441223,-0.10546959191560745,-0.254305899143219,-0.0661342442035675,-0.10481271892786026,-0.2703329026699066,-0.037752121686935425,-0.1027626246213913,0.09558591991662979,0.10987981408834457,0.1221734881401062,0.14516936242580414,0.0277765654027462,0.025505436584353447,0.041534174233675,0.2811432480812073,0.3346162438392639,0.32625821232795715,0.3129233121871948,0.29165947437286377,0.05194375291466713,0.0660199299454689,159.55654907226562,172.02796936035156,159.21499633789062,110.60942077636719,135.68548583984375,160.05282592773438,116.12137603759766,125.72994232177734,157.9645233154297,124.26119995117188,125.2588119506836,157.50083923339844,132.1156463623047,141.8065643310547,160.4143524169922,0.509497344493866,0.3313140571117401,-0.04799772799015045,-9.378690719604492,-15.603758811950684,-94.23189544677734,0.14516936242580414,159.55655392947733,172.02797039224853,159.21499155007024,110.60941883394352,135.68548347204782,160.05282680297114,116.12137903446926,125.72993855703957,157.96452200622537,124.26120362152935,125.25881171733421,157.50083560325047,132.11564249146582,141.8065688815093,160.41434525398975,-9.378690639486884,-15.603758636756092,-94.23189726461226,0.14516936434438016
20251105_002239,kamal,2025-11-05 00:23:39,1,grasp,0.0,0.0,0.0,-0.08328205347061157,-0.042799919843673706,0.019228484481573105,-0.14378076791763306,-0.09712773561477661,0.01132021564990282,-0.19037607312202454,-0.1332935392856598,-0.0021875929087400436,-0.2294347882270813,-0.14058232307434082,-0.018894020467996597,-0.12867754697799683,-0.23823778331279755,-0.025258200243115425,-0.242356538772583,-0.22167208790779114,-0.05163680389523506,-0.2883398234844208,-0.15423721075057983,-0.06799338757991791,-0.2983880937099457,-0.09807217121124268,-0.07661290466785431,-0.11790215969085693,-0.21899327635765076,-0.049090851098299026,-0.24661216139793396,-0.20938831567764282,-0.06899194419384003,-0.29219210147857666,-0.13666844367980957,-0.07405441254377365,-0.30125299096107483,-0.07441893219947815,-0.07861097157001495,-0.1128615140914917,-0.1695672571659088,-0.0706254318356514,-0.23662278056144714,-0.16857761144638062,-0.08729235082864761,-0.2808692455291748,-0.1046576201915741,-0.08641037344932556,-0.2907666563987732,-0.05239129066467285,-0.08725844323635101,-0.11435770988464355,-0.09947624802589417,-0.08978763967752457,-0.21451574563980103,-0.08438247442245483,-0.10707724094390869,-0.24943417310714722,-0.04664090275764465,-0.10716050863265991,-0.26068317890167236,-0.01591166853904724,-0.10586158186197281,0.09946426749229431,0.11446205526590347,0.12733007967472076,0.15518566966056824,0.023909738287329674,0.025883564725518227,0.05081195756793022,0.26974189281463623,0.32330039143562317,0.3201112747192383,0.30806514620780945,0.28180769085884094,0.04752006754279137,0.0762338861823082,157.43849182128906,171.61331176757812,152.29901123046875,110.73332977294922,133.67637634277344,156.0678253173828,115.1090316772461,126.42041778564453,156.24240112304688,123.79965209960938,124.68153381347656,155.9810791015625,129.4611358642578,140.35903930664062,157.21368408203125,0.5101543068885803,0.32840678095817566,-0.046953171491622925,-12.51185131072998,-13.443024635314941,-95.89192199707031,0.15518566966056824,157.43848675289624,171.61331749056396,152.29901405047178,110.7333277511921,133.67638237853959,156.06782464297976,115.10902896351132,126.42041506090627,156.2424036591037,123.79964909974501,124.68153640671035,155.9810739756192,129.46113121103295,140.35904047974552,157.21368415805597,-12.511851613577068,-13.443025053303584,-95.8919214451685,0.15518566543603635
20251105_002239,kamal,2025-11-05 00:23:39,1,grasp,0.0,0.0,0.0,-0.08081907033920288,-0.04755890369415283,0.021961307153105736,-0.14262396097183228,-0.0983971655368805,0.015807142481207848,-0.1914025843143463,-0.12880122661590576,0.0030409141909331083,-0.23324960470199585,-0.13173192739486694,-0.012714813463389874,-0.1366918683052063,-0.24148748815059662,-0.013873898424208164,-0.24922388792037964,-0.20805060863494873,-0.03885671868920326,-0.29163867235183716,-0.14060813188552856,-0.055452946573495865,-0.3016524910926819,-0.08900988101959229,-0.06445038318634033,-0.12646570801734924,-0.22476495802402496,-0.03920726850628853,-0.2539669871330261,-0.20005804300308228,-0.05689268931746483,-0.2937137484550476,-0.1280187964439392,-0.06165166199207306,-0.3025486469268799,-0.06816577911376953,-0.06555745750665665,-0.12043291330337524,-0.17659524083137512,-0.062633216381073,-0.2456788420677185,-0.1615695357322693,-0.07846789807081223,-0.2844100892543793,-0.09920668601989746,-0.07524097710847855,-0.2944098711013794,-0.05094465613365173,-0.07371698319911957,-0.12058967351913452,-0.10477659106254578,-0.08369162678718567,-0.22243595123291016,-0.0779995322227478,-0.10101079940795898,-0.2544098496437073,-0.04326677322387695,-0.09949442744255066,-0.26541274785995483,-0.018211275339126587,-0.09596625715494156,0.09581595659255981,0.10786731541156769,0.11827267706394196,0.14440293610095978,0.020892709493637085,0.020721597597002983,0.049064625054597855,0.26817968487739563,0.32104647159576416,0.3169858753681183,0.307744562625885,0.2828163802623749,0.03984076902270317,0.06927642226219177,160.29620361328125,168.9998016357422,152.08822631835938,103.26959991455078,139.63845825195312,159.09251403808594,109.2356948852539,129.9189910888672,159.54470825195312,118.29293060302734,127.88574981689453,159.86355590820312,124.58658599853516,145.6186065673828,160.357421875,0.509088933467865,0.324430376291275,-0.03988197073340416,-12.98714542388916,-12.418085098266602,-96.7175064086914,0.14440293610095978,160.29619630952587,168.9997998018673,152.08822653816486,103.26959664804677,139.6384515532097,159.09251301093613,109.23569629010166,129.91898568169094,159.54470736397724,118.29293096575029,127.88575316700803,159.8635616647691,124.58658428460707,145.6186141429271,160.35742620899236,-12.987145656554928,-12.41808482974723,-96.71750854248657,0.1444029389851593
20251105_002239,kamal,2025-11-05 00:23:39,1,grasp,0.0,0.0,0.0,-0.07093065977096558,-0.05595266819000244,0.024525800719857216,-0.13311180472373962,-0.10847193002700806,0.020564550533890724,-0.18370816111564636,-0.13925018906593323,0.00974277500063181,-0.22727489471435547,-0.13502168655395508,-0.004758923780173063,-0.13956749439239502,-0.2295561581850052,-0.016512032598257065,-0.25139370560646057,-0.19652342796325684,-0.04228610917925835,-0.29420948028564453,-0.1294696033000946,-0.058099646121263504,-0.3056322932243347,-0.0794316828250885,-0.06632561981678009,-0.13025012612342834,-0.21233342587947845,-0.04253533482551575,-0.25675374269485474,-0.18491491675376892,-0.060624055564403534,-0.29277944564819336,-0.11169204115867615,-0.06373719125986099,-0.2978724539279938,-0.053667426109313965,-0.06666535139083862,-0.12328764796257019,-0.16258880496025085,-0.06628631055355072,-0.24616700410842896,-0.14434388279914856,-0.08305135369300842,-0.2820127010345459,-0.08073368668556213,-0.0794459730386734,-0.29018884897232056,-0.033877044916152954,-0.0776406079530716,-0.12097516655921936,-0.09016638994216919,-0.08719389885663986,-0.21858111023902893,-0.06940415501594543,-0.10414944589138031,-0.2501639127731323,-0.03475385904312134,-0.1023297980427742,-0.26199179887771606,-0.009137064218521118,-0.09913966804742813,0.11410779505968094,0.12423741817474365,0.13964290916919708,0.16112084686756134,0.026909615844488144,0.023898812010884285,0.04323597997426987,0.26440003514289856,0.3226756453514099,0.30992332100868225,0.30230000615119934,0.280271053314209,0.04941410571336746,0.0657643973827362,161.92547607421875,168.3869171142578,143.48519897460938,105.24171447753906,139.9102325439453,160.49649047851562,110.23710632324219,128.34214782714844,158.82861328125,119.62577819824219,126.92118835449219,160.50372314453125,130.32374572753906,142.56857299804688,161.98695373535156,0.5135557055473328,0.3224317729473114,-0.04250629246234894,-14.737374305725098,-9.971806526184082,-97.59748077392578,0.16112084686756134,161.92547579346896,168.3869159248914,143.48520164170196,105.2417138876412,139.91023083596662,160.49648910207068,110.2371096713228,128.34214753544043,158.8286176911105,119.62577880712124,126.92118684655857,160.5037273020002,130.32374371266494,142.56856935947528,161.9869507511126,-14.737374130040834,-9.971806641485506,-97.59748027617488,0.1611208429228485
20251105_002239,kamal,2025-11-05 00:23:39,1,grasp,0.0,0.0,0.0,-0.06898343563079834,-0.05979582667350769,0.012660125270485878,-0.1356860101222992,-0.11013615131378174,0.005469199735671282,-0.1933007836341858,-0.13359206914901733,-0.006726814899593592,-0.23838692903518677,-0.13171589374542236,-0.02116968110203743,-0.14861387014389038,-0.23764920234680176,-0.0156906358897686,-0.2562945485115051,-0.19024202227592468,-0.042427174746990204,-0.29706692695617676,-0.12476560473442078,-0.06037241220474243,-0.3084084391593933,-0.07649320363998413,-0.07017184048891068,-0.14038914442062378,-0.21560075879096985,-0.03642354533076286,-0.2605486512184143,-0.17490831017494202,-0.05716731771826744,-0.29501181840896606,-0.10502088069915771,-0.06432313472032547,-0.30250638723373413,-0.0480952262878418,-0.06903800368309021,-0.13124457001686096,-0.16470620036125183,-0.05648808181285858,-0.24905118346214294,-0.1325555443763733,-0.07581951469182968,-0.28456905484199524,-0.07008415460586548,-0.07520665228366852,-0.2949100732803345,-0.023531585931777954,-0.07407914102077484,-0.12447047233581543,-0.09296980500221252,-0.07501152157783508,-0.2197994589805603,-0.06343585252761841,-0.09422243386507034,-0.2507610321044922,-0.028267711400985718,-0.09462732076644897,-0.26342320442199707,-0.001817166805267334,-0.091895192861557,0.10175347328186035,0.1157371923327446,0.13303428888320923,0.15000863373279572,0.029026968404650688,0.026200944557785988,0.04219420254230499,0.27317678928375244,0.32540905475616455,0.31398966908454895,0.304980993270874,0.27899786829948425,0.05479421466588974,0.06474260985851288,166.6154327392578,164.02247619628906,155.35008239746094,98.75593566894531,146.5703125,161.63299560546875,105.36637878417969,135.16668701171875,161.3141632080078,114.6838150024414,134.07896423339844,162.88430786132812,127.03706359863281,147.09063720703125,163.2018280029297,0.5103014707565308,0.3258466124534607,-0.03672345355153084,-22.146156311035156,-8.810941696166992,-99.47394561767578,0.15000863373279572,166.6154255605014,164.02247116615501,155.35008216348976,98.75593650794842,146.57031268487006,161.63299540752183,105.36637632656596,135.16669173872916,161.31416045636908,114.68381497396933,134.0789621520304,162.8843123002732,127.03706043755032,147.0906431939347,163.20183030536103,-22.146156141326284,-8.810941508354505,-99.47394444619243,0.1500086391932711
20251105_002239,kamal,2025-11-05 00:23:39,1,grasp,0.0,0.0,0.0,-0.07422018051147461,-0.0576246976852417,0.02374044805765152,-0.1416776180267334,-0.10518473386764526,0.01860855333507061,-0.19746315479278564,-0.12725785374641418,0.00648172153159976,-0.24181309342384338,-0.1218906044960022,-0.009260373190045357,-0.1561015248298645,-0.2272370159626007,-0.01598259247839451,-0.2633141279220581,-0.17438241839408875,-0.04274462163448334,-0.30615538358688354,-0.10547885298728943,-0.058587364852428436,-0.32135847210884094,-0.055360883474349976,-0.06649277359247208,-0.14056789875030518,-0.20661896467208862,-0.042841389775276184,-0.26461878418922424,-0.15762141346931458,-0.06265489757061005,-0.3018706738948822,-0.08302775025367737,-0.06551817059516907,-0.3117988109588623,-0.024073392152786255,-0.06735258549451828,-0.1266959011554718,-0.15522998571395874,-0.06777264922857285,-0.24901023507118225,-0.11647164821624756,-0.08619622141122818,-0.2873554229736328,-0.05034253001213074,-0.0810224786400795,-0.3000323176383972,-0.0013659298419952393,-0.07692394405603409,-0.11733919382095337,-0.08248654007911682,-0.09007218480110168,-0.21645194292068481,-0.044642478227615356,-0.1081244945526123,-0.25009679794311523,-0.007081329822540283,-0.10541408509016037,-0.2646191716194153,0.020170480012893677,-0.10038697719573975,0.1184450015425682,0.1335698813199997,0.1499801129102707,0.1703100949525833,0.032726649194955826,0.027307327836751938,0.047627951949834824,0.27095505595207214,0.33280232548713684,0.31989747285842896,0.30973950028419495,0.28373879194259644,0.058983635157346725,0.07262719422578812,162.07058715820312,164.3997039794922,151.44638061523438,98.76278686523438,148.7710723876953,165.0211639404297,103.81295776367188,137.7937469482422,163.0294189453125,113.03564453125,136.11495971679688,164.42898559570312,123.77985382080078,150.01483154296875,164.96376037597656,0.515491783618927,0.32378119230270386,-0.04333451762795448,-27.617748260498047,-4.3157854080200195,-104.99134063720703,0.1703100949525833,162.07058060080132,164.39970812049148,151.44637908719582,98.76278697718172,148.77106956476476,165.02117139012557,103.81295557063656,137.79374909037185,163.02941943275744,113.03564342893132,136.11495615437326,164.4289808129909,123.77985658801377,150.01483843275966,164.9637546193346,-27.61774826855837,-4.315785629010911,-104.99134189278416,0.17031009040017808
20251105_002239,kamal,2025-11-05 00:23:39,1,grasp,0.0,0.0,0.0,-0.07667046785354614,-0.05571877956390381,0.0233638733625412,-0.14762043952941895,-0.09871602058410645,0.01925511285662651,-0.2060738205909729,-0.1152394711971283,0.008039562031626701,-0.2511722445487976,-0.10710152983665466,-0.006552909966558218,-0.16521742939949036,-0.22672180831432343,-0.015263942070305347,-0.27123668789863586,-0.17252829670906067,-0.042461056262254715,-0.31133031845092773,-0.10119175910949707,-0.05762152001261711,-0.32238757610321045,-0.04988875985145569,-0.06504987180233002,-0.1473245918750763,-0.20678460597991943,-0.04311056062579155,-0.27149227261543274,-0.1499176323413849,-0.06495878100395203,-0.3034655451774597,-0.07219958305358887,-0.06862209737300873,-0.3072246313095093,-0.0145987868309021,-0.07019033282995224,-0.12979140877723694,-0.15521982312202454,-0.06930883973836899,-0.2536982297897339,-0.10577553510665894,-0.09096060693264008,-0.28758764266967773,-0.035658180713653564,-0.08640554547309875,-0.29503417015075684,0.011309772729873657,-0.08146078139543533,-0.11514699459075928,-0.08194249868392944,-0.09274213016033173,-0.2182823121547699,-0.04111224412918091,-0.11430790275335312,-0.25054189562797546,-0.0023374557495117188,-0.11225546151399612,-0.260666161775589,0.022794067859649658,-0.10662474483251572,0.1084749698638916,0.1254924237728119,0.14682061970233917,0.16424790024757385,0.03875204920768738,0.03077147714793682,0.04411659762263298,0.2731321454048157,0.3326471447944641,0.315478652715683,0.3062824308872223,0.2825513184070587,0.06901294738054276,0.06995271891355515,162.65350341796875,162.890380859375,153.79026794433594,99.46810150146484,147.04498291015625,162.8782196044922,102.11534118652344,136.71946716308594,161.35980224609375,110.04542541503906,135.8679656982422,163.0710906982422,123.4538803100586,148.54237365722656,159.98809814453125,0.5119694471359253,0.3257294297218323,-0.04408586397767067,-32.87264633178711,-2.6523115634918213,-109.0774154663086,0.16424790024757385,162.65350619909003,162.8903736703329,153.79027077051478,99.46810342585644,147.04498167272303,162.87822170323966,102.11534073296464,136.71946133557623,161.35979687672364,110.04542836889631,135.86796901440087,163.0710920846787,123.4538834404663,148.54236838192023,159.98809268315662,-32.87264683035929,-2.6523115641595028,-109.07741741730739,0.164247899608586
20251105_002239,kamal,2025-11-05 00:23:39,1,grasp,0.0,0.0,0.0,-0.08856159448623657,-0.03408578038215637,0.011895385570824146,-0.1594485640525818,-0.07123225927352905,0.0020984262228012085,-0.21431156992912292,-0.08625707030296326,-0.013258355669677258,-0.25624170899391174,-0.08314695954322815,-0.031209472566843033,-0.1738646924495697,-0.2217499315738678,-0.02246115915477276,-0.2772037386894226,-0.15949878096580505,-0.053682874888181686,-0.3086242079734802,-0.0841681957244873,-0.0744723528623581,-0.3140932321548462,-0.03243407607078552,-0.08636961132287979,-0.1555023193359375,-0.2032659649848938,-0.045889899134635925,-0.27495628595352173,-0.14214560389518738,-0.07032781094312668,-0.3035263419151306,-0.06293836236000061,-0.07939251512289047,-0.30597570538520813,-0.004934936761856079,-0.08611889183521271,-0.13442498445510864,-0.15390104055404663,-0.06888255476951599,-0.25536948442459106,-0.10578349232673645,-0.09495376795530319,-0.28814372420310974,-0.033569008111953735,-0.09542173892259598,-0.2943299114704132,0.016417652368545532,-0.09422706067562103,-0.11650961637496948,-0.08128747344017029,-0.0899919867515564,-0.21768459677696228,-0.038850605487823486,-0.11609621345996857,-0.2526766061782837,0.003981232643127441,-0.11799512058496475,-0.2666192650794983,0.03319856524467468,-0.11560002714395523,0.09466380625963211,0.10772944986820221,0.12383472919464111,0.14410322904586792,0.028673328459262848,0.025637861341238022,0.0388108566403389,0.2711959779262543,0.3273625373840332,0.31790241599082947,0.30948081612586975,0.292491614818573,0.053280577063560486,0.06222724914550781,164.41493225097656,165.42352294921875,159.8862762451172,97.93693542480469,144.88302612304688,163.8004150390625,101.83502960205078,137.20303344726562,162.68603515625,111.83802795410156,135.05081176757812,162.5626678466797,124.29940795898438,150.04603576660156,164.9382781982422,0.5129936337471008,0.3274901509284973,-0.04544588178396225,-40.3418083190918,-0.8894628882408142,-112.21167755126953,0.14410322904586792,164.41492684554072,165.4235248139663,159.88627843957534,97.93693354530417,144.8830216203051,163.800409387094,101.83502854368575,137.20303454730592,162.68602963939173,111.83802499111943,135.05080508862378,162.56267291146278,124.29941046567004,150.04603156650944,164.93828008314108,-40.34180865632218,-0.8894628874732504,-112.21168081927094,0.14410322756945887
20251105_002239,kamal,2025-11-05 00:23:39,1,grasp,0.0,0.0,0.0,-0.09106296300888062,-0.030646026134490967,0.012358625419437885,-0.16101324558258057,-0.06688302755355835,0.0030088627245277166,-0.21385625004768372,-0.08403468132019043,-0.011673219501972198,-0.25520116090774536,-0.08294683694839478,-0.029448652639985085,-0.1731673777103424,-0.21742308139801025,-0.025427620857954025,-0.27587729692459106,-0.14797759056091309,-0.054764486849308014,-0.3076300024986267,-0.07144671678543091,-0.07339153438806534,-0.3126351833343506,-0.02042478322982788,-0.08375123888254166,-0.15127450227737427,-0.19857481122016907,-0.04793452098965645,-0.2705727517604828,-0.12907081842422485,-0.072748564183712,-0.2991771101951599,-0.047686368227005005,-0.08217845112085342,-0.3020693063735962,0.01036447286605835,-0.08898540586233139,-0.12880036234855652,-0.1499607264995575,-0.06930827349424362,-0.24773839116096497,-0.09090018272399902,-0.09445205330848694,-0.2820418179035187,-0.017934352159500122,-0.09632907807826996,-0.2894853949546814,0.03152191638946533,-0.09630265086889267,-0.11098986864089966,-0.0799342691898346,-0.08858367055654526,-0.2115403711795807,-0.03598839044570923,-0.11278308928012848,-0.2480551302433014,0.005739122629165649,-0.11546144634485245,-0.2633376121520996,0.032523930072784424,-0.11406417191028595,0.10077919065952301,0.12020086497068405,0.1369231939315796,0.14338579773902893,0.032969873398542404,0.025681400671601295,0.0316256582736969,0.26995375752449036,0.32430264353752136,0.3150741159915924,0.3067077100276947,0.28881677985191345,0.05824010819196701,0.05118720605969429,163.4002227783203,167.76358032226562,159.758056640625,95.5396499633789,147.47035217285156,163.39816284179688,98.76632690429688,139.83657836914062,163.58668518066406,106.84678649902344,140.7140350341797,163.32518005371094,122.32238006591797,153.24383544921875,167.3333740234375,0.5111138820648193,0.3290327787399292,-0.046251580119132996,-44.55267333984375,1.885104775428772,-114.33423614501953,0.14338579773902893,163.4002176349095,167.7635742059228,159.7580568789105,95.53964910784902,147.47035261309645,163.39815698578624,98.7663295775918,139.8365709625951,163.58668164119922,106.84678381291877,140.71403854665803,163.3251737864809,122.3223801660519,153.2438334102531,167.33336987247196,-44.55267404358854,1.8851047973148947,-114.33423598535677,0.1433857919957871
20251105_002239,kamal,2025-11-05 00:23:39,1,grasp,0.0,0.0,0.0,-0.09243792295455933,-0.02199488878250122,0.013399757444858551,-0.16357845067977905,-0.05611985921859741,0.004915432073175907,-0.21539953351020813,-0.0734160840511322,-0.008838869631290436,-0.2573414444923401,-0.07225823402404785,-0.025632482022047043,-0.17431163787841797,-0.20980951189994812,-0.024266373366117477,-0.27594584226608276,-0.14204943180084229,-0.05371874198317528,-0.30528104305267334,-0.06380698084831238,-0.07253605872392654,-0.30811864137649536,-0.01384761929512024,-0.08312905579805374,-0.15284347534179688,-0.1918279230594635,-0.047463130205869675,-0.27184346318244934,-0.1253538727760315,-0.0723365917801857,-0.2991061806678772,-0.04284033179283142,-0.08063356578350067,-0.3001057207584381,0.013244390487670898,-0.08631868660449982,-0.13088560104370117,-0.1430736482143402,-0.06966445595026016,-0.24985486268997192,-0.08592572808265686,-0.09514672309160233,-0.2827455997467041,-0.012401938438415527,-0.09559076279401779,-0.289248526096344,0.03495907783508301,-0.0943058431148529,-0.1129881739616394,-0.07171189785003662,-0.0896497517824173,-0.2136210799217224,-0.025127321481704712,-0.1134285181760788,-0.24782374501228333,0.01803836226463318,-0.11448880285024643,-0.26100584864616394,0.044275909662246704,-0.11185476183891296,0.09641566127538681,0.11323558539152145,0.13126173615455627,0.1450100541114807,0.02843163162469864,0.02555779740214348,0.03453138843178749,0.2685198187828064,0.31943589448928833,0.31255364418029785,0.3062359094619751,0.28739503026008606,0.05350790172815323,0.05607001110911369,161.29981994628906,169.34088134765625,159.47532653808594,97.0344467163086,145.1976776123047,163.08389282226562,101.02103424072266,137.62518310546875,162.81768798828125,109.33525085449219,138.6359405517578,163.61306762695312,123.79560852050781,151.2666473388672,166.7421875,0.5117897391319275,0.3265604078769684,-0.04620949923992157,-43.16476821899414,2.4286229610443115,-113.94403839111328,0.1450100541114807,161.29982386405044,169.34088587728255,159.4753273723288,97.03444958194045,145.19768407164923,163.08389253024455,101.0210310446477,137.62518277966905,162.81768319732726,109.33525280947784,138.63594400705503,163.61307499174066,123.79560778272847,151.26664257224212,166.74219093819298,-43.16476709380473,2.4286230537101936,-113.9440359440863,0.14501005606688613
20251105_002239,kamal,2025-11-05 00:23:39,1,grasp,0.0,0.0,0.0,-0.09261596202850342,-0.02727586030960083,0.012863066047430038,-0.16333743929862976,-0.0606820285320282,0.004177601542323828,-0.21580207347869873,-0.07677820324897766,-0.009756473824381828,-0.2593308985233307,-0.07683032751083374,-0.026349026709794998,-0.17984849214553833,-0.20797282457351685,-0.02432648278772831,-0.27889180183410645,-0.13956430554389954,-0.05277790129184723,-0.3081437945365906,-0.06457456946372986,-0.07013444602489471,-0.31119897961616516,-0.014655619859695435,-0.07956812530755997,-0.15739279985427856,-0.1911402940750122,-0.04720227047801018,-0.27290600538253784,-0.12069916725158691,-0.07045914977788925,-0.29883426427841187,-0.040641188621520996,-0.077701136469841,-0.29944807291030884,0.015264838933944702,-0.08267704397439957,-0.133310467004776,-0.14445677399635315,-0.0691189169883728,-0.24854618310928345,-0.0833723247051239,-0.09326101094484329,-0.2810352146625519,-0.011078476905822754,-0.09283176064491272,-0.28806835412979126,0.03752845525741577,-0.09113303571939468,-0.1124652624130249,-0.07495760917663574,-0.08900769799947739,-0.2096799910068512,-0.025638818740844727,-0.11290060728788376,-0.24489101767539978,0.016948968172073364,-0.1140383929014206,-0.2596655488014221,0.04409635066986084,-0.11118601262569427,0.0968930572271347,0.11516837030649185,0.13453899323940277,0.14771826565265656,0.03229524940252304,0.026394514366984367,0.035383306443691254,0.2717529833316803,0.32154420018196106,0.31102678179740906,0.304461807012558,0.2858898639678955,0.05824045464396477,0.05680375546216965,163.49937438964844,168.68634033203125,162.51925659179688,97.19794464111328,146.785888671875,162.4855194091797,99.6736068725586,139.3921356201172,162.7491455078125,107.2738037109375,140.82191467285156,163.95050048828125,121.22811889648438,154.14453125,167.2349853515625,0.5110533237457275,0.3261098265647888,-0.04593181982636452,-46.172096252441406,2.8131415843963623,-116.8659896850586,0.14771826565265656,163.49937485521346,168.6863380266502,162.51926288328733,97.19794822665521,146.78589315883855,162.4855229768165,99.67360869331071,139.39213012292828,162.74915044845312,107.27380545101668,140.82191064126064,163.9504957699695,121.2281175071491,154.1445301583436,167.23498066052372,-46.17209807830054,2.8131415124070283,-116.86599222682842,0.1477182701966077
20251105_002239,kamal,2025-11-05 00:23:39,1,grasp,0.0,0.0,0.0,-0.07827401161193848,-0.05277758836746216,0.021583519876003265,-0.14761671423912048,-0.09238317608833313,0.01619483157992363,-0.20406511425971985,-0.10979726910591125,0.004196834284812212,-0.24801883101463318,-0.10223940014839172,-0.011668581515550613,-0.1711561679840088,-0.20732173323631287,-0.022349081933498383,-0.27280643582344055,-0.1408170759677887,-0.04886840656399727,-0.30663836002349854,-0.06637319922447205,-0.06329210102558136,-0.3137608766555786,-0.01698729395866394,-0.07090658694505692,-0.15159115195274353,-0.1879120171070099,-0.048766810446977615,-0.27093371748924255,-0.11801624298095703,-0.06970328837633133,-0.2974942624568939,-0.0379711389541626,-0.07376138865947723,-0.2976272702217102,0.01866835355758667,-0.07733584940433502,-0.13015693426132202,-0.1385498344898224,-0.07312361150979996,-0.24825292825698853,-0.07582029700279236,-0.09372220933437347,-0.2790191173553467,-0.00420418381690979,-0.09141287207603455,-0.2846599817276001,0.043789029121398926,-0.08998299390077591,-0.11077404022216797,-0.069769948720932,-0.09472565352916718,-0.20711907744407654,-0.02283298969268799,-0.11609228700399399,-0.24187403917312622,0.018089354038238525,-0.11697075515985489,-0.25755709409713745,0.04536038637161255,-0.115169957280159,0.1228783130645752,0.146259605884552,0.16970570385456085,0.1805248260498047,0.039660483598709106,0.03097013384103775,0.03703267127275467,0.2685188949108124,0.32212141156196594,0.3080768287181854,0.30173784494400024,0.28575748205184937,0.07003237307071686,0.06123318895697594,162.735595703125,165.38967895507812,152.8864288330078,97.19829559326172,148.18128967285156,163.92881774902344,99.99182891845703,138.52867126464844,161.78602600097656,107.28093719482422,139.9666290283203,163.46243286132812,122.24554443359375,154.31256103515625,168.74716186523438,0.5136992931365967,0.3239365518093109,-0.04779381304979324,-39.83747482299805,3.4740474224090576,-113.70038604736328,0.1805248260498047,162.7355896176499,165.38968177588742,152.8864303948252,97.19829449518579,148.18129193792151,163.9288104449222,99.99182997920477,138.52866630801682,161.7860327808276,107.28094057590603,139.96662364939442,163.46243254053806,122.24554123934415,154.31255986804132,168.74715534202434,-39.837473697735234,3.474047507265832,-113.70038935003114,0.18052481940535184
20251105_002239,kamal,2025-11-05 00:23:39,1,grasp,0.0,0.0,0.0,-0.07138848304748535,-0.05308517813682556,0.01555399876087904,-0.14000266790390015,-0.09558525681495667,0.008298680186271667,-0.19614341855049133,-0.11086905002593994,-0.004489450249820948,-0.24001312255859375,-0.10403585433959961,-0.02072911523282528,-0.16183412075042725,-0.21466469764709473,-0.024663615971803665,-0.2627298831939697,-0.14933407306671143,-0.054235074669122696,-0.2990415394306183,-0.07618948817253113,-0.0716158077120781,-0.30927884578704834,-0.025747448205947876,-0.08097497373819351,-0.14327016472816467,-0.19251060485839844,-0.048846688121557236,-0.2615460455417633,-0.12917008996009827,-0.07286618649959564,-0.29152917861938477,-0.049465835094451904,-0.07917550951242447,-0.29524490237236023,0.007682621479034424,-0.08377208560705185,-0.12307554483413696,-0.14126387238502502,-0.07183106988668442,-0.23980841040611267,-0.0896185040473938,-0.09611513465642929,-0.2745993733406067,-0.01821070909500122,-0.09568742662668228,-0.2836155295372009,0.030660569667816162,-0.09451884776353836,-0.10547226667404175,-0.07132691144943237,-0.09249227494001389,-0.20070931315422058,-0.031098276376724243,-0.11582673341035843,-0.23648017644882202,0.010613441467285156,-0.11731928586959839,-0.2528301477432251,0.039466291666030884,-0.11560292541980743,0.12064981460571289,0.13966383039951324,0.159653440117836,0.17250560224056244,0.03636405989527702,0.027905577793717384,0.03833821415901184,0.26241084933280945,0.32073864340782166,0.3069956600666046,0.3005189597606659,0.2807930111885071,0.06343427300453186,0.06182568520307541,164.18646240234375,162.1211395263672,155.66551208496094,95.20838165283203,150.0664520263672,165.2559814453125,100.2243881225586,138.7183380126953,163.15155029296875,109.76246643066406,138.57159423828125,164.44387817382812,124.02786254882812,151.49127197265625,168.04039001464844,0.5185300707817078,0.3206203877925873,-0.04756748676300049,-39.724700927734375,1.433986783027649,-111.46524810791016,0.17250560224056244,164.186467609526,162.1211405105743,155.66551786943214,95.20837785743623,150.06644638958775,165.25597765994908,100.22439017533196,138.71833068207906,163.15155469646757,109.76246579034273,138.57160074006663,164.44387991254595,124.02785879351022,151.4912728484032,168.0403910780487,-39.724700650896374,1.4339868405052754,-111.46524912185224,0.17250560065004492
20251105_002239,kamal,2025-11-05 00:23:39,1,grasp,0.0,0.0,0.0,-0.08334207534790039,-0.03793230652809143,0.014452487230300903,-0.15021741390228271,-0.07744055986404419,0.006022136192768812,-0.20096641778945923,-0.09799635410308838,-0.007722859270870686,-0.2416384220123291,-0.09850150346755981,-0.024591105058789253,-0.1580689251422882,-0.20825016498565674,-0.02498626336455345,-0.26014211773872375,-0.15112042427062988,-0.05597815662622452,-0.29884958267211914,-0.07979238033294678,-0.07469271123409271,-0.3081486225128174,-0.030203789472579956,-0.08448591083288193,-0.1368379294872284,-0.18862321972846985,-0.04841410368680954,-0.2568182349205017,-0.13238143920898438,-0.07305564731359482,-0.2911887466907501,-0.05336669087409973,-0.08002988249063492,-0.2977256774902344,0.0023155808448791504,-0.08470204472541809,-0.11669164896011353,-0.14063912630081177,-0.07084324210882187,-0.23574978113174438,-0.08845257759094238,-0.09507416933774948,-0.27309650182724,-0.017286717891693115,-0.09463459253311157,-0.2832857370376587,0.029780209064483643,-0.09314704686403275,-0.1007433533668518,-0.07305267453193665,-0.09112663567066193,-0.19877004623413086,-0.02723252773284912,-0.11304067820310593,-0.23345911502838135,0.014207988977432251,-0.11342541873455048,-0.24824872612953186,0.040303438901901245,-0.1107805147767067,0.11258584260940552,0.1300891637802124,0.1512964367866516,0.16352102160453796,0.03414958342909813,0.032157979905605316,0.04061120003461838,0.2620999813079834,0.32094502449035645,0.30954867601394653,0.299689918756485,0.27481651306152344,0.06550769507884979,0.06761015206575394,163.6623077392578,168.48316955566406,158.08984375,99.07295989990234,148.64111328125,162.41302490234375,102.60848236083984,138.59747314453125,163.2434539794922,108.60856628417969,140.0704345703125,164.45993041992188,120.04229736328125,152.8172607421875,168.27989196777344,0.5272234678268433,0.3173951506614685,-0.04707478731870651,-40.91632080078125,0.42860543727874756,-112.97760009765625,0.16352102160453796,163.66230190741106,168.48316655381436,158.08984600072299,99.07296112807713,148.64111213841431,162.41301766998325,102.60847934338074,138.5974742527487,163.24345929337963,108.6085635801002,140.07044127296436,164.45992924251038,120.04229451132338,152.81726815460115,168.27989197650018,-40.9163190724178,0.42860545174887826,-112.9776035959111,0.16352101643310235
20251105_002239,kamal,2025-11-05 00:23:39,1,grasp,0.0,0.0,0.0,-0.09870284795761108,-0.014776349067687988,0.0054445574060082436,-0.1678469479084015,-0.05660402774810791,-0.004565735813230276,-0.21681872010231018,-0.08360183238983154,-0.01838417537510395,-0.25360485911369324,-0.09707549214363098,-0.03411689028143883,-0.16131368279457092,-0.2192763239145279,-0.024012869223952293,-0.2608416676521301,-0.15942639112472534,-0.05595289543271065,-0.2989751100540161,-0.08617374300956726,-0.07722951471805573,-0.306904137134552,-0.03303343057632446,-0.08860673755407333,-0.13831239938735962,-0.2011670172214508,-0.043220825493335724,-0.2554716169834137,-0.14516744017601013,-0.07039272040128708,-0.28971391916275024,-0.06302112340927124,-0.08059713244438171,-0.2955384850502014,-0.0039334893226623535,-0.08647526800632477,-0.11690449714660645,-0.15429499745368958,-0.0627414658665657,-0.23481842875480652,-0.10028496384620667,-0.08970154821872711,-0.27291709184646606,-0.02445930242538452,-0.09130266308784485,-0.2833627164363861,0.02500435709953308,-0.08997298777103424,-0.09959477186203003,-0.08474057912826538,-0.08102262765169144,-0.19926103949546814,-0.03904247283935547,-0.10386111587285995,-0.23454871773719788,0.006528764963150024,-0.10469365119934082,-0.2487558126449585,0.03602701425552368,-0.10182664543390274,0.09955572336912155,0.11478354036808014,0.13750971853733063,0.14941352605819702,0.03131338208913803,0.03158927708864212,0.03820531442761421,0.27368420362472534,0.3211424946784973,0.307955265045166,0.2983534634113312,0.2711937725543976,0.06264542788267136,0.06341233849525452,155.19923400878906,172.81517028808594,168.45855712890625,96.45149993896484,149.5928497314453,161.32781982421875,100.71216583251953,138.41529846191406,163.07492065429688,105.36530303955078,140.14451599121094,165.02320861816406,117.30815887451172,150.49476623535156,166.63780212402344,0.5291234254837036,0.31595921516418457,-0.04220028594136238,-47.271339416503906,-0.7318545579910278,-114.64351654052734,0.14941352605819702,155.1992301063827,172.81517361543132,168.4585551011025,96.4515023418052,149.59284923057587,161.32781520208206,100.71216243040928,138.4152966148398,163.07491844344196,105.36530598376032,140.14451744291762,165.02320283476735,117.30816225014479,150.49475920004264,166.63779586828056,-47.27133791531581,-0.7318545759463314,-114.64351461351319,0.14941352652513284
20251105_002239,kamal,2025-11-05 00:23:39,1,grasp,0.0,0.0,0.0,-0.09199696779251099,-0.022560030221939087,0.0076117198914289474,-0.15915212035179138,-0.06562307476997375,-0.0020134008955210447,-0.20892447233200073,-0.0924745500087738,-0.015130945481359959,-0.24714043736457825,-0.09940782189369202,-0.030471181496977806,-0.15454602241516113,-0.21782712638378143,-0.028109438717365265,-0.2565937638282776,-0.15903550386428833,-0.059243567287921906,-0.296042799949646,-0.08618152141571045,-0.07900962233543396,-0.306132435798645,-0.032358765602111816,-0.0893058255314827,-0.13502651453018188,-0.1996406763792038,-0.04704313725233078,-0.2544887065887451,-0.1466486155986786,-0.07394558936357498,-0.2894699275493622,-0.06479960680007935,-0.08272752165794373,-0.29513126611709595,-0.0031334757804870605,-0.08763118088245392,-0.11768251657485962,-0.15170472860336304,-0.06542818248271942,-0.2353394627571106,-0.10247039794921875,-0.09106220304965973,-0.27495312690734863,-0.02916717529296875,-0.09252244234085083,-0.28605136275291443,0.021275371313095093,-0.09133119136095047,-0.10517758131027222,-0.08165961503982544,-0.08225079625844955,-0.2010842263698578,-0.04097723960876465,-0.10371339321136475,-0.23688459396362305,0.0023438632488250732,-0.10505000501871109,-0.2526947855949402,0.032784461975097656,-0.10280036926269531,0.10694459825754166,0.121815986931324,0.14065004885196686,0.15078847110271454,0.03127215430140495,0.026304496452212334,0.037103403359651566,0.2681208848953247,0.32053032517433167,0.30788230895996094,0.30103057622909546,0.2747678756713867,0.0573059543967247,0.05762861669063568,157.927490234375,172.4967498779297,160.80039978027344,96.74044036865234,149.32936096191406,162.3603973388672,102.008056640625,137.1719207763672,162.14097595214844,107.77153015136719,140.0192413330078,163.85401916503906,120.82479858398438,150.89866638183594,166.84750366210938,0.5333489775657654,0.3156774938106537,-0.0445670522749424,-42.35991668701172,-0.5831385254859924,-109.92845153808594,0.15078847110271454,157.92749252685448,172.49674419509503,160.8004053516512,96.74044416916597,149.32936564435806,162.36039882510275,102.00805466993694,137.17192434602887,162.1409716033741,107.7715320704386,140.0192430117481,163.85401347028596,120.82479577043662,150.89865895987865,166.84750206832487,-42.359915101912996,-0.5831385549266728,-109.92845067757675,0.15078846985248465
20251105_002239,kamal,2025-11-05 00:23:39,1,grasp,0.0,0.0,0.0,-0.09829384088516235,-0.017861634492874146,0.006667052861303091,-0.16345271468162537,-0.05903208255767822,-0.004344778135418892,-0.2113809585571289,-0.08632412552833557,-0.018383929505944252,-0.2502335011959076,-0.09482395648956299,-0.03420915827155113,-0.14838749170303345,-0.22085317969322205,-0.03431157395243645,-0.25218355655670166,-0.16765347123146057,-0.06500183045864105,-0.29062679409980774,-0.09215518832206726,-0.08227957040071487,-0.2964208424091339,-0.037421077489852905,-0.0909334048628807,-0.12710076570510864,-0.20216765999794006,-0.053559184074401855,-0.2502092719078064,-0.15806123614311218,-0.08055852353572845,-0.2857937514781952,-0.07496273517608643,-0.0869438499212265,-0.28933587670326233,-0.01343575119972229,-0.09010825306177139,-0.1087530255317688,-0.1534212827682495,-0.07197195291519165,-0.22738108038902283,-0.11103564500808716,-0.09728536009788513,-0.26781174540519714,-0.03693324327468872,-0.09662516415119171,-0.27827709913253784,0.013569772243499756,-0.0943056270480156,-0.09574675559997559,-0.08290663361549377,-0.0888729989528656,-0.19202464818954468,-0.048020631074905396,-0.11014101654291153,-0.22828993201255798,-0.003686368465423584,-0.11007233709096909,-0.24334725737571716,0.02803903818130493,-0.10702624917030334,0.09298387914896011,0.10619672387838364,0.12707175314426422,0.1429862380027771,0.025023458525538445,0.029482414945960045,0.039890699088573456,0.2697751820087433,0.312305212020874,0.30334019660949707,0.2941357493400574,0.26731759309768677,0.05422761291265488,0.0641975849866867,155.02471923828125,173.3318328857422,161.95468139648438,98.3626480102539,144.94862365722656,159.2340850830078,104.48938751220703,132.77809143066406,160.1203155517578,108.5247802734375,136.90333557128906,162.96371459960938,120.51239013671875,147.22218322753906,165.28814697265625,0.5406926274299622,0.31770193576812744,-0.04974386468529701,-43.973567962646484,-2.538614511489868,-110.88697814941406,0.1429862380027771,155.0247146018104,173.3318403950342,161.9546787748798,98.36264644184764,144.94862347076662,159.23407783998974,104.48938519528696,132.77809171000732,160.1203112059644,108.52477889899463,136.90332917971807,162.9637156433321,120.51238785388175,147.2221777030042,165.28815348641965,-43.97356872434262,-2.53861444053278,-110.88697514613258,0.14298623898963833
20251105_002239,kamal,2025-11-05 00:23:39,1,grasp,0.0,0.0,0.0,-0.10068553686141968,-0.006363898515701294,0.004357864614576101,-0.16310393810272217,-0.04549449682235718,-0.007961131632328033,-0.20927241444587708,-0.0700952410697937,-0.02310747466981411,-0.24722284078598022,-0.08066341280937195,-0.039744988083839417,-0.13921284675598145,-0.2274652123451233,-0.030955538153648376,-0.24140679836273193,-0.18302059173583984,-0.060550808906555176,-0.2815658450126648,-0.11128535866737366,-0.0796452984213829,-0.2903934717178345,-0.05726897716522217,-0.08998700231313705,-0.120475172996521,-0.21264398097991943,-0.04854617267847061,-0.24029216170310974,-0.1801636815071106,-0.07521920651197433,-0.2793497145175934,-0.10173913836479187,-0.08495114743709564,-0.28702598810195923,-0.040618062019348145,-0.09071197360754013,-0.10566145181655884,-0.16688969731330872,-0.06555110961198807,-0.21875375509262085,-0.13281917572021484,-0.08943740278482437,-0.2620227634906769,-0.06388130784034729,-0.092360720038414,-0.2769363820552826,-0.013828277587890625,-0.09316354244947433,-0.0978206992149353,-0.09775429964065552,-0.08137291669845581,-0.18690526485443115,-0.06572684645652771,-0.10010149329900742,-0.22304031252861023,-0.022673994302749634,-0.10141175240278244,-0.24024993181228638,0.010399401187896729,-0.10028146952390671,0.07025142759084702,0.07606282830238342,0.09057246893644333,0.10957062989473343,0.017003485932946205,0.028731565922498703,0.04453696310520172,0.26306915283203125,0.3093634843826294,0.3037472665309906,0.29251396656036377,0.26054662466049194,0.045588135719299316,0.0698738619685173,149.21847534179688,172.27183532714844,166.44131469726562,99.35746002197266,143.8438720703125,160.3302459716797,106.19268035888672,131.9796905517578,160.7594757080078,108.19074249267578,138.16136169433594,164.4380645751953,117.3233413696289,148.42738342285156,167.11268615722656,0.5458261966705322,0.31539955735206604,-0.045285847038030624,-39.38563919067383,-7.68479585647583,-107.69844055175781,0.10957062989473343,149.21847247342401,172.27183922467833,166.44131193029978,99.35745735454084,143.84387498767876,160.33024432913822,106.19268333687464,131.97969048980315,160.7594775760447,108.19074570293635,138.16136527622496,164.4380640718401,117.32334446176641,148.4273882246512,167.1126902876644,-39.38564068005842,-7.684796023777813,-107.69844207312818,0.10957063081775237
20251105_002239,kamal,2025-11-05 00:23:39,1,grasp,0.0,0.0,0.0,-0.1047249436378479,-0.021066874265670776,0.003295660251751542,-0.16255709528923035,-0.06902730464935303,-0.00908670574426651,-0.20336520671844482,-0.1023176908493042,-0.024795522913336754,-0.23614048957824707,-0.12245649099349976,-0.041559260338544846,-0.1314251720905304,-0.2383423149585724,-0.03040389157831669,-0.22483518719673157,-0.19992583990097046,-0.06310272961854935,-0.2653205990791321,-0.12700560688972473,-0.08386842161417007,-0.2747717797756195,-0.07010719180107117,-0.09496843814849854,-0.10844534635543823,-0.22214092314243317,-0.0496894009411335,-0.21795803308486938,-0.19630083441734314,-0.07652238011360168,-0.25924262404441833,-0.11726552248001099,-0.08594898879528046,-0.26950305700302124,-0.05467239022254944,-0.09212058037519455,-0.08938080072402954,-0.17788678407669067,-0.06949803978204727,-0.19134396314620972,-0.1520816683769226,-0.09493330866098404,-0.2392532229423523,-0.08287215232849121,-0.09949233382940292,-0.2585890293121338,-0.02962365746498108,-0.10189947485923767,-0.07760697603225708,-0.11192438006401062,-0.08849216252565384,-0.1612612009048462,-0.08714783191680908,-0.10997047275304794,-0.20178520679473877,-0.045160651206970215,-0.11392835527658463,-0.22444668412208557,-0.00951153039932251,-0.11498290300369263,0.08417461812496185,0.09090760350227356,0.11297262459993362,0.13521960377693176,0.01655605062842369,0.029020369052886963,0.04172976687550545,0.26923057436943054,0.29905444383621216,0.2900123596191406,0.2795162796974182,0.25236451625823975,0.04414563626050949,0.06776625663042068,149.69717407226562,172.73583984375,170.02471923828125,98.13520050048828,142.7367706298828,160.61170959472656,104.83822631835938,131.08595275878906,161.816650390625,106.00409698486328,138.0759735107422,165.26702880859375,112.64848327636719,149.22842407226562,168.2149658203125,0.5494937896728516,0.3130950927734375,-0.047617435455322266,-42.814796447753906,-10.866276741027832,-113.06024932861328,0.13521960377693176,149.69717461642472,172.73583285948158,170.0247131054547,98.13520266334758,142.73677625439683,160.61170302864747,104.83822672153269,131.08595243048921,161.81664526661731,106.00409594490131,138.0759745535104,165.2670275230107,112.64848300315043,149.22841966798484,168.21496834400423,-42.814794873574925,-10.866276791034434,-113.06025261679788,0.1352196010639216
20251105_002239,kamal,2025-11-05 00:23:39,1,grasp,0.0,0.0,0.0,-0.08819818496704102,-0.018409371376037598,0.003934658132493496,-0.1491628885269165,-0.0671863853931427,-0.002868126844987273,-0.1897236704826355,-0.10493704676628113,-0.01384824700653553,-0.21728622913360596,-0.1315661072731018,-0.025019869208335876,-0.12096601724624634,-0.23795610666275024,-0.0091398311778903,-0.19741731882095337,-0.23223605751991272,-0.037689827382564545,-0.23209571838378906,-0.16842219233512878,-0.05840422213077545,-0.23681962490081787,-0.11315444111824036,-0.06940808147192001,-0.09251457452774048,-0.2346891164779663,-0.026196878403425217,-0.18608123064041138,-0.231882244348526,-0.04781332612037659,-0.22119709849357605,-0.16048085689544678,-0.05706046521663666,-0.2254352867603302,-0.10300570726394653,-0.061889953911304474,-0.0665847659111023,-0.20447611808776855,-0.04507453739643097,-0.15330100059509277,-0.19553306698799133,-0.06916173547506332,-0.19426319003105164,-0.1314862072467804,-0.07397089898586273,-0.20779770612716675,-0.07918897271156311,-0.07464514672756195,-0.04940199851989746,-0.14998304843902588,-0.06317777186632156,-0.12348368763923645,-0.12754037976264954,-0.08444936573505402,-0.16081780195236206,-0.0844106376171112,-0.08746754378080368,-0.1804199516773224,-0.04562652111053467,-0.08612258732318878,0.05187346413731575,0.04734455421566963,0.07277406752109528,0.1117062121629715,0.01700359396636486,0.03226478025317192,0.04480748996138573,0.2552429139614105,0.2714865505695343,0.25546351075172424,0.23456913232803345,0.20506155490875244,0.04498168081045151,0.07685032486915588,152.13011169433594,172.46641540527344,174.85142517089844,111.89386749267578,125.7252197265625,156.56503295898438,110.57697296142578,118.61727142333984,158.0630340576172,104.66549682617188,127.9891586303711,161.69129943847656,96.88897705078125,145.91583251953125,165.14036560058594,0.5472306609153748,0.32799461483955383,-0.028718577697873116,-52.943572998046875,-23.779067993164062,-129.12754821777344,0.1117062121629715,152.13010623152394,172.4664091572924,174.85142801384345,111.89387104782762,125.72522206410844,156.5650314616537,110.57697137392182,118.6172728505865,158.06302759380065,104.66549943121369,127.98915845582927,161.69130154736132,96.88897925757469,145.91583538143217,165.14037290811098,-52.94357118922588,-23.779068922799684,-129.1275448998632,0.1117062086202023
20251105_002239,kamal,2025-11-05 00:23:39,1,grasp,0.0,0.0,0.0,-0.06848615407943726,-0.015338897705078125,-0.006849761586636305,-0.13048356771469116,-0.0661962628364563,-0.01670863665640354,-0.17404204607009888,-0.10525304079055786,-0.029766134917736053,-0.20730319619178772,-0.13892829418182373,-0.04099597409367561,-0.1155005693435669,-0.2306174635887146,-0.009265093132853508,-0.17755576968193054,-0.2541007697582245,-0.04360484704375267,-0.2044413685798645,-0.1933046281337738,-0.06714360415935516,-0.20192581415176392,-0.14098119735717773,-0.07858434319496155,-0.08523428440093994,-0.23552122712135315,-0.02264798991382122,-0.15833857655525208,-0.2638726532459259,-0.05216555297374725,-0.1903780698776245,-0.19258177280426025,-0.0634269192814827,-0.18853935599327087,-0.1343923807144165,-0.06569036841392517,-0.053586483001708984,-0.21513450145721436,-0.03984706103801727,-0.12178456783294678,-0.2364961802959442,-0.07045264542102814,-0.15958476066589355,-0.16847586631774902,-0.07531844824552536,-0.16567477583885193,-0.11248019337654114,-0.07259418070316315,-0.028161823749542236,-0.1706397831439972,-0.057566870003938675,-0.09147381782531738,-0.1612740457057953,-0.08439949154853821,-0.12983718514442444,-0.11160051822662354,-0.08905744552612305,-0.1445935070514679,-0.06660342216491699,-0.08626194298267365,0.03802651911973953,0.03134436532855034,0.05857366323471069,0.10588862001895905,0.019719643518328667,0.03241289407014847,0.052305884659290314,0.25289595127105713,0.25850576162338257,0.2406732738018036,0.21300196647644043,0.1810646802186966,0.04650082811713219,0.08336528390645981,153.38772583007812,173.9002685546875,176.5293731689453,131.99664306640625,101.48486328125,153.459716796875,130.11766052246094,95.66815185546875,153.4315643310547,122.73400115966797,102.1305923461914,156.29212951660156,97.85816192626953,133.728271484375,159.0555877685547,0.542999267578125,0.3564999997615814,-0.025866147130727768,-61.05567169189453,-33.94533920288086,-145.5216522216797,0.10588862001895905,153.38773085224935,173.90026102495563,176.5293760717409,131.99664651977417,101.48486185185409,153.4597121333523,130.11766759629825,95.66815288942418,153.43156584680384,122.7340012518754,102.13059453642731,156.29213592886794,97.85815836472166,133.728276214113,159.05558690049878,-61.05567222772778,-33.94534070082423,-145.5216488383761,0.10588862150296047
20251105_002239,kamal,2025-11-05 00:23:39,1,grasp,0.0,0.0,0.0,-0.06392091512680054,-0.025401711463928223,-0.020792344585061073,-0.11231189966201782,-0.06776899099349976,-0.039577316492795944,-0.14366096258163452,-0.09366890788078308,-0.06057175621390343,-0.16685113310813904,-0.11820542812347412,-0.07817111909389496,-0.11716771125793457,-0.22416934370994568,-0.014551417902112007,-0.1657983660697937,-0.24894028902053833,-0.05470719933509827,-0.17030012607574463,-0.1768054962158203,-0.07931878417730331,-0.15408214926719666,-0.1362690031528473,-0.0904376283288002,-0.08129847049713135,-0.22957861423492432,-0.023381182923913002,-0.13929855823516846,-0.2599532902240753,-0.06225059553980827,-0.14946630597114563,-0.17534050345420837,-0.07298361510038376,-0.13323509693145752,-0.13518056273460388,-0.07139383256435394,-0.04542696475982666,-0.209560364484787,-0.038076262921094894,-0.10044598579406738,-0.23520007729530334,-0.07511943578720093,-0.11756113171577454,-0.1581219732761383,-0.07218664884567261,-0.1064518392086029,-0.1194661557674408,-0.06103047356009483,-0.014732718467712402,-0.17137983441352844,-0.05461227148771286,-0.06772607564926147,-0.16819465160369873,-0.07756072282791138,-0.09207907319068909,-0.11617103219032288,-0.07315590977668762,-0.09017869830131531,-0.08606740832328796,-0.06330417841672897,0.025294404476881027,0.03826388344168663,0.06279701739549637,0.08445437252521515,0.028256865218281746,0.03273659572005272,0.03722178190946579,0.21891218423843384,0.2246987223625183,0.20278672873973846,0.17125675082206726,0.13981135189533234,0.05844452604651451,0.06581335514783859,161.27862548828125,168.87033081054688,173.7357635498047,133.5835723876953,83.56697082519531,155.2823486328125,132.5489959716797,76.17173767089844,149.74339294433594,126.82805633544922,78.25941467285156,148.84291076660156,98.19651794433594,113.99871063232422,148.77301025390625,0.5369871258735657,0.37492993474006653,-0.026124803349375725,-68.64024353027344,-41.80630111694336,-152.73583984375,0.0856742411851883,161.27862313499864,168.87032470862752,173.73576051729884,133.5835709742353,83.56696913465252,155.28234143492597,132.54900220421277,76.17173642360491,149.74339862025704,126.82805273473814,78.2594159074218,148.84291807712137,98.19651519668975,113.99871370803432,148.773008759104,-68.64024522569031,-41.80630234483059,-152.73584581441366,0.08567423926076564
20251105_002239,kamal,2025-11-05 00:23:39,1,grasp,0.0,0.0,0.0,-0.05792480707168579,-0.012860357761383057,-0.027547325938940048,-0.10094419121742249,-0.04497581720352173,-0.05049533396959305,-0.10497388243675232,-0.0729864239692688,-0.07381858676671982,-0.10075497627258301,-0.10180208086967468,-0.09277978539466858,-0.12979957461357117,-0.23565196990966797,-0.013780852779746056,-0.1600988209247589,-0.21977302432060242,-0.05575811117887497,-0.15077733993530273,-0.1574084758758545,-0.08602670580148697,-0.13314542174339294,-0.12781628966331482,-0.10116743296384811,-0.09087005257606506,-0.24652701616287231,-0.02068924903869629,-0.11943453550338745,-0.2338152527809143,-0.05872458592057228,-0.11421796679496765,-0.15597259998321533,-0.07255614548921585,-0.10171860456466675,-0.12383076548576355,-0.07355239987373352,-0.05077362060546875,-0.2319326400756836,-0.0340370237827301,-0.07434737682342529,-0.21378621459007263,-0.0659547746181488,-0.07336694002151489,-0.13927686214447021,-0.06061325967311859,-0.06312566995620728,-0.11137664318084717,-0.04925272986292839,-0.011447727680206299,-0.19932445883750916,-0.051178645342588425,-0.03724062442779541,-0.1668379306793213,-0.06554518640041351,-0.0434301495552063,-0.10924622416496277,-0.05615523084998131,-0.037358641624450684,-0.08774864673614502,-0.04384260252118111,0.04238198325037956,0.029255492612719536,0.05832873657345772,0.08131077140569687,0.04202522337436676,0.04727572202682495,0.035376425832509995,0.17065554857254028,0.21047459542751312,0.17632551491260529,0.13716937601566315,0.10496507585048676,0.08870267122983932,0.0795411616563797,157.83273315429688,138.6865997314453,165.2467041015625,93.02342987060547,121.48982238769531,159.683349609375,91.09854888916016,110.50589752197266,160.76123046875,79.39810943603516,110.8180923461914,154.73043823242188,53.00196838378906,137.38589477539062,151.56057739257812,0.522498369216919,0.3703421354293823,-0.02393769845366478,-72.46407318115234,-44.610618591308594,-162.93638610839844,0.1186029464006424,157.83273969663253,138.68659693380215,165.24670924860814,93.02343216616255,121.48982352470345,159.68335629941961,91.09854832976112,110.5058963700429,160.76122365275455,79.39811216378014,110.81809163098025,154.7304386817579,53.00196977961699,137.38588764844826,151.56057266965433,-72.46407568400099,-44.6106176742391,-162.93639203094335,0.11860294870100951
20251105_002239,kamal,2025-11-05 00:23:39,1,grasp,0.0,0.0,0.0,-0.04951876401901245,-0.0002867579460144043,-0.025700528174638748,-0.09119221568107605,-0.023744940757751465,-0.04523465037345886,-0.09885194897651672,-0.05008020997047424,-0.06383708119392395,-0.09833529591560364,-0.07518643140792847,-0.07872752845287323,-0.11532509326934814,-0.19938337802886963,-0.021938253194093704,-0.14456024765968323,-0.21347534656524658,-0.054852914065122604,-0.1329532265663147,-0.1512417197227478,-0.07753916084766388,-0.11424526572227478,-0.11092263460159302,-0.08765140920877457,-0.07594090700149536,-0.21619755029678345,-0.024173878133296967,-0.10305634140968323,-0.2284795045852661,-0.05437338724732399,-0.09578227996826172,-0.16143089532852173,-0.06490220129489899,-0.08350300788879395,-0.11984440684318542,-0.06387593597173691,-0.03789490461349487,-0.20922589302062988,-0.03067110851407051,-0.05259042978286743,-0.1938047707080841,-0.055397652089595795,-0.048461198806762695,-0.1263316571712494,-0.052068814635276794,-0.04058009386062622,-0.08722805976867676,-0.04236336797475815,-0.0005183219909667969,-0.18629929423332214,-0.0400296226143837,-0.012775182723999023,-0.15630874037742615,-0.05143671855330467,-0.014963805675506592,-0.10649469494819641,-0.044476062059402466,-0.011108696460723877,-0.08242622017860413,-0.03387344628572464,0.04012279957532883,0.04934471845626831,0.06930379569530487,0.09835030883550644,0.03987427055835724,0.05804302915930748,0.031043512746691704,0.14669987559318542,0.18176518380641937,0.1594226062297821,0.10511961579322815,0.0898047611117363,0.08966045081615448,0.08684012293815613,153.19448852539062,139.42730712890625,164.92672729492188,130.20068359375,81.310791015625,164.62571716308594,123.86457824707031,75.9483871459961,165.53843688964844,74.1817398071289,113.97370910644531,166.6334228515625,38.471744537353516,146.4615936279297,160.86451721191406,0.5358558893203735,0.382971853017807,-0.02336304821074009,-81.04490661621094,-48.741355895996094,-173.49827575683594,0.11975502967834473,153.19449361100573,139.42730333805153,164.9267254806174,130.2006766073354,81.31078743523004,164.6257162280124,123.86457711436891,75.94838503356179,165.5384327493616,74.18173748290327,113.97370647905267,166.63342206631967,38.47174302093316,146.46159376844116,160.86451699857415,-81.04490963518181,-48.74135563273976,-173.4982734108157,0.11975502849635312
20251105_002239,kamal,2025-11-05 00:23:39,1,grasp,0.0,0.0,0.0,-0.05779838562011719,-0.007136881351470947,-0.025250719860196114,-0.09156852960586548,-0.03797799348831177,-0.050166159868240356,-0.07889607548713684,-0.06980198621749878,-0.07264939695596695,-0.05308866500854492,-0.08742162585258484,-0.09182023257017136,-0.1067524254322052,-0.17496588826179504,-0.044139161705970764,-0.12543702125549316,-0.2228248119354248,-0.07513231039047241,-0.1103978157043457,-0.1677200198173523,-0.09315147995948792,-0.09780564904212952,-0.12278503179550171,-0.100972481071949,-0.05919194221496582,-0.19087031483650208,-0.046281494200229645,-0.07005995512008667,-0.23866724967956543,-0.0719292163848877,-0.0632588267326355,-0.18305909633636475,-0.07875540852546692,-0.060747623443603516,-0.138400137424469,-0.07862143218517303,-0.016473829746246338,-0.1867004632949829,-0.050596363842487335,-0.022571980953216553,-0.20997998118400574,-0.06812861561775208,-0.022292375564575195,-0.16399085521697998,-0.062276266515254974,-0.02385157346725464,-0.12827277183532715,-0.054882779717445374,0.01873171329498291,-0.1688823401927948,-0.057147227227687836,0.00852435827255249,-0.1771012544631958,-0.06269193440675735,0.004792928695678711,-0.14418241381645203,-0.05168123170733452,0.0022729039192199707,-0.12063866853713989,-0.04110249504446983,0.05774030461907387,0.05321349948644638,0.06235382333397865,0.08210094273090363,0.046007588505744934,0.04502672329545021,0.030506787821650505,0.13744781911373138,0.1866482049226761,0.17037077248096466,0.14154477417469025,0.12746870517730713,0.08731312304735184,0.0754634216427803,147.92086791992188,121.46025848388672,151.3963623046875,158.89810180664062,48.956600189208984,171.99656677246094,164.845947265625,35.025447845458984,171.95590209960938,157.33474731445312,31.661235809326172,174.75286865234375,126.39722442626953,53.78300857543945,174.30026245117188,0.5417218804359436,0.3958705961704254,-0.0396331362426281,-84.0816879272461,-54.32584762573242,-177.2244415283203,0.11663935333490372,147.9208697865939,121.46025487484242,151.39636801792344,158.89810653159134,48.95659983031384,171.99657374990682,164.84594510635833,35.025447223251376,171.95590886481088,157.3347516693068,31.66123620794673,174.75286164973573,126.39722817237853,53.78301003246923,174.3002662827922,-84.08168471248375,-54.325846804941825,-177.22443858910916,0.1166393557555562
20251105_002239,kamal,2025-11-05 00:23:39,1,grasp,0.0,0.0,0.0,-0.03445059061050415,-0.005559444427490234,-0.03931933268904686,-0.05339527130126953,-0.03792983293533325,-0.06678085029125214,-0.04182201623916626,-0.06383085250854492,-0.09070686250925064,-0.04963874816894531,-0.07935106754302979,-0.1103125736117363,-0.10337471961975098,-0.18342727422714233,-0.038192614912986755,-0.10894793272018433,-0.21585339307785034,-0.07897774130105972,-0.08452677726745605,-0.15685009956359863,-0.10502561181783676,-0.07081303000450134,-0.1152847409248352,-0.11703161150217056,-0.05999213457107544,-0.20292967557907104,-0.03557494655251503,-0.05435740947723389,-0.23494598269462585,-0.07842772454023361,-0.03545266389846802,-0.15992826223373413,-0.09404971450567245,-0.03485327959060669,-0.11789998412132263,-0.09497032314538956,-0.018473684787750244,-0.20212271809577942,-0.03832898661494255,-0.006267547607421875,-0.20378166437149048,-0.07392552495002747,0.0015993714332580566,-0.13304203748703003,-0.07152822613716125,-0.003383040428161621,-0.10057073831558228,-0.06121457740664482,0.020188748836517334,-0.18953049182891846,-0.04458346962928772,0.028147995471954346,-0.18009066581726074,-0.061398886144161224,0.027520716190338135,-0.12419617176055908,-0.05353202298283577,0.021584808826446533,-0.09998011589050293,-0.04262259975075722,0.04224599897861481,0.0440455861389637,0.0707140564918518,0.10040061920881271,0.04226870834827423,0.049296338111162186,0.031135253608226776,0.14467017352581024,0.17888949811458588,0.1553528904914856,0.11778430640697479,0.11080890893936157,0.08876286447048187,0.07903583347797394,141.49427795410156,137.712646484375,143.4058837890625,136.1139678955078,74.15078735351562,172.06741333007812,131.73643493652344,67.481689453125,163.3199920654297,100.92224884033203,87.72119140625,158.56573486328125,77.57340240478516,109.3584213256836,159.9422607421875,0.5382305383682251,0.3884071111679077,-0.031336333602666855,-87.03923034667969,-49.36883544921875,177.17227172851562,0.1196172758936882,141.49428312420875,137.71264171664836,143.40588069246007,136.11396970605122,74.15078897453375,172.06740820084983,131.7364417202198,67.48169030767602,163.31999065984223,100.92224883880785,87.72119033870953,158.56572778767145,77.573400981521,109.35842307530493,159.94226025170636,-87.03922950410913,-49.368837117453246,177.17226577060526,0.11961727569002302
20251105_002239,kamal,2025-11-05 00:23:39,1,grasp,0.0,0.0,0.0,-0.037846267223358154,0.0011483430862426758,-0.04368458688259125,-0.05969858169555664,-0.014446794986724854,-0.0766872763633728,-0.03729450702667236,-0.02827465534210205,-0.10474420338869095,-0.025011003017425537,-0.04755154252052307,-0.12833338975906372,-0.10307040810585022,-0.19201532006263733,-0.044599346816539764,-0.0763443112373352,-0.18099543452262878,-0.08570599555969238,-0.05533158779144287,-0.11997443437576294,-0.11501200497150421,-0.04294633865356445,-0.07589775323867798,-0.13001345098018646,-0.05477803945541382,-0.2063980996608734,-0.04127907752990723,-0.025587797164916992,-0.19629254937171936,-0.08031884580850601,-0.010065913200378418,-0.12081259489059448,-0.09730569273233414,-0.00968998670578003,-0.0789470374584198,-0.10129939019680023,-0.00978308916091919,-0.19827032089233398,-0.04322357103228569,0.019634366035461426,-0.16974306106567383,-0.0771985575556755,0.025744378566741943,-0.1003948450088501,-0.07660891860723495,0.02030104398727417,-0.06904652714729309,-0.06844811886548996,0.030953288078308105,-0.1755073070526123,-0.04905744642019272,0.049110352993011475,-0.14972242712974548,-0.06715396791696548,0.04695689678192139,-0.09467488527297974,-0.06044477969408035,0.038109004497528076,-0.07146197557449341,-0.05021358281373978,0.0335858091711998,0.04417293518781662,0.07811185717582703,0.1032402515411377,0.04404294118285179,0.04557069391012192,0.025601878762245178,0.13912642002105713,0.15655145049095154,0.12879478931427002,0.09932119399309158,0.09529173374176025,0.08852943778038025,0.07035999745130539,156.2324981689453,113.47429656982422,162.24403381347656,74.23439025878906,133.2076416015625,173.00538635253906,78.96099090576172,118.57618713378906,167.0018768310547,65.55415344238281,125.23472595214844,159.7527618408203,62.766048431396484,128.5996856689453,156.3249969482422,0.5437098741531372,0.3721317648887634,-0.03563222289085388,-88.09484100341797,-37.80439376831055,-172.97811889648438,0.11383173614740372,156.23250143131233,113.47429776525723,162.244031991338,74.23439095071848,133.20763887007652,173.0053872110706,78.96098808524498,118.57618343713139,167.00187781152172,65.55415512763919,125.23472928631088,159.75276659574982,62.76604700135802,128.59968722673088,156.325002536249,-88.09484284499172,-37.804394198483145,-172.97811254677092,0.11383173953392993
20251105_002239,kamal,2025-11-05 00:23:39,1,grasp,0.0,0.0,0.0,-0.032781004905700684,0.0075362324714660645,-0.048378463834524155,-0.04537761211395264,0.0015100836753845215,-0.08468560874462128,-0.020153820514678955,-0.010866940021514893,-0.11423543840646744,-0.010167360305786133,-0.03437390923500061,-0.13952140510082245,-0.09349846839904785,-0.18412107229232788,-0.05944544076919556,-0.060082435607910156,-0.14925986528396606,-0.10301504284143448,-0.033334195613861084,-0.08555269241333008,-0.1327221393585205,-0.02004331350326538,-0.04280823469161987,-0.14797942340373993,-0.04737478494644165,-0.20192140340805054,-0.052811399102211,-0.014909505844116211,-0.1638457179069519,-0.09597503393888474,0.00547027587890625,-0.08164915442466736,-0.11319151520729065,0.009464800357818604,-0.03391152620315552,-0.11732156574726105,-0.003391861915588379,-0.1959780752658844,-0.050708457827568054,0.030290722846984863,-0.14316779375076294,-0.09050435572862625,0.039768755435943604,-0.0673457682132721,-0.09033872187137604,0.038107872009277344,-0.02674001455307007,-0.08125073462724686,0.0393940806388855,-0.17557930946350098,-0.05241869017481804,0.06023979187011719,-0.13395950198173523,-0.07644456624984741,0.058368563652038574,-0.07668155431747437,-0.07246344536542892,0.051852524280548096,-0.04881387948989868,-0.06293932348489761,0.015498721972107887,0.02963896282017231,0.07605422288179398,0.09959815442562103,0.043471645563840866,0.046615030616521835,0.03180375322699547,0.1440526396036148,0.1553453803062439,0.12249050289392471,0.09364251047372818,0.09504124522209167,0.08995813131332397,0.07054238021373749,157.9214630126953,121.54064178466797,151.67764282226562,60.16617965698242,154.33392333984375,173.20973205566406,60.58181381225586,142.5638885498047,168.825927734375,55.79623794555664,139.5762481689453,164.3812713623047,57.83259582519531,138.3695831298828,161.8280487060547,0.544564425945282,0.367519348859787,-0.04307717829942703,-93.02671813964844,-16.072307586669922,-176.32232666015625,0.11152083426713943,157.92145540282397,121.54063934703669,151.67764475466754,60.16618156047014,154.33392164373112,173.20972467254936,60.58181319364624,142.56388905471258,168.8259254424207,55.796239172616325,139.5762468712592,164.38126477409153,57.832595673924956,138.36958615657878,161.82804402004035,-93.02671990179962,-16.072306834118784,-176.3223321440967,0.11152083476682739
20251105_002239,kamal,2025-11-05 00:23:39,1,grasp,0.0,0.0,0.0,-0.03540092706680298,0.01568499207496643,-0.04713239148259163,-0.05940645933151245,0.03385305404663086,-0.08770150691270828,-0.03045356273651123,0.06668737530708313,-0.12164748460054398,0.01705300807952881,0.0860653817653656,-0.15455220639705658,-0.07955211400985718,-0.10665994882583618,-0.08257053792476654,-0.018659770488739014,-0.045766085386276245,-0.13034002482891083,0.005818068981170654,0.012551456689834595,-0.16344210505485535,0.015079200267791748,0.05692741274833679,-0.18167659640312195,-0.02661001682281494,-0.1265125572681427,-0.07823202759027481,0.029859483242034912,-0.06959530711174011,-0.1253252774477005,0.04648047685623169,0.006091266870498657,-0.1426696926355362,0.04529905319213867,0.05786123871803284,-0.14871011674404144,0.02192932367324829,-0.12144789099693298,-0.0762617290019989,0.06817150115966797,-0.05860212445259094,-0.11766466498374939,0.07704073190689087,0.007681667804718018,-0.1193695142865181,0.06829679012298584,0.04830262064933777,-0.1126416027545929,0.060589611530303955,-0.10132259130477905,-0.0775880515575409,0.0960836410522461,-0.05252063274383545,-0.10292176157236099,0.09747064113616943,-0.0026792585849761963,-0.09965097159147263,0.08623111248016357,0.02737480401992798,-0.09211629629135132,0.03985786810517311,0.0403415746986866,0.07621318846940994,0.11012918502092361,0.04473142325878143,0.04383150488138199,0.0343642495572567,0.1777201145887375,0.19098298251628876,0.16587533056735992,0.14030583202838898,0.12911467254161835,0.08759183436632156,0.07620837539434433,171.39947509765625,117.1873550415039,157.91392517089844,61.34660339355469,160.4105987548828,168.51565551757812,69.07051086425781,145.2021026611328,165.24864196777344,74.33060455322266,141.84396362304688,157.60633850097656,84.85836029052734,137.1810302734375,156.21017456054688,0.5603780746459961,0.3548658788204193,-0.06293072551488876,-92.03619384765625,20.415380477905273,-177.8189239501953,0.11813974380493164,171.39948179906432,117.187354615984,157.91391977456828,61.34660180628217,160.41059475368178,168.51565908854607,69.07051006218158,145.2020972437165,165.24863613328347,74.33060140417749,141.8439707304248,157.60634521064617,84.85836061002175,137.18103018891472,156.21017355033317,-92.03619007820141,20.41538084186395,-177.81891987498565,0.11813974204408063
20251105_002239,kamal,2025-11-05 00:23:39,1,grasp,0.0,0.0,0.0,-0.031910717487335205,0.017344027757644653,-0.059432461857795715,-0.05300617218017578,0.03283318877220154,-0.10618965327739716,-0.024790704250335693,0.05248066782951355,-0.14285677671432495,0.01429969072341919,0.056594401597976685,-0.17682082951068878,-0.06492885947227478,-0.11390545964241028,-0.10224135220050812,-0.0026024580001831055,-0.051028698682785034,-0.15069454908370972,0.02520066499710083,0.0037856996059417725,-0.18096575140953064,0.03602784872055054,0.05122026801109314,-0.19780130684375763,-0.012131869792938232,-0.1374579668045044,-0.09117517620325089,0.038496196269989014,-0.07954192161560059,-0.13710586726665497,0.05951952934265137,-0.013353317975997925,-0.15358269214630127,0.06418371200561523,0.03557136654853821,-0.16101306676864624,0.03397029638290405,-0.13570433855056763,-0.08265028148889542,0.07628887891769409,-0.08462944626808167,-0.12363251298666,0.0906572937965393,-0.030376911163330078,-0.12507204711437225,0.08935683965682983,0.008235782384872437,-0.12005436420440674,0.07072067260742188,-0.11578422784805298,-0.07832193374633789,0.10390645265579224,-0.07986697554588318,-0.1075437068939209,0.10998684167861938,-0.039269447326660156,-0.10734965652227402,0.10497748851776123,-0.01225331425666809,-0.10220423340797424,0.03067856840789318,0.05639387294650078,0.10580436140298843,0.1361253410577774,0.048898011445999146,0.05530403181910515,0.031343817710876465,0.1862069070339203,0.2074774205684662,0.17694653570652008,0.14988502860069275,0.1470242291688919,0.10361579805612564,0.08608026057481766,175.51193237304688,121.90670013427734,158.4803009033203,68.11432647705078,163.982177734375,165.22640991210938,72.77721405029297,152.1585693359375,167.14218139648438,80.42933654785156,141.75970458984375,161.07028198242188,93.06371307373047,135.02288818359375,158.4498291015625,0.5609469413757324,0.3566405177116394,-0.07087790966033936,-100.00030517578125,11.597131729125977,179.2064971923828,0.1361253410577774,175.51193636097005,121.90669769174816,158.4802945269889,68.11432314361498,163.98218104110464,165.22640860122232,72.7772120060664,152.158572972109,167.14217836153807,80.42933669479646,141.75970294254205,161.07028566060265,93.06371406847954,135.02288137663032,158.44983261455346,-100.00030519643857,11.597131918223191,179.20649481279344,0.13612533711689798
20251105_002239,kamal,2025-11-05 00:23:39,1,grasp,0.0,0.0,0.0,-0.03594845533370972,0.01397705078125,-0.05952991545200348,-0.060816287994384766,0.03020957112312317,-0.10585065931081772,-0.03276264667510986,0.054411739110946655,-0.1418113112449646,0.01288604736328125,0.060819655656814575,-0.17437531054019928,-0.05725640058517456,-0.10935920476913452,-0.10351400077342987,0.007582187652587891,-0.041792452335357666,-0.15151174366474152,0.03412902355194092,0.00983479619026184,-0.18063734471797943,0.04417771100997925,0.05381092429161072,-0.1976359337568283,7.581710815429688e-05,-0.13291093707084656,-0.09336342662572861,0.058639585971832275,-0.06461107730865479,-0.13918763399124146,0.0762128233909607,-0.0015024840831756592,-0.15660345554351807,0.07480502128601074,0.0407043993473053,-0.16562776267528534,0.04925769567489624,-0.12999895215034485,-0.08563610911369324,0.0968484878540039,-0.05633068084716797,-0.12574423849582672,0.10391741991043091,-0.005190014839172363,-0.1284821331501007,0.09157276153564453,0.023998498916625977,-0.12567578256130219,0.08626854419708252,-0.10861349105834961,-0.08232319355010986,0.11977362632751465,-0.050158172845840454,-0.11096411943435669,0.11895591020584106,-0.008822709321975708,-0.11156650632619858,0.10419541597366333,0.013879150152206421,-0.10787782073020935,0.03961498662829399,0.06568943709135056,0.09959437698125839,0.12232223153114319,0.046198874711990356,0.046437107026576996,0.024052027612924576,0.18512652814388275,0.20954056084156036,0.18623961508274078,0.15734007954597473,0.15062184631824493,0.09117749333381653,0.07013162970542908,173.56198120117188,118.623046875,153.44866943359375,68.79026794433594,165.19088745117188,165.57308959960938,72.99911499023438,153.73568725585938,162.78228759765625,76.0431900024414,147.68516540527344,148.18841552734375,84.65119934082031,142.64132690429688,147.05184936523438,0.5708190202713013,0.35079678893089294,-0.07296740263700485,-98.3987808227539,12.624427795410156,-179.7023162841797,0.12232223153114319,173.5619797058833,118.62304451826095,153.4486688660774,68.79027171201793,165.19088859197788,165.57309628341145,72.99911204643173,153.73568612659577,162.78229041344608,76.0431890225046,147.6851693739432,148.18841385195017,84.65120167954314,142.64132868961119,147.0518424608567,-98.39878351930393,12.624427523742769,-179.70231053388468,0.12232223021219198
20251105_002239,kamal,2025-11-05 00:23:39,1,grasp,0.0,0.0,0.0,-0.03252530097961426,0.015071362257003784,-0.06461095064878464,-0.05067247152328491,0.02895703911781311,-0.11256131529808044,-0.009062647819519043,0.04466277360916138,-0.1481144279241562,0.04473888874053955,0.0475429892539978,-0.17906200885772705,-0.055033206939697266,-0.12334692478179932,-0.10921534150838852,0.01641291379928589,-0.060904741287231445,-0.15364867448806763,0.04242128133773804,-0.00705370306968689,-0.1780783087015152,0.04931145906448364,0.041336238384246826,-0.19220469892024994,0.0014267563819885254,-0.15109309554100037,-0.09488029778003693,0.06342339515686035,-0.09030640125274658,-0.1364012360572815,0.08113157749176025,-0.023521393537521362,-0.15061038732528687,0.07856285572052002,0.02585083246231079,-0.1581544727087021,0.050838589668273926,-0.14774775505065918,-0.0826108381152153,0.10183602571487427,-0.07233655452728271,-0.11820630729198456,0.10745513439178467,-0.01403278112411499,-0.11914008110761642,0.09399229288101196,0.02253168821334839,-0.11610539257526398,0.08894902467727661,-0.12491557002067566,-0.0752677395939827,0.12342309951782227,-0.0645911693572998,-0.10020657628774643,0.11966091394424438,-0.018036842346191406,-0.10030265897512436,0.10234576463699341,0.00990760326385498,-0.09705431014299393,0.015236877836287022,0.045296087861061096,0.08375558257102966,0.10705249011516571,0.047485366463661194,0.04491334781050682,0.024332934990525246,0.1905914545059204,0.2026892900466919,0.17847470939159393,0.15107180178165436,0.14139433205127716,0.09022799879312515,0.06747623533010483,173.26234436035156,112.71290588378906,163.0504608154297,68.1236343383789,158.70240783691406,162.24209594726562,72.5248031616211,147.84457397460938,162.2091522216797,71.05612182617188,145.4549102783203,153.74905395507812,78.13887023925781,141.0413055419922,152.2751922607422,0.5692304372787476,0.35332190990448,-0.07239486277103424,-103.26669311523438,8.328193664550781,179.3758087158203,0.11337544769048691,173.26233821337723,112.71290869641204,163.05045814845266,68.12363059037567,158.70240774540414,162.24210325954147,72.52480310869616,147.84458135009956,162.20914534209106,71.05612294725107,145.45490413371175,153.7490472014297,78.13886991993016,141.0413125290408,152.27519466384987,-103.2666959876454,8.328194119125234,179.3758035582484,0.11337544592944633
20251105_002239,kamal,2025-11-05 00:23:39,1,grasp,0.0,0.0,0.0,-0.029142022132873535,0.018614381551742554,-0.06989847123622894,-0.038480162620544434,0.03371697664260864,-0.12079285085201263,0.01864635944366455,0.053810685873031616,-0.1576983779668808,0.07619625329971313,0.049779266119003296,-0.1891147941350937,-0.05169019103050232,-0.1264248788356781,-0.11904560774564743,0.02623915672302246,-0.06164547801017761,-0.16844378411769867,0.05728417634963989,-0.002468019723892212,-0.19470039010047913,0.0669020414352417,0.049079567193984985,-0.2097877711057663,0.005954444408416748,-0.15476125478744507,-0.10339173674583435,0.07546621561050415,-0.09563958644866943,-0.1499701589345932,0.09854245185852051,-0.028698474168777466,-0.16520479321479797,0.09917306900024414,0.017888903617858887,-0.17360572516918182,0.055826544761657715,-0.1512376368045807,-0.09030818194150925,0.11465811729431152,-0.07946917414665222,-0.12887872755527496,0.12209129333496094,-0.022973865270614624,-0.12978723645210266,0.10608494281768799,0.007976323366165161,-0.12741431593894958,0.09397667646408081,-0.12628626823425293,-0.08245459198951721,0.13299322128295898,-0.06643423438072205,-0.11061082780361176,0.12913298606872559,-0.02199167013168335,-0.11153408139944077,0.10907036066055298,-0.0010427236557006836,-0.10896427184343338,0.022676946595311165,0.04225470870733261,0.08029799908399582,0.10043748468160629,0.05764908716082573,0.04774599149823189,0.020752349868416786,0.20987674593925476,0.22560052573680878,0.20073430240154266,0.16598808765411377,0.15417730808258057,0.10005079954862595,0.06807995587587357,167.93280029296875,115.54334259033203,159.58827209472656,71.92525482177734,158.86257934570312,162.9332275390625,78.14315032958984,147.68711853027344,162.00245666503906,77.28759002685547,142.22479248046875,144.8500213623047,83.39266967773438,137.72500610351562,140.74423217773438,0.5688732862472534,0.35286810994148254,-0.07903999090194702,-104.10074615478516,5.112829685211182,-179.9454803466797,0.1202322319149971,167.93279409522006,115.54334051771804,159.58827389338737,71.92525326017103,158.86257859856494,162.93322727784636,78.14315140462509,147.6871215127266,162.00245402928198,77.28758946059898,142.22479568841368,144.85002411459874,83.39267288749988,137.72501157784475,140.74423502298785,-104.10074983527504,5.112829456808968,-179.94547970824428,0.12023223024551231
20251105_002239,kamal,2025-11-05 00:23:39,1,grasp,0.0,0.0,0.0,-0.03417253494262695,0.014826595783233643,-0.0678994432091713,-0.050669193267822266,0.027342885732650757,-0.11771806329488754,-0.0028888583183288574,0.04237815737724304,-0.15487322211265564,0.05083143711090088,0.04034850001335144,-0.186873659491539,-0.06216222047805786,-0.1429309844970703,-0.11002911627292633,0.008361876010894775,-0.07893005013465881,-0.1585153490304947,0.03886216878890991,-0.020326614379882812,-0.1854240447282791,0.047836899757385254,0.02886369824409485,-0.20035746693611145,-0.00859379768371582,-0.17340335249900818,-0.09557182341814041,0.05521935224533081,-0.11582058668136597,-0.14130046963691711,0.07786089181900024,-0.043278664350509644,-0.15687555074691772,0.07928061485290527,0.009317487478256226,-0.16372808814048767,0.03950381278991699,-0.17126110196113586,-0.08413022011518478,0.09216570854187012,-0.10574924945831299,-0.1255447268486023,0.10234075784683228,-0.040925949811935425,-0.12814557552337646,0.09252792596817017,-0.0007395446300506592,-0.12401983886957169,0.07865065336227417,-0.14816421270370483,-0.07753413915634155,0.114124596118927,-0.0983363687992096,-0.10884534567594528,0.11516094207763672,-0.0479452908039093,-0.11009343713521957,0.10281205177307129,-0.017695516347885132,-0.10531945526599884,0.01796332374215126,0.04804161563515663,0.08589194715023041,0.11279264092445374,0.052081406116485596,0.043050896376371384,0.02725752256810665,0.19782213866710663,0.20800143480300903,0.18215136229991913,0.15473489463329315,0.1482418179512024,0.09327954053878784,0.06852006167173386,171.4598846435547,111.82653045654297,162.6998748779297,66.29556274414062,160.960693359375,162.91326904296875,71.37271881103516,147.0021209716797,163.88694763183594,71.95753479003906,142.6298370361328,156.02391052246094,80.18342590332031,138.30235290527344,154.7368621826172,0.5769690275192261,0.3482488989830017,-0.07345303893089294,-102.99449920654297,2.932098865509033,177.87161254882812,0.11925707757472992,171.4598841737258,111.82652913187225,162.6998719355989,66.29556000333461,160.96070043200893,162.91326160858534,71.37271755843595,147.0021150688446,163.88694097640874,71.95753730256729,142.6298355617541,156.0239092672529,80.18342916241731,138.30234604396358,154.73685773408334,-102.99449994481881,2.9320988753494226,177.8716153493406,0.11925707546557401
20251105_002239,kamal,2025-11-05 00:23:39,1,grasp,0.0,0.0,0.0,-0.026720881462097168,0.016546815633773804,-0.06489279866218567,-0.043148934841156006,0.029493868350982666,-0.11400330811738968,-0.00027370452880859375,0.054670631885528564,-0.15125586092472076,0.05270886421203613,0.06790339946746826,-0.18544107675552368,-0.04558157920837402,-0.11662283539772034,-0.11243252456188202,0.025121212005615234,-0.050870805978775024,-0.16383913159370422,0.05279284715652466,0.0026865899562835693,-0.1959177702665329,0.06263977289199829,0.049703776836395264,-0.21510165929794312,0.009108662605285645,-0.13982322812080383,-0.10087768733501434,0.07352524995803833,-0.0894821286201477,-0.14966382086277008,0.0995069146156311,-0.023656368255615234,-0.17033693194389343,0.10487109422683716,0.02531486749649048,-0.181207537651062,0.05510580539703369,-0.1329837143421173,-0.09153317660093307,0.1105991005897522,-0.0740399956703186,-0.1346718966960907,0.12496113777160645,-0.01804906129837036,-0.1417631059885025,0.11640876531600952,0.01584005355834961,-0.1414342075586319,0.08996617794036865,-0.10607647895812988,-0.08657444268465042,0.13005882501602173,-0.056148916482925415,-0.11794460564851761,0.1342676281929016,-0.012268900871276855,-0.12155873328447342,0.12208884954452515,0.013535678386688232,-0.1199038028717041,0.036188386380672455,0.06747298687696457,0.09329991042613983,0.1098388135433197,0.059389516711235046,0.04248302802443504,0.02238597348332405,0.20439542829990387,0.22948405146598816,0.21089087426662445,0.1838628351688385,0.17165611684322357,0.09728694707155228,0.06475606560707092,176.14718627929688,115.94819641113281,165.67404174804688,73.87908172607422,162.5818328857422,164.63504028320312,84.65682220458984,148.6769256591797,164.7055206298828,86.95247650146484,145.5106658935547,150.53750610351562,95.04207611083984,141.64044189453125,148.25668334960938,0.5800108313560486,0.3439127802848816,-0.07828348875045776,-100.8003921508789,6.894281387329102,-175.55104064941406,0.11791927367448807,176.14718929057742,115.94819725754657,165.6740450882874,73.87908215898275,162.58183451321938,164.63503645107002,84.65681882869882,148.67692923752944,164.70552432548283,86.95247770386061,145.51066374006658,150.53750369912515,95.04207888465666,141.64044787617672,148.2566849063843,-100.80039289299283,6.894281606400245,-175.55103822912164,0.11791927717068372
20251105_002239,kamal,2025-11-05 00:23:39,1,grasp,0.0,0.0,0.0,-0.02364206314086914,0.025204122066497803,-0.07033529877662659,-0.028504014015197754,0.04508930444717407,-0.12362971156835556,0.028847992420196533,0.07542291283607483,-0.1639331877231598,0.08721798658370972,0.07651147246360779,-0.200412318110466,-0.047206103801727295,-0.10905638337135315,-0.12190202623605728,0.01977717876434326,-0.058350175619125366,-0.17488253116607666,0.052188873291015625,-0.00037807226181030273,-0.20510360598564148,0.06082570552825928,0.049387991428375244,-0.2227393090724945,0.005578875541687012,-0.13782531023025513,-0.1079038456082344,0.06417262554168701,-0.09416991472244263,-0.15766896307468414,0.09411805868148804,-0.017149746417999268,-0.17663738131523132,0.0991133451461792,0.03535154461860657,-0.18705856800079346,0.05178630352020264,-0.13454285264015198,-0.09642709046602249,0.09955281019210815,-0.0791606605052948,-0.14240717887878418,0.1193774938583374,-0.010347723960876465,-0.14849703013896942,0.11364930868148804,0.030582666397094727,-0.14781920611858368,0.0884280800819397,-0.11141964793205261,-0.08945866674184799,0.12197387218475342,-0.0598544180393219,-0.12471531331539154,0.12809014320373535,-0.006267368793487549,-0.12893334031105042,0.11804461479187012,0.02550649642944336,-0.1276170313358307,0.04394007474184036,0.04487718641757965,0.07465992867946625,0.09407944977283478,0.05418561026453972,0.04211607575416565,0.021288825199007988,0.23157304525375366,0.23611806333065033,0.21462547779083252,0.18894967436790466,0.1757020801305771,0.09357881546020508,0.06315547972917557,167.30523681640625,124.53927612304688,157.30674743652344,82.40972137451172,157.8308563232422,161.30596923828125,88.81538391113281,143.95957946777344,164.44161987304688,87.91968536376953,144.23585510253906,155.2957763671875,91.80374908447266,144.35317993164062,155.03689575195312,0.5810208320617676,0.33723825216293335,-0.08313820511102676,-103.4522476196289,9.480545997619629,179.0017852783203,0.1135454848408699,167.30524439049103,124.53927316590378,157.30674743976112,82.40972125997656,157.83086039817505,161.30596873617841,88.81538228097573,143.95958173324212,164.4416274960823,87.91968188336033,144.2358542184753,155.29577126309593,91.80375016582653,144.35318353232094,155.0368964742013,-103.45225002309577,9.480545930129235,179.00179009222535,0.11354548472974321
20251105_002239,kamal,2025-11-05 00:23:39,1,grasp,0.0,0.0,0.0,-0.025484442710876465,0.030515819787979126,-0.07215511053800583,-0.036673009395599365,0.04907837510108948,-0.1258193850517273,0.013965845108032227,0.07955530285835266,-0.16641931235790253,0.07019048929214478,0.08520856499671936,-0.20375749468803406,-0.05626946687698364,-0.10254767537117004,-0.12310235947370529,0.006282985210418701,-0.05015832185745239,-0.1781701147556305,0.03654533624649048,0.007596909999847412,-0.21173527836799622,0.045989155769348145,0.055975526571273804,-0.2316746562719345,-0.005604267120361328,-0.13586881756782532,-0.10851409286260605,0.05443018674850464,-0.08937850594520569,-0.16015298664569855,0.08533251285552979,-0.0137576162815094,-0.18131013214588165,0.09532201290130615,0.03697839379310608,-0.19270192086696625,0.03984999656677246,-0.13713404536247253,-0.09643487632274628,0.09101170301437378,-0.07981467247009277,-0.14423096179962158,0.11080020666122437,-0.00896674394607544,-0.15011458098888397,0.10825037956237793,0.033852845430374146,-0.1484219878911972,0.07695132493972778,-0.11740544438362122,-0.08902517706155777,0.11184829473495483,-0.06536117196083069,-0.1255156248807907,0.11990231275558472,-0.007194489240646362,-0.12788870930671692,0.11479520797729492,0.02738329768180847,-0.12438857555389404,0.047113087028265,0.055497463792562485,0.08454574644565582,0.10785531252622604,0.065677210688591,0.04623444750905037,0.02573508769273758,0.23174193501472473,0.2427373230457306,0.21814610064029694,0.1867973357439041,0.17146515846252441,0.10628677904605865,0.0716797336935997,172.18621826171875,121.6552963256836,159.04736328125,82.73723602294922,159.6206512451172,164.0449676513672,86.23330688476562,146.52239990234375,169.01612854003906,85.54022216796875,143.31298828125,159.81045532226562,89.16171264648438,142.81105041503906,161.86000061035156,0.5831375122070312,0.32659241557121277,-0.08341512084007263,-104.34829711914062,9.75944995880127,173.63624572753906,0.13062193989753723,172.1862161909371,121.65529790909697,159.04735845573745,82.73723711410302,159.62064385422238,164.04497445817526,86.23331037033938,146.52240687059862,169.01612291577797,85.54021991384809,143.31298489120434,159.810448149332,89.16171356961428,142.81105262597063,161.8600078419688,-104.34830025810945,9.759450399743752,173.6362483593621,0.1306219410709708
20251105_002239,kamal,2025-11-05 00:23:39,1,grasp,0.0,0.0,0.0,-0.028576970100402832,0.027077853679656982,-0.07583869248628616,-0.0431552529335022,0.04496800899505615,-0.13074393570423126,-0.0019545555114746094,0.07558804750442505,-0.17185986042022705,0.049663543701171875,0.0923498272895813,-0.21115735173225403,-0.04248720407485962,-0.09265288710594177,-0.13361763954162598,0.018514037132263184,-0.035450905561447144,-0.19017772376537323,0.045488059520721436,0.02183210849761963,-0.2242412269115448,0.055404067039489746,0.07356828451156616,-0.24407970905303955,0.013819694519042969,-0.11349466443061829,-0.11724823713302612,0.06883448362350464,-0.07185173034667969,-0.17394091188907623,0.09451419115066528,-0.004297167062759399,-0.1996171772480011,0.10118836164474487,0.04653042554855347,-0.21346580982208252,0.06035429239273071,-0.10587355494499207,-0.10259511321783066,0.10785222053527832,-0.05794689059257507,-0.1539936661720276,0.1232561469078064,0.002965390682220459,-0.1654094159603119,0.11901205778121948,0.04421567916870117,-0.16672828793525696,0.09356123208999634,-0.08049491047859192,-0.09219594299793243,0.12855225801467896,-0.039391666650772095,-0.13054150342941284,0.13237124681472778,0.010063320398330688,-0.13706105947494507,0.12343662977218628,0.04410994052886963,-0.13695111870765686,0.03833512216806412,0.06898951530456543,0.09539420157670975,0.11522204428911209,0.06135518103837967,0.05007432773709297,0.03010428324341774,0.2357591688632965,0.26087701320648193,0.24077337980270386,0.20956435799598694,0.18957293033599854,0.104358971118927,0.0797204002737999,174.41583251953125,124.25141143798828,164.94900512695312,88.87108612060547,160.65615844726562,164.87237548828125,100.56390380859375,146.0509490966797,166.5264892578125,103.11372375488281,141.47677612304688,158.3386993408203,110.06995391845703,136.8408203125,159.44998168945312,0.594312310218811,0.3252101242542267,-0.08913125842809677,-106.93354797363281,11.142746925354004,-174.89332580566406,0.130279541015625,174.41583695650397,124.2514087306266,164.94900296474896,88.87108342725155,160.65615088048588,164.87236954465996,100.56390571434908,146.0509430784407,166.5264903689474,103.11372750666587,141.47678110450283,158.33869649123926,110.0699576584993,136.84081543284267,159.44998437133208,-106.93354778555205,11.142746917122674,-174.89332453662158,0.1302795398041073
20251105_002239,kamal,2025-11-05 00:23:39,1,grasp,0.0,0.0,0.0,-0.025065302848815918,0.029799818992614746,-0.0687384083867073,-0.034222424030303955,0.056830763816833496,-0.12078409641981125,0.015742242336273193,0.0994272530078888,-0.1597851663827896,0.07105714082717896,0.11083009839057922,-0.19572021067142487,-0.0234413743019104,-0.08436703681945801,-0.12761639058589935,0.04030519723892212,-0.021763622760772705,-0.17756246030330658,0.07158476114273071,0.04015392065048218,-0.20471638441085815,0.07995069026947021,0.09163737297058105,-0.22117914259433746,0.03029578924179077,-0.10927525162696838,-0.114314004778862,0.0860331654548645,-0.0612032413482666,-0.16049087047576904,0.1154555082321167,0.015469163656234741,-0.179418683052063,0.12284612655639648,0.06908577680587769,-0.19140708446502686,0.07482308149337769,-0.10350582003593445,-0.10224983096122742,0.12220937013626099,-0.04309925436973572,-0.1448199599981308,0.14290767908096313,0.024527817964553833,-0.15193305909633636,0.13985395431518555,0.06787338852882385,-0.15351544320583344,0.10751968622207642,-0.07555130124092102,-0.09448020160198212,0.1443151831626892,-0.021653831005096436,-0.12848755717277527,0.1516830325126648,0.029494404792785645,-0.1334972083568573,0.14266163110733032,0.06281480193138123,-0.13371308147907257,0.03310004621744156,0.06665801256895065,0.0914304256439209,0.1061958372592926,0.056876782327890396,0.04155132547020912,0.02063021808862686,0.2358788400888443,0.25240787863731384,0.2376987338066101,0.21847863495349884,0.2053709477186203,0.09344251453876495,0.06132354587316513,169.62022399902344,126.9322738647461,155.47796630859375,88.5457992553711,161.38714599609375,162.99778747558594,97.03770446777344,147.84739685058594,167.16981506347656,96.58053588867188,149.359130859375,158.6895751953125,105.07286834716797,146.83462524414062,156.12435913085938,0.5944514274597168,0.31976449489593506,-0.08773195743560791,-104.19915008544922,16.89653205871582,-176.14891052246094,0.11141685396432877,169.6202279011173,126.9322755770114,155.47796694830396,88.545801671844,161.3871486761823,162.99778552747688,97.03770487489541,147.8474017145095,167.16981094373972,96.58053524641717,149.35913744115635,158.68957966684218,105.07286529689921,146.8346258283374,156.12436544172533,-104.19915203381336,16.896532254678455,-176.148904358422,0.1114168503822405
20251105_002239,kamal,2025-11-05 00:23:39,1,grasp,0.0,0.0,0.0,-0.013476133346557617,0.04835173487663269,-0.080356664955616,0.003582775592803955,0.08258533477783203,-0.13794291019439697,0.06709945201873779,0.11602824926376343,-0.17905984818935394,0.12010997533798218,0.11438485980033875,-0.2157001793384552,-0.018839895725250244,-0.05942663550376892,-0.15522587299346924,0.06071615219116211,-0.007715195417404175,-0.2090495526790619,0.087696373462677,0.05575406551361084,-0.23239244520664215,0.0872458815574646,0.10479903221130371,-0.24578993022441864,0.02814418077468872,-0.09704181551933289,-0.13612475991249084,0.10079789161682129,-0.04804420471191406,-0.18865211308002472,0.1294938325881958,0.03144511580467224,-0.20547160506248474,0.13400065898895264,0.0841781497001648,-0.2165590077638626,0.07165324687957764,-0.10313239693641663,-0.11806561052799225,0.1315462589263916,-0.04602837562561035,-0.1658911556005478,0.15260255336761475,0.027076512575149536,-0.17250818014144897,0.14914703369140625,0.07417535781860352,-0.17442525923252106,0.10586357116699219,-0.09112533926963806,-0.10459988564252853,0.14858943223953247,-0.03776511549949646,-0.1458153873682022,0.15902340412139893,0.020053207874298096,-0.15521635115146637,0.15455979108810425,0.05736926198005676,-0.15843679010868073,0.04557773470878601,0.0332585945725441,0.06452576071023941,0.08784454315900803,0.05886999890208244,0.04587724059820175,0.023819612339138985,0.2720971703529358,0.28108251094818115,0.26821622252464294,0.24118663370609283,0.2286529690027237,0.0993100106716156,0.06722787022590637,157.53477478027344,143.48342895507812,154.63778686523438,101.96471405029297,147.31509399414062,157.23123168945312,104.85420989990234,141.2218780517578,165.32826232910156,104.22684478759766,142.00814819335938,159.60679626464844,106.56709289550781,145.59347534179688,162.56915283203125,0.58293616771698,0.3138079047203064,-0.10280292481184006,-112.0957260131836,18.29106330871582,165.73788452148438,0.12004714459180832,157.534773444864,143.48342316180938,154.6377846171259,101.96471359522387,147.31509907196693,157.2312379368155,104.85420942327038,141.22188491799307,165.32825745835865,104.22684168207164,142.00815348282217,159.6067975422353,106.5670935410261,145.59346785849482,162.56915786398218,-112.09572409452608,18.291063340867847,165.7378903270629,0.12004714327533063
20251105_002239,kamal,2025-11-05 00:23:39,1,grasp,0.0,0.0,0.0,0.014439582824707031,0.08612528443336487,-0.06503412127494812,0.05209916830062866,0.14634686708450317,-0.12594345211982727,0.09976112842559814,0.17918074131011963,-0.17497120797634125,0.12994754314422607,0.17306384444236755,-0.2222522795200348,-0.011021792888641357,0.08436423540115356,-0.166086807847023,0.05554008483886719,0.12985101342201233,-0.23693683743476868,0.09605222940444946,0.15644139051437378,-0.27459362149238586,0.11680740118026733,0.17934030294418335,-0.295401006937027,-0.011328637599945068,0.021491944789886475,-0.15871623158454895,0.07772010564804077,0.04753032326698303,-0.2294301986694336,0.12414497137069702,0.10879641771316528,-0.2466556876897812,0.14322268962860107,0.15555453300476074,-0.2544182240962982,0.002964913845062256,-0.029685646295547485,-0.15164102613925934,0.09770369529724121,0.01034364104270935,-0.2077043354511261,0.13666021823883057,0.06909596920013428,-0.2091367244720459,0.14464610815048218,0.10974064469337463,-0.2051294595003128,0.023359596729278564,-0.06579014658927917,-0.1485186368227005,0.10156065225601196,-0.0182916522026062,-0.1863446831703186,0.13051241636276245,0.035423070192337036,-0.19107294082641602,0.13692015409469604,0.07224923372268677,-0.1923704892396927,0.07458413392305374,0.03895450383424759,0.06722400337457657,0.10538085550069809,0.05425051972270012,0.06730765849351883,0.0403495691716671,0.3102152943611145,0.3647857904434204,0.33081504702568054,0.2739408612251282,0.24692809581756592,0.11733736842870712,0.10406447947025299,162.04232788085938,162.22691345214844,146.18174743652344,137.94435119628906,176.44387817382812,167.6151123046875,125.11539459228516,139.1149139404297,164.79969787597656,114.80242919921875,137.84552001953125,156.6206817626953,105.41812896728516,145.5077362060547,161.4156494140625,0.5448025465011597,0.325910747051239,-0.12499191612005234,-117.06607818603516,28.048320770263672,102.89689636230469,0.14996102452278137,162.0423271447156,162.226912536446,146.18174481675376,137.94434657709178,176.44387401931635,167.61511604987328,125.1153949403496,139.11491911219542,164.799697082432,114.80242901437707,137.84552260636238,156.62068748637225,105.4181294858873,145.50773586702232,161.4156426531247,-117.06608089155479,28.04832044799099,102.89689799564772,0.14996101998113026
20251105_002239,kamal,2025-11-05 00:23:39,1,grasp,0.0,0.0,0.0,-0.03232312202453613,0.005355626344680786,-0.05778049677610397,-0.048545658588409424,0.0139140784740448,-0.10473416745662689,-0.007183849811553955,0.034016042947769165,-0.1427984982728958,0.047404348850250244,0.04302927851676941,-0.17763741314411163,-0.04871845245361328,-0.1545569896697998,-0.09772156178951263,0.01585167646408081,-0.09336087107658386,-0.14541982114315033,0.04537588357925415,-0.030368894338607788,-0.17279188334941864,0.05361908674240112,0.02633744478225708,-0.18731138110160828,0.0058667659759521484,-0.17561310529708862,-0.08916676789522171,0.06220901012420654,-0.12938380241394043,-0.13470306992530823,0.0877179503440857,-0.05260133743286133,-0.15246252715587616,0.08835077285766602,0.004691749811172485,-0.15992194414138794,0.05479013919830322,-0.1676863729953766,-0.08302921801805496,0.10199594497680664,-0.12229371070861816,-0.1255989968776703,0.11706584692001343,-0.056897521018981934,-0.13120749592781067,0.1077812910079956,-0.01242220401763916,-0.12777064740657806,0.09338259696960449,-0.1400102972984314,-0.0805131271481514,0.12841695547103882,-0.10942786931991577,-0.11035505682229996,0.13072699308395386,-0.062425851821899414,-0.1109953299164772,0.11644136905670166,-0.028421998023986816,-0.10574561357498169,0.020268840715289116,0.05882358178496361,0.09595277905464172,0.12263696640729904,0.049244362860918045,0.041281212121248245,0.028567327186465263,0.1888219714164734,0.19660675525665283,0.18276458978652954,0.1676199734210968,0.15983909368515015,0.08933618664741516,0.06943108886480331,168.68106079101562,115.34772491455078,164.7192840576172,65.42951202392578,159.4650115966797,162.4199676513672,77.28291320800781,144.50242614746094,161.83628845214844,84.38233947753906,138.1558074951172,153.6365509033203,97.76274871826172,126.24342346191406,152.97645568847656,0.6117638349533081,0.328675240278244,-0.07008633762598038,-96.90489196777344,1.4710015058517456,-174.1550750732422,0.12263696640729904,168.6810662551441,115.34772472676204,164.71928597356865,65.429510187521,159.46501749244092,162.41996107279894,77.28291041709215,144.5024230103942,161.8362828639439,84.38233991663704,138.1558140310358,153.63655029449623,97.76274897303621,126.2434253368013,152.97645774961444,-96.90489461176291,1.4710014946041543,-174.1550687126411,0.12263696364598366
20251105_002239,kamal,2025-11-05 00:23:39,1,grasp,0.0,0.0,0.0,-0.029276251792907715,0.01397433876991272,-0.07035920023918152,-0.04037410020828247,0.02488759160041809,-0.12341554462909698,0.010682880878448486,0.052691489458084106,-0.16362792253494263,0.06723487377166748,0.06321150064468384,-0.1999014914035797,-0.04278731346130371,-0.1347300410270691,-0.1173943504691124,0.026610612869262695,-0.07297894358634949,-0.166748508810997,0.05249601602554321,-0.010179847478866577,-0.1939793825149536,0.054449260234832764,0.04550322890281677,-0.20865881443023682,0.012176513671875,-0.1526910364627838,-0.10212642699480057,0.07264131307601929,-0.1120232343673706,-0.14937371015548706,0.09584981203079224,-0.03713822364807129,-0.16788709163665771,0.09452217817306519,0.019281655550003052,-0.1767476499080658,0.05863690376281738,-0.14274859428405762,-0.08900922536849976,0.10630840063095093,-0.09430626034736633,-0.1326994001865387,0.12095952033996582,-0.0274050235748291,-0.13877837359905243,0.11188924312591553,0.01734846830368042,-0.13625764846801758,0.09339797496795654,-0.11561083793640137,-0.08012621104717255,0.12624871730804443,-0.08202219009399414,-0.11136132478713989,0.1294754147529602,-0.0321887731552124,-0.11256442219018936,0.11699742078781128,0.003176778554916382,-0.10816361755132675,0.023531798273324966,0.05666152760386467,0.09026610106229782,0.12040064483880997,0.05754765123128891,0.044099800288677216,0.03187796100974083,0.22017453610897064,0.220394566655159,0.20136025547981262,0.17716184258460999,0.15936705470085144,0.09661247581243515,0.07394776493310928,169.3704376220703,118.5889892578125,164.77964782714844,73.48307037353516,155.74368286132812,159.40850830078125,87.67659759521484,139.54681396484375,161.27264404296875,89.08070373535156,139.19363403320312,154.83004760742188,100.20500946044922,130.1568603515625,155.53506469726562,0.6126222610473633,0.3274945914745331,-0.077731192111969,-105.30471801757812,5.49489164352417,-172.00840759277344,0.12571032345294952,169.37043379475918,118.58898589025614,164.77964786337444,73.48306781322046,155.7436787088041,159.408513398143,87.67659422475505,139.5468073501929,161.2726465150827,89.08070650041805,139.1936290344288,154.83005001003409,100.20501204030009,130.1568571065222,155.53505876517895,-105.30472023869481,5.494891652790067,-172.0084128451294,0.12571031734050422
20251105_002239,kamal,2025-11-05 00:23:39,1,grasp,0.0,0.0,0.0,-0.02356964349746704,0.023732990026474,-0.07568300515413284,-0.02755206823348999,0.04255056381225586,-0.13137008249759674,0.028451740741729736,0.0737120509147644,-0.172256737947464,0.08001309633255005,0.07454806566238403,-0.2086428701877594,-0.047304630279541016,-0.11913138628005981,-0.12915778160095215,0.020833909511566162,-0.07238498330116272,-0.18147163093090057,0.05016094446182251,-0.00887000560760498,-0.2088620662689209,0.05624103546142578,0.04803857207298279,-0.22412870824337006,0.005158066749572754,-0.14670872688293457,-0.11203613132238388,0.06444531679153442,-0.11429953575134277,-0.16182899475097656,0.089633047580719,-0.034187525510787964,-0.18026091158390045,0.09161746501922607,0.0204678475856781,-0.1901039183139801,0.052097201347351074,-0.14184024930000305,-0.09728168696165085,0.10188347101211548,-0.10059350728988647,-0.14378078281879425,0.11798614263534546,-0.0309751033782959,-0.15023142099380493,0.1113312840461731,0.011603325605392456,-0.14978785812854767,0.09042096138000488,-0.11681249737739563,-0.08692073076963425,0.12421673536300659,-0.07736572623252869,-0.12470275908708572,0.127607524394989,-0.021532505750656128,-0.1294299215078354,0.1162598729133606,0.012396961450576782,-0.12806783616542816,0.03882879391312599,0.05833544582128525,0.09168850630521774,0.1080227941274643,0.05629673972725868,0.04574493691325188,0.022286323830485344,0.23556603491306305,0.2360178828239441,0.21201932430267334,0.18699117004871368,0.17341111600399017,0.09944357722997665,0.06723736226558685,167.26583862304688,126.12090301513672,156.54298400878906,83.43229675292969,150.58255004882812,161.12966918945312,94.17973327636719,133.9404296875,164.76980590820312,95.07808685302734,134.05673217773438,157.37770080566406,99.05179595947266,133.79998779296875,156.95932006835938,0.6078544855117798,0.32258909940719604,-0.085079126060009,-107.04949188232422,5.539827346801758,-179.035400390625,0.11874458193778992,167.2658416176629,126.12090536230691,156.54298578584232,83.43229332419736,150.58255694183651,161.1296712719786,94.17973552424671,133.94042583975312,164.76980683404045,95.07808471945047,134.05673191448784,157.37770136701877,99.05179851035469,133.7999863569765,156.95932343172765,-107.0494907630213,5.539827510422088,-179.03540080009836,0.11874458472374938
20251105_002239,kamal,2025-11-05 00:23:39,1,grasp,0.0,0.0,0.0,-0.021925389766693115,0.020602643489837646,-0.07509706914424896,-0.02448129653930664,0.03858315944671631,-0.12935686111450195,0.027889549732208252,0.06850335001945496,-0.16916286945343018,0.07301062345504761,0.0703311562538147,-0.20438829064369202,-0.04220879077911377,-0.12650516629219055,-0.12529276311397552,0.02240830659866333,-0.07661661505699158,-0.17520667612552643,0.050240159034729004,-0.014878898859024048,-0.19993464648723602,0.05659794807434082,0.038889020681381226,-0.2130875587463379,0.010748684406280518,-0.14947503805160522,-0.10703348368406296,0.06754541397094727,-0.10984909534454346,-0.15676240622997284,0.08940398693084717,-0.029037535190582275,-0.17321337759494781,0.08926039934158325,0.025591015815734863,-0.18072359263896942,0.05701643228530884,-0.14140906929969788,-0.09143060445785522,0.10375773906707764,-0.095171719789505,-0.1376761794090271,0.11728757619857788,-0.026490747928619385,-0.14319494366645813,0.11000752449035645,0.015543848276138306,-0.14115452766418457,0.09409403800964355,-0.1152249276638031,-0.08024704456329346,0.12669378519058228,-0.07661110162734985,-0.11635036766529083,0.12996834516525269,-0.025274276733398438,-0.12130562216043472,0.12004369497299194,0.0052983760833740234,-0.11981942504644394,0.03651932626962662,0.05315781384706497,0.09148184955120087,0.11659015715122223,0.04786542430520058,0.04579409956932068,0.025707600638270378,0.2281481772661209,0.22387941181659698,0.20318301022052765,0.17963258922100067,0.16969165205955505,0.0925847738981247,0.07119493931531906,166.50927734375,128.32150268554688,157.35952758789062,80.8484878540039,152.38783264160156,162.0643768310547,90.03671264648438,136.33375549316406,164.57083129882812,91.42306518554688,136.04510498046875,157.82894897460938,98.29971313476562,134.96005249023438,156.9049530029297,0.6110909581184387,0.32291823625564575,-0.08080071210861206,-108.2878189086914,7.235653400421143,-175.26905822753906,0.11769723147153854,166.50927680261174,128.321501719902,157.35952564410408,80.84848954177812,152.38783165452966,162.06436945560182,90.03670993118764,136.33375995923572,164.57083055293776,91.42306536248097,136.04509761244776,157.82894853392855,98.29971259406537,134.96005997470675,156.90494638872107,-108.28782063842621,7.235653427969957,-175.2690594538596,0.11769722842146788
20251105_002239,kamal,2025-11-05 00:23:39,2,release,0.0,0.0,0.0,-0.06756192445755005,0.0055544376373291016,0.017821036279201508,-0.14097315073013306,0.02606162428855896,0.01961485669016838,-0.19316616654396057,0.053385257720947266,0.014587435871362686,-0.22477498650550842,0.09544330835342407,0.004626933019608259,-0.20403355360031128,-0.017624884843826294,0.008062290959060192,-0.22570249438285828,0.10790741443634033,-0.012366602197289467,-0.22972828149795532,0.1916884183883667,-0.0345672182738781,-0.22834479808807373,0.2552304267883301,-0.04886100813746452,-0.1984410285949707,-0.0029332637786865234,-0.0142613360658288,-0.20838025212287903,0.14443761110305786,-0.026026809588074684,-0.20725244283676147,0.22513240575790405,-0.04531734064221382,-0.20565366744995117,0.295837938785553,-0.0628482773900032,-0.18131253123283386,0.027337580919265747,-0.03597478196024895,-0.19567906856536865,0.17080998420715332,-0.052718646824359894,-0.19265741109848022,0.2473607063293457,-0.06950364261865616,-0.19185355305671692,0.3027086853981018,-0.08292275667190552,-0.15276196599006653,0.07033276557922363,-0.05551506578922272,-0.18659013509750366,0.1853237748146057,-0.07609129697084427,-0.203872412443161,0.2589333653450012,-0.08528909087181091,-0.21672767400741577,0.31920289993286133,-0.09104728698730469,0.16853968799114227,0.21231235563755035,0.2273932844400406,0.24348853528499603,0.048574697226285934,0.02531076967716217,0.030932005494832993,0.24424296617507935,0.3459354341030121,0.36573681235313416,0.36785393953323364,0.39642274379730225,0.06889120489358902,0.03825884312391281,162.8206787109375,166.46917724609375,154.141357421875,94.43341827392578,171.0516815185547,175.56089782714844,93.32086181640625,169.99273681640625,179.3209991455078,105.23886108398438,170.2659454345703,178.1161651611328,131.94818115234375,175.78494262695312,178.0221405029297,0.4446450173854828,0.48706260323524475,-0.019538527354598045,-38.88423538208008,53.98684310913086,-120.23843383789062,0.24348853528499603,162.8206744404836,166.46918220567474,154.1413578547045,94.4334179141194,171.05167644308486,175.56089472119373,93.32086384684315,169.9927310985607,179.3209956070954,105.23885993498858,170.26594967843624,178.1161635972109,131.94818648292392,175.78494258822164,178.02213707877667,-38.88423659500583,53.98684497555736,-120.23843031806634,0.24348854143972523
20251105_002239,kamal,2025-11-05 00:23:39,2,release,0.0,0.0,0.0,-0.05815821886062622,0.010654598474502563,-0.0024386586155742407,-0.12328806519508362,0.04181358218193054,-0.016350477933883667,-0.17092204093933105,0.06966793537139893,-0.03194139152765274,-0.20012769103050232,0.09652027487754822,-0.0489581860601902,-0.16501963138580322,-0.02001228928565979,-0.04911433905363083,-0.24254530668258667,-0.005783289670944214,-0.07908757776021957,-0.29619336128234863,0.012835055589675903,-0.09782015532255173,-0.3408240079879761,0.02841690182685852,-0.11003778129816055,-0.15549403429031372,-0.01520046591758728,-0.06282126158475876,-0.23281779885292053,0.028398901224136353,-0.08925073593854904,-0.29152625799179077,0.06541022658348083,-0.10364226996898651,-0.3368811011314392,0.0983477532863617,-0.11476597934961319,-0.13231056928634644,0.005318641662597656,-0.07452786713838577,-0.1824468970298767,0.10938093066215515,-0.10209845006465912,-0.19047531485557556,0.17515906691551208,-0.1095808669924736,-0.18720942735671997,0.2193349301815033,-0.11184676736593246,-0.09817761182785034,0.04019838571548462,-0.08537427335977554,-0.1434754729270935,0.135294109582901,-0.1102728620171547,-0.16169878840446472,0.19731906056404114,-0.11653733998537064,-0.17264217138290405,0.24377450346946716,-0.11851241439580917,0.16782204806804657,0.15177451074123383,0.13858316838741302,0.16515766084194183,0.0702013298869133,0.19247864186763763,0.02922205626964569,0.22751738131046295,0.35927265882492065,0.3692321479320526,0.3092974126338959,0.32136663794517517,0.24505184590816498,0.21940237283706665,162.67723083496094,173.2861785888672,166.25283813476562,163.03530883789062,171.3761444091797,176.2329559326172,146.60231018066406,174.42364501953125,176.28289794921875,120.80774688720703,160.25489807128906,168.31163024902344,134.85496520996094,168.13853454589844,175.56240844726562,0.4561496675014496,0.4203253984451294,-0.054367102682590485,-61.521400451660156,15.447630882263184,-137.98776245117188,0.2733785808086395,162.6772323121274,173.28617835529062,166.25283677479723,163.03531226375782,171.3761456362412,176.2329566505851,146.6023079396864,174.42364772336006,176.28290225583333,120.80774585851209,160.25489130345318,168.31163190229032,134.8549709008086,168.13853995062664,175.5624111135173,-61.52140089850058,15.447631014780313,-137.98776464569377,0.2733785766208673
20251105_002239,kamal,2025-11-05 00:23:39,2,release,0.0,0.0,0.0,-0.0640278160572052,-0.023964107036590576,0.010158205404877663,-0.1388610303401947,0.006882727146148682,0.006220328621566296,-0.18883633613586426,0.047538578510284424,-0.00030512973899021745,-0.21575012803077698,0.08921557664871216,-0.011310352943837643,-0.17638340592384338,-0.02174505591392517,-0.036956701427698135,-0.25753599405288696,0.0052568018436431885,-0.061796583235263824,-0.31493210792541504,0.03304380178451538,-0.07889284193515778,-0.35743221640586853,0.061474382877349854,-0.09173884242773056,-0.16787350177764893,-0.004614114761352539,-0.05775630474090576,-0.2503073811531067,0.05691242218017578,-0.07872773706912994,-0.3043851852416992,0.10909801721572876,-0.09514956176280975,-0.3452005386352539,0.15567517280578613,-0.10881393402814865,-0.14054742455482483,0.026743024587631226,-0.07499758899211884,-0.21396929025650024,0.10045963525772095,-0.09768332540988922,-0.2618923783302307,0.15173310041427612,-0.1154649630188942,-0.30088862776756287,0.19184964895248413,-0.13022208213806152,-0.0988297164440155,0.06763866543769836,-0.0892724022269249,-0.12611663341522217,0.15838533639907837,-0.1159803569316864,-0.14647412300109863,0.21002715826034546,-0.12787602841854095,-0.16281479597091675,0.2506029009819031,-0.135539248585701,0.1652638167142868,0.17516060173511505,0.17866817116737366,0.21043013036251068,0.09651404619216919,0.061077386140823364,0.15014858543872833,0.23374229669570923,0.37410280108451843,0.39400336146354675,0.379865825176239,0.32814839482307434,0.1472271978855133,0.20734047889709473,135.7528839111328,163.05442810058594,160.9950408935547,154.94192504882812,172.74729919433594,172.2545166015625,142.37400817871094,172.8680419921875,175.31777954101562,144.4319305419922,177.38990783691406,178.7767333984375,139.71957397460938,174.1013946533203,177.80145263671875,0.44080543518066406,0.3720185458660126,-0.05179648846387863,-55.99742126464844,23.27291488647461,-130.94650268554688,0.2748890817165375,135.75287763855889,163.05442739218495,160.9950424291177,154.94191777742188,172.7472939113771,172.2545182459648,142.37400491631578,172.8680388286484,175.31778310596067,144.43192674189976,177.38991070042815,178.77673184109386,139.7195669947733,174.1013960450601,177.80144842897826,-55.99742174876547,23.27291491311105,-130.9465063075291,0.27488909205252077
20251105_002239,kamal,2025-11-05 00:23:39,2,release,0.0,0.0,0.0,-0.060386717319488525,0.007056534290313721,0.01015932485461235,-0.12944671511650085,0.05647805333137512,0.005507621914148331,-0.16554924845695496,0.1175524890422821,-0.0029369674157351255,-0.1885075867176056,0.16736653447151184,-0.015074183233082294,-0.1873910129070282,0.006888031959533691,-0.03249005973339081,-0.2784264087677002,0.045238107442855835,-0.05999123677611351,-0.34221741557121277,0.07439076900482178,-0.07646078616380692,-0.3890889286994934,0.10572284460067749,-0.08749698847532272,-0.17454445362091064,0.009871721267700195,-0.05781072378158569,-0.274358868598938,0.05369153618812561,-0.08244489878416061,-0.3375234007835388,0.10068562626838684,-0.100955531001091,-0.38167279958724976,0.15132686495780945,-0.11311910301446915,-0.13863354921340942,0.029386162757873535,-0.0802837684750557,-0.20846283435821533,0.08711761236190796,-0.11172143369913101,-0.2492068111896515,0.13602197170257568,-0.1346743255853653,-0.2814088463783264,0.17519783973693848,-0.14804092049598694,-0.08859297633171082,0.0642082691192627,-0.09910189360380173,-0.10905560851097107,0.14270922541618347,-0.1311643421649933,-0.12409788370132446,0.1920514702796936,-0.1433526873588562,-0.13622888922691345,0.2313196063041687,-0.14862142503261566,0.22198621928691864,0.21721620857715607,0.16239497065544128,0.1570284217596054,0.05283198133111,0.10882196575403214,0.15565092861652374,0.252534955739975,0.4125811755657196,0.4258754253387451,0.36304453015327454,0.3068475127220154,0.14172981679439545,0.26058006286621094,148.5382537841797,155.9922332763672,171.90423583984375,158.98745727539062,177.12747192382812,170.7550506591797,159.5272979736328,167.37554931640625,167.6290740966797,152.86634826660156,169.96681213378906,174.92398071289062,141.16455078125,171.4323272705078,174.00723266601562,0.42858967185020447,0.33453744649887085,-0.05393695831298828,-56.01127243041992,20.813749313354492,-149.87872314453125,0.2888753116130829,148.53825560833056,155.9922399523337,171.90423708323664,158.98745512118222,177.12746624669617,170.7550521125603,159.52730219559425,167.3755544845259,167.62906869758837,152.86634605602734,169.9668193806732,174.92397644116184,141.1645533528447,171.43233357285436,174.00722905010426,-56.01127293681713,20.81374909568305,-149.8787269130127,0.28887530676214745
20251105_002239,kamal,2025-11-05 00:23:39,2,release,0.0,0.0,0.0,-0.07786893844604492,0.014323711395263672,0.009679758921265602,-0.16114217042922974,0.056404441595077515,0.0018366200383752584,-0.2208726704120636,0.10696130990982056,-0.008470995351672173,-0.26636794209480286,0.1496242880821228,-0.021844686940312386,-0.1972033679485321,0.004538774490356445,-0.04373951256275177,-0.2892659902572632,0.05831095576286316,-0.07696852833032608,-0.34968867897987366,0.0981048047542572,-0.09632597118616104,-0.39467769861221313,0.13716796040534973,-0.10908646136522293,-0.18018558621406555,0.009778738021850586,-0.06922362744808197,-0.2810620665550232,0.05797839164733887,-0.10215582698583603,-0.3354698419570923,0.11183080077171326,-0.12099124491214752,-0.3721732795238495,0.16653063893318176,-0.1327286958694458,-0.14281919598579407,0.03412425518035889,-0.09151235967874527,-0.21267670392990112,0.09402868151664734,-0.12454193085432053,-0.2548438608646393,0.1478690803050995,-0.1442120373249054,-0.2875714898109436,0.192798912525177,-0.1564510017633438,-0.09321266412734985,0.07489955425262451,-0.11054982244968414,-0.11482465267181396,0.14309030771255493,-0.14163564145565033,-0.13150417804718018,0.1917133927345276,-0.15396544337272644,-0.14563322067260742,0.23553407192230225,-0.1605607271194458,0.15565887093544006,0.15419422090053558,0.14294229447841644,0.20297661423683167,0.04390412196516991,0.09170731902122498,0.14828909933567047,0.3062947988510132,0.43183955550193787,0.42879170179367065,0.3799285590648651,0.32010167837142944,0.1296531707048416,0.23844599723815918,159.84756469726562,166.37301635742188,174.578369140625,151.62484741210938,176.2330780029297,172.0680389404297,158.28619384765625,161.323486328125,168.2163848876953,152.78314208984375,168.61598205566406,175.8865203857422,146.2298583984375,169.91885375976562,174.56239318847656,0.4266461431980133,0.3049492835998535,-0.06300489604473114,-57.280704498291016,22.85323143005371,-145.91746520996094,0.2726694941520691,159.84755714751046,166.3730115220241,174.57836875118235,151.62484108248916,176.23307256656204,172.06804297771163,158.28619797153777,161.32349095547576,168.21638434485985,152.7831482321073,168.61598756151395,175.88651513953846,146.22986551293528,169.91885735933596,174.56239166194297,-57.28070593476856,22.85323155116871,-145.9174647985537,0.2726694924468872
20251105_002239,kamal,2025-11-05 00:23:39,2,release,0.0,0.0,0.0,-0.08005428314208984,0.04340320825576782,0.007307414431124926,-0.16552111506462097,0.0971689224243164,-0.003776875324547291,-0.22638651728630066,0.1501733958721161,-0.0166618712246418,-0.27264147996902466,0.1937364935874939,-0.03159891441464424,-0.20356211066246033,0.009639173746109009,-0.04595601558685303,-0.2936900854110718,0.07191792130470276,-0.08209361881017685,-0.3486998975276947,0.11907100677490234,-0.10387583822011948,-0.3898053765296936,0.16396677494049072,-0.1187283992767334,-0.1839374601840973,0.005562394857406616,-0.07262113690376282,-0.2875688374042511,0.05110901594161987,-0.1101471334695816,-0.3390316367149353,0.10498368740081787,-0.1301313191652298,-0.37224823236465454,0.1593412458896637,-0.14246757328510284,-0.1443030834197998,0.024506211280822754,-0.09695480763912201,-0.2133924961090088,0.08011102676391602,-0.13591769337654114,-0.2523277699947357,0.13187530636787415,-0.15670210123062134,-0.2840026617050171,0.17504751682281494,-0.16874058544635773,-0.092410147190094,0.06408992409706116,-0.11811881512403488,-0.11809122562408447,0.1269831657409668,-0.15435431897640228,-0.13523781299591064,0.17431554198265076,-0.16875986754894257,-0.15153998136520386,0.2179006040096283,-0.17680174112319946,0.149013951420784,0.15295881032943726,0.13887472450733185,0.1906130462884903,0.029886381700634956,0.0934036448597908,0.13945512473583221,0.3359549045562744,0.43923768401145935,0.4292497932910919,0.3738616406917572,0.31891047954559326,0.11755089461803436,0.23091161251068115,168.53341674804688,170.76617431640625,175.3000030517578,148.77252197265625,174.11753845214844,172.67140197753906,159.09767150878906,158.12548828125,167.38771057128906,152.6817169189453,165.4508514404297,174.83811950683594,148.30287170410156,167.70846557617188,173.80897521972656,0.4275813400745392,0.2846783995628357,-0.06673004478216171,-57.00729751586914,21.790178298950195,-153.90084838867188,0.2511011064052582,168.5334139818646,170.7661805618743,175.30000946698934,148.77252524934985,174.11753769945543,172.67139695119315,159.09767423986895,158.12548803715086,167.3877132742102,152.68172176827485,165.45084417236777,174.83811942779383,148.30286826922404,167.70846351123254,173.80897601088182,-57.00729854867108,21.79017773493936,-153.90084562977094,0.2511010982013895
20251105_002239,kamal,2025-11-05 00:23:39,2,release,0.0,0.0,0.0,-0.08121439814567566,0.031254202127456665,0.01468037161976099,-0.1682535707950592,0.07870522141456604,0.007009340915828943,-0.22666364908218384,0.12732285261154175,-0.0037823249585926533,-0.26894423365592957,0.17142778635025024,-0.01786951720714569,-0.20357489585876465,-0.0009368360042572021,-0.04268728196620941,-0.2921096682548523,0.06608852744102478,-0.07727350294589996,-0.34431833028793335,0.11616578698158264,-0.09743008017539978,-0.3830263316631317,0.16326865553855896,-0.11133354902267456,-0.1838752031326294,-0.004873722791671753,-0.0730009526014328,-0.2903423011302948,0.043104469776153564,-0.11034043878316879,-0.34276485443115234,0.09912753105163574,-0.13112995028495789,-0.37682998180389404,0.15521293878555298,-0.1437242478132248,-0.14407417178153992,0.014155060052871704,-0.10006643086671829,-0.2191174030303955,0.07331421971321106,-0.13991378247737885,-0.26285088062286377,0.12875932455062866,-0.16305793821811676,-0.2999736964702606,0.174204021692276,-0.17677876353263855,-0.0932861864566803,0.053666770458221436,-0.12285015732049942,-0.12129801511764526,0.12393456697463989,-0.1607588529586792,-0.14128491282463074,0.17491742968559265,-0.17627421021461487,-0.16118231415748596,0.21877774596214294,-0.18508881330490112,0.14770518243312836,0.16655831038951874,0.16193419694900513,0.20449191331863403,0.03394771367311478,0.08579131960868835,0.14601001143455505,0.3194335699081421,0.4309999942779541,0.4321441352367401,0.3893353343009949,0.328787624835968,0.10630333423614502,0.22859446704387665,164.10647583007812,168.30743408203125,171.99652099609375,143.46051025390625,173.3650360107422,172.88551330566406,155.4466094970703,158.14511108398438,167.7076873779297,149.1142120361328,166.59414672851562,174.9261474609375,143.0325164794922,169.19754028320312,173.82093811035156,0.43224209547042847,0.26919859647750854,-0.0677209421992302,-53.98863220214844,21.049192428588867,-153.66012573242188,0.24028289318084717,164.10647730302873,168.30742662400772,171.99651594664567,143.46051251350326,173.3650313365262,172.8855118745959,155.44660592647946,158.14510994395337,167.70768869083014,149.11421276388876,166.59414549908848,174.92615344821036,143.03251738450294,169.19753541250972,173.8209446831043,-53.98863177841994,21.04919324360705,-153.66012716783146,0.24028289021709204
20251105_002239,kamal,2025-11-05 00:23:39,2,release,0.0,0.0,0.0,-0.08245593309402466,0.005960941314697266,0.016938181594014168,-0.17127689719200134,0.03960070013999939,0.01187948603183031,-0.23011788725852966,0.08578810095787048,0.003019442781805992,-0.2704307436943054,0.128455251455307,-0.009749271906912327,-0.20552387833595276,-0.013783350586891174,-0.037087682634592056,-0.29131564497947693,0.05987545847892761,-0.06961659342050552,-0.3400246500968933,0.10956832766532898,-0.08828425407409668,-0.37666526436805725,0.15466579794883728,-0.10086033493280411,-0.18679985404014587,-0.008399739861488342,-0.06690341234207153,-0.2904823124408722,0.04535311460494995,-0.10072594881057739,-0.34402406215667725,0.10180091857910156,-0.11954409629106522,-0.38030683994293213,0.15798813104629517,-0.13102225959300995,-0.14714622497558594,0.017534196376800537,-0.0936817154288292,-0.21628543734550476,0.07686212658882141,-0.13027910888195038,-0.2599250078201294,0.13182377815246582,-0.1534385085105896,-0.2966963052749634,0.17729440331459045,-0.1674618422985077,-0.09744709730148315,0.06056678295135498,-0.11616785824298859,-0.12071672081947327,0.12366938591003418,-0.15090684592723846,-0.13880977034568787,0.17299726605415344,-0.16603806614875793,-0.1565811038017273,0.21867448091506958,-0.17486965656280518,0.1423867642879486,0.16628916561603546,0.1671777367591858,0.21992269158363342,0.03056207299232483,0.09322714060544968,0.1462855339050293,0.29954731464385986,0.4194890260696411,0.43215781450271606,0.3840644061565399,0.32080456614494324,0.10650280863046646,0.23592083156108856,157.93731689453125,162.28834533691406,169.971435546875,136.365966796875,175.14480590820312,174.10604858398438,151.2946319580078,161.36245727539062,168.89601135253906,148.28521728515625,169.1283721923828,175.1967010498047,145.0042724609375,168.7481689453125,174.04856872558594,0.4301770329475403,0.26107561588287354,-0.0627681240439415,-53.80693054199219,21.44326400756836,-145.4744415283203,0.24085582792758942,157.93731967210854,162.28833847094086,169.97143927045605,136.36597410909226,175.14480793006518,174.1060415171676,151.29463624977188,161.3624608487416,168.89601423105876,148.28521265391794,169.12837236005927,175.19669812112102,145.00426638756525,168.74816434222188,174.04857235527552,-53.80692903845637,21.4432632655759,-145.4744360185415,0.24085582370490008
20251105_002239,kamal,2025-11-05 00:23:39,2,release,0.0,0.0,0.0,-0.07957768440246582,0.007915705442428589,0.01418792549520731,-0.1649307906627655,0.041955798864364624,0.008812053129076958,-0.22288614511489868,0.08545249700546265,5.6200478866230696e-05,-0.261505663394928,0.12638714909553528,-0.012527926824986935,-0.20217883586883545,-0.0045929402112960815,-0.03773846477270126,-0.2880048155784607,0.0643627941608429,-0.06970866769552231,-0.33951520919799805,0.11262083053588867,-0.08839792013168335,-0.37929439544677734,0.15721425414085388,-0.10108771175146103,-0.18429699540138245,-0.0010112524032592773,-0.0656260997056961,-0.28817132115364075,0.04934048652648926,-0.0986563190817833,-0.3415851593017578,0.10282492637634277,-0.11650080233812332,-0.37710386514663696,0.15616121888160706,-0.12723970413208008,-0.14540967345237732,0.022380322217941284,-0.09071170538663864,-0.21393141150474548,0.08063587546348572,-0.12616533041000366,-0.25726744532585144,0.135613352060318,-0.1482570320367813,-0.2927769422531128,0.18106845021247864,-0.16139504313468933,-0.09584107995033264,0.0633077323436737,-0.11194562911987305,-0.12032097578048706,0.129741370677948,-0.14503847062587738,-0.13862735033035278,0.1800786256790161,-0.1592046320438385,-0.15566572546958923,0.2264685332775116,-0.1673579216003418,0.15055672824382782,0.16555431485176086,0.161645770072937,0.21258105337619781,0.02626468986272812,0.09432914108037949,0.1445552110671997,0.29071614146232605,0.42284664511680603,0.42753198742866516,0.38020059466362,0.3217584192752838,0.10812614858150482,0.23576988279819489,159.12637329101562,164.50682067871094,168.80014038085938,140.66639709472656,175.5897979736328,174.2556610107422,154.83778381347656,161.25900268554688,168.30091857910156,150.08958435058594,168.55453491210938,175.3104248046875,144.9084930419922,169.75978088378906,174.55084228515625,0.4323198199272156,0.2635055482387543,-0.061204347759485245,-55.09096908569336,21.4237117767334,-147.4402313232422,0.24330571293830872,159.12636775042037,164.50681852936586,168.80014552804167,140.6664021986641,175.5898013276664,174.25566536793806,154.8377822263507,161.25899798231336,168.30092110186956,150.08959100065934,168.55454071452996,175.31043158932633,144.90849303699133,169.75978777303055,174.55083481887337,-55.09096814508612,21.423712146862915,-147.44023154395805,0.24330571564035527
20251105_002239,kamal,2025-11-05 00:23:39,2,release,0.0,0.0,0.0,-0.08245253562927246,0.03384938836097717,0.007591236848384142,-0.17012625932693481,0.07983219623565674,-0.002184256911277771,-0.2294614315032959,0.13180449604988098,-0.013759692199528217,-0.273466557264328,0.17630836367607117,-0.027708424255251884,-0.2058820128440857,-0.006147474050521851,-0.04184739664196968,-0.28877562284469604,0.06788918375968933,-0.07541270554065704,-0.33681100606918335,0.12184995412826538,-0.09601082652807236,-0.37325596809387207,0.17071586847305298,-0.11038745194673538,-0.18420475721359253,-0.006054311990737915,-0.06780534982681274,-0.28252753615379333,0.04624477028846741,-0.10230962187051773,-0.3318074345588684,0.10689222812652588,-0.12102244794368744,-0.36486202478408813,0.16606318950653076,-0.133173868060112,-0.14374905824661255,0.017831355333328247,-0.09180337190628052,-0.21037650108337402,0.0779445469379425,-0.12844862043857574,-0.2506465017795563,0.13636165857315063,-0.1488313376903534,-0.28506094217300415,0.18377381563186646,-0.16137690842151642,-0.09344631433486938,0.06289559602737427,-0.11267073452472687,-0.11589658260345459,0.13543331623077393,-0.14698129892349243,-0.1321137249469757,0.18858113884925842,-0.16084645688533783,-0.14867988228797913,0.23584970831871033,-0.16920946538448334,0.12971131503582,0.139932319521904,0.13437792658805847,0.19783687591552734,0.024725034832954407,0.0864713117480278,0.1461952179670334,0.32655221223831177,0.42502862215042114,0.4224174916744232,0.37559959292411804,0.3261328637599945,0.10270735621452332,0.23000746965408325,168.20962524414062,166.2925567626953,174.16220092773438,137.5853271484375,173.64785766601562,174.521240234375,151.56861877441406,157.6200714111328,169.75779724121094,147.4615936279297,165.9518585205078,175.83335876464844,142.45790100097656,169.69198608398438,174.92018127441406,0.43237069249153137,0.25873512029647827,-0.06282535195350647,-57.79314041137695,23.149131774902344,-148.44728088378906,0.24111588299274445,168.20963123311378,166.29255453347682,174.162200152898,137.58532437954545,173.64785630828328,174.52124628555694,151.56862586106973,157.62006621012574,169.75779778919681,147.461593922568,165.95186510343692,175.83335416305385,142.4579064430665,169.69198210650544,174.92018311199288,-57.793141750868436,23.149131609071365,-148.44728037720645,0.24111588965311187
20251105_002239,kamal,2025-11-05 00:23:39,2,release,0.0,0.0,0.0,-0.07818049192428589,0.011473804712295532,0.006724054925143719,-0.16081681847572327,0.05466035008430481,-0.0038236191030591726,-0.21782076358795166,0.10820108652114868,-0.016212958842515945,-0.2573995292186737,0.15465855598449707,-0.03157335892319679,-0.20308822393417358,-0.004127413034439087,-0.04467824473977089,-0.28867048025131226,0.06722661852836609,-0.07931490987539291,-0.33791759610176086,0.12181207537651062,-0.10054808855056763,-0.373892217874527,0.17120563983917236,-0.11458869278430939,-0.1821560263633728,-0.001171201467514038,-0.06901392340660095,-0.28413286805152893,0.05080142617225647,-0.10141510516405106,-0.3330659866333008,0.10711625218391418,-0.11884395033121109,-0.36411386728286743,0.16179287433624268,-0.13045494258403778,-0.14291346073150635,0.023561984300613403,-0.09115662425756454,-0.21148771047592163,0.08928555250167847,-0.12445120513439178,-0.25299960374832153,0.15049582719802856,-0.143754243850708,-0.28561681509017944,0.19987216591835022,-0.15636542439460754,-0.09408026933670044,0.06731179356575012,-0.1103401705622673,-0.12072241306304932,0.14348113536834717,-0.1407325714826584,-0.1383177638053894,0.1966134011745453,-0.15257811546325684,-0.15351945161819458,0.2435796856880188,-0.1599663943052292,0.14399965107440948,0.14565855264663696,0.13569651544094086,0.18757081031799316,0.02087952196598053,0.09101192653179169,0.1391870230436325,0.3019447922706604,0.42689263820648193,0.41925448179244995,0.38206803798675537,0.3293759822845459,0.1017821803689003,0.2278376817703247,157.7041778564453,164.3219757080078,171.9298858642578,140.15725708007812,172.13352966308594,173.3927764892578,153.5760040283203,158.53811645507812,168.5257568359375,146.6195068359375,167.54383850097656,177.31544494628906,142.848388671875,171.26336669921875,176.54080200195312,0.43789273500442505,0.2624853849411011,-0.06303776055574417,-58.93696212768555,22.70000457763672,-146.7608642578125,0.2363499402999878,157.70417351581963,164.3219782826468,171.9298820932857,140.15725975272503,172.13353670451028,173.3927764130902,153.57599692104495,158.53811966980692,168.52575690393354,146.6194992276636,167.54383115274774,177.315451667323,142.84838798165745,171.26336989887696,176.54080839689905,-58.936960896332344,22.700005084652368,-146.76086003047516,0.2363499405866664
20251105_002239,kamal,2025-11-05 00:23:39,2,release,0.0,0.0,0.0,-0.07926017045974731,0.024634286761283875,0.007072928361594677,-0.16093704104423523,0.06758444011211395,-0.006186234299093485,-0.21514645218849182,0.12017394602298737,-0.020982833579182625,-0.2531090974807739,0.1671382337808609,-0.03889214247465134,-0.20190829038619995,-0.006841644644737244,-0.0526404045522213,-0.286665141582489,0.071883425116539,-0.09183429181575775,-0.3348051905632019,0.12704618275165558,-0.11620248109102249,-0.3692062199115753,0.17593057453632355,-0.13224905729293823,-0.17771482467651367,-0.007212206721305847,-0.07926354557275772,-0.2823222577571869,0.049844637513160706,-0.11931384354829788,-0.3296317458152771,0.11230657994747162,-0.14064794778823853,-0.3570992350578308,0.17215289175510406,-0.1535794585943222,-0.13570040464401245,0.014891758561134338,-0.10318241268396378,-0.20383408665657043,0.08049897849559784,-0.14431655406951904,-0.2437780499458313,0.14764262735843658,-0.16638775169849396,-0.27475666999816895,0.20207439363002777,-0.17885343730449677,-0.08653038740158081,0.056961968541145325,-0.12352503091096878,-0.11453831195831299,0.13322962820529938,-0.1600141078233719,-0.13126936554908752,0.19082100689411163,-0.1734260618686676,-0.145624041557312,0.2413821965456009,-0.18073464930057526,0.14923591911792755,0.1548943966627121,0.1458708941936493,0.1928328275680542,0.02481604367494583,0.09118315577507019,0.13499584794044495,0.3057973384857178,0.4298309087753296,0.4251389503479004,0.3851153552532196,0.33486825227737427,0.10851813107728958,0.2241692692041397,163.2866973876953,163.5816650390625,171.3605499267578,136.9644775390625,174.30203247070312,173.35279846191406,150.7321319580078,156.57696533203125,167.16612243652344,145.05064392089844,163.63815307617188,175.3560333251953,141.74365234375,167.82720947265625,175.2976837158203,0.44033268094062805,0.26005882024765015,-0.07172224670648575,-58.43471908569336,23.886943817138672,-151.0575408935547,0.23795747756958008,163.28669645547475,163.58166663754255,171.36055498194293,136.964471076404,174.3020342261658,173.35279738442847,150.73212592032078,156.5769599981299,167.16612234093876,145.0506397952361,163.63815468848753,175.35602652049585,141.7436591237958,167.82720974242935,175.29768965987446,-58.43471767304802,23.886943205343815,-151.05754562757616,0.2379574708505996
20251105_002239,kamal,2025-11-05 00:23:39,2,release,0.0,0.0,0.0,-0.0796821117401123,0.01857951283454895,0.004261740483343601,-0.16651836037635803,0.06906646490097046,-0.009019216522574425,-0.22595548629760742,0.13064587116241455,-0.023405466228723526,-0.26942646503448486,0.18082639575004578,-0.04031222313642502,-0.2028214931488037,-0.00776316225528717,-0.04956677183508873,-0.2880042791366577,0.06714999675750732,-0.0865635797381401,-0.33675137162208557,0.12319141626358032,-0.10905015468597412,-0.3711545169353485,0.17399650812149048,-0.12388022243976593,-0.1799425482749939,-0.0030203312635421753,-0.07365372031927109,-0.28381049633026123,0.05048239231109619,-0.1100945994257927,-0.3325805962085724,0.11112219095230103,-0.12874187529087067,-0.3611864745616913,0.16994726657867432,-0.14061619341373444,-0.13990169763565063,0.02343428134918213,-0.09568317979574203,-0.20882543921470642,0.08668985962867737,-0.13261295855045319,-0.24869823455810547,0.1512901782989502,-0.1522931605577469,-0.27925291657447815,0.20407894253730774,-0.16416029632091522,-0.09138396382331848,0.06777834892272949,-0.11465781182050705,-0.11892673373222351,0.14100724458694458,-0.1473492681980133,-0.1366187036037445,0.19530901312828064,-0.16005559265613556,-0.15246790647506714,0.24410942196846008,-0.1677134931087494,0.1318288892507553,0.136378675699234,0.12639455497264862,0.18416060507297516,0.019896002486348152,0.0918281227350235,0.1330018937587738,0.3269768953323364,0.4282251298427582,0.4232146739959717,0.3828563690185547,0.33311212062835693,0.10475371778011322,0.22315405309200287,160.00213623046875,164.208740234375,174.37730407714844,138.00946044921875,172.59942626953125,172.57774353027344,153.03895568847656,156.61953735351562,167.0067901611328,148.40647888183594,163.46194458007812,176.13809204101562,145.06704711914062,169.57542419433594,175.94496154785156,0.44224101305007935,0.26560983061790466,-0.06671226769685745,-59.710655212402344,23.675912857055664,-145.8673553466797,0.23379693925380707,160.0021422931201,164.20874364060816,174.3773027670802,138.00945740654802,172.5994247473347,172.57774496113237,153.03894850348522,156.6195360682757,167.00678604766486,148.40647281406382,163.46194221289994,176.138093162529,145.06705282076655,169.57542479257802,175.94496293642084,-59.71065368190049,23.67591282814773,-145.86735548156318,0.23379694159731815
20251105_002239,kamal,2025-11-05 00:23:39,2,release,0.0,0.0,0.0,-0.08078432083129883,0.030725717544555664,0.006544859614223242,-0.16370394825935364,0.08099651336669922,-0.006852113641798496,-0.21851974725723267,0.1378348171710968,-0.021777717396616936,-0.25838834047317505,0.1858254373073578,-0.03958820179104805,-0.20490354299545288,-0.00030735135078430176,-0.05205339938402176,-0.28865957260131836,0.07233080267906189,-0.09041851758956909,-0.3373830318450928,0.12487652897834778,-0.11414224654436111,-0.37412065267562866,0.17297625541687012,-0.13021621108055115,-0.1800687611103058,-0.0037644952535629272,-0.07867184281349182,-0.2815542221069336,0.05306318402290344,-0.11735083162784576,-0.32996928691864014,0.11416289210319519,-0.13804064691066742,-0.36000362038612366,0.1725621521472931,-0.1516229659318924,-0.13677433133125305,0.01615080237388611,-0.10272514075040817,-0.20364713668823242,0.08217042684555054,-0.14318165183067322,-0.24309369921684265,0.15005120635032654,-0.16464971005916595,-0.2737787961959839,0.2061133086681366,-0.17736570537090302,-0.08470070362091064,0.05666851997375488,-0.12329141050577164,-0.11312249302864075,0.13327625393867493,-0.15998683869838715,-0.13125288486480713,0.19009718298912048,-0.17388102412223816,-0.14716649055480957,0.2416297197341919,-0.1818898320198059,0.14755509793758392,0.15183335542678833,0.1401110291481018,0.1890348345041275,0.025645889341831207,0.09603691846132278,0.13157719373703003,0.32072240114212036,0.43225377798080444,0.4270477890968323,0.3858706057071686,0.33634328842163086,0.11571356654167175,0.22580091655254364,163.98561096191406,165.11277770996094,173.3380889892578,140.4949493408203,174.0513153076172,173.73092651367188,151.1616668701172,158.30172729492188,168.6696014404297,144.82579040527344,163.58682250976562,175.71449279785156,141.88636779785156,168.6471710205078,175.30313110351562,0.443485289812088,0.266626238822937,-0.07134832441806793,-59.34696960449219,23.833587646484375,-154.63916015625,0.2426760345697403,163.9856138217729,165.112772929446,173.33809598930026,140.4949539081578,174.05131936813154,173.73092152741165,151.161664398548,158.30172147406157,168.66959675553744,144.8257828470825,163.58682782379577,175.71449861977058,141.88637254736727,168.64716605221219,175.3031250928125,-59.34696853593763,23.833587203975153,-154.6391548886807,0.24267603864301873
20251105_002239,kamal,2025-11-05 00:23:39,2,release,0.0,0.0,0.0,-0.07865357398986816,0.020242542028427124,0.007873397320508957,-0.15821337699890137,0.0707712471485138,-0.0036029082257300615,-0.2091999053955078,0.13228631019592285,-0.0172080360352993,-0.24482005834579468,0.18380463123321533,-0.03380778804421425,-0.20332875847816467,0.00047847628593444824,-0.04415527731180191,-0.2871762216091156,0.07518139481544495,-0.0801665186882019,-0.3364199995994568,0.12786146998405457,-0.10296420753002167,-0.373369038105011,0.1756230890750885,-0.11827349662780762,-0.18132051825523376,0.000344693660736084,-0.07019751518964767,-0.28403741121292114,0.05682939291000366,-0.1064986065030098,-0.33327198028564453,0.11784693598747253,-0.1264474242925644,-0.3636323809623718,0.1757453978061676,-0.13877184689044952,-0.1398131549358368,0.021514683961868286,-0.09385062754154205,-0.20807033777236938,0.08619984984397888,-0.13210661709308624,-0.24783989787101746,0.1548255980014801,-0.15278413891792297,-0.27842313051223755,0.21059736609458923,-0.16434016823768616,-0.08983153104782104,0.06157541275024414,-0.11408890783786774,-0.11890119314193726,0.13461419939994812,-0.14843341708183289,-0.1359553337097168,0.19080758094787598,-0.16034851968288422,-0.14984366297721863,0.24151703715324402,-0.16636276245117188,0.15403321385383606,0.15874122083187103,0.13742531836032867,0.172979936003685,0.022693587467074394,0.09554589539766312,0.13226033747196198,0.30799993872642517,0.4292278289794922,0.42705103754997253,0.3858475983142853,0.3293329179286957,0.11117580533027649,0.2253725528717041,158.13800048828125,162.05691528320312,172.88482666015625,139.55679321289062,175.00924682617188,173.88381958007812,152.64695739746094,158.35609436035156,168.46363830566406,147.4376983642578,162.6909942626953,175.48745727539062,144.58419799804688,167.03187561035156,174.8197784423828,0.44535472989082336,0.26939651370048523,-0.06445842981338501,-58.35985565185547,24.301143646240234,-151.7058868408203,0.23794573545455933,158.13799318773516,162.0569198755914,172.88482052678762,139.55679743782406,175.0092483716145,173.88382532354424,152.64695774342633,158.35609620524843,168.4636458540023,147.4377009856393,162.69099383153608,175.48746338638125,144.5842021580341,167.03187832116498,174.81977296990362,-58.35985384408436,24.30114291924134,-151.70587990034866,0.2379457413542344
20251105_002239,kamal,2025-11-05 00:23:39,2,release,0.0,0.0,0.0,-0.07752123475074768,0.011827975511550903,0.010131279937922955,-0.15312612056732178,0.057442307472229004,-0.0008534621447324753,-0.2026655077934265,0.1164514422416687,-0.014277383685112,-0.23675572872161865,0.1674107015132904,-0.03080141358077526,-0.1988217830657959,-0.002919107675552368,-0.04640921205282211,-0.28538328409194946,0.0669514536857605,-0.08304031193256378,-0.33448612689971924,0.12009748816490173,-0.10529530048370361,-0.3702589273452759,0.16861751675605774,-0.11969786882400513,-0.17853155732154846,-0.0007679164409637451,-0.07260136306285858,-0.2840275168418884,0.056028127670288086,-0.10814139246940613,-0.33299073576927185,0.11645469069480896,-0.12692303955554962,-0.3624805212020874,0.17429223656654358,-0.13869214057922363,-0.13933250308036804,0.022853225469589233,-0.0960354208946228,-0.2075933814048767,0.08935970067977905,-0.1327999234199524,-0.2460985779762268,0.15672174096107483,-0.1533200442790985,-0.27422964572906494,0.21215704083442688,-0.16526806354522705,-0.09120500087738037,0.06470537185668945,-0.11582019180059433,-0.11916840076446533,0.13934239745140076,-0.14876516163349152,-0.1364302933216095,0.19648072123527527,-0.16128088533878326,-0.1504155397415161,0.2483334243297577,-0.16824102401733398,0.16039682924747467,0.165814608335495,0.14658720791339874,0.18136361241340637,0.02129526622593403,0.09964054077863693,0.12902520596981049,0.2915962040424347,0.42408856749534607,0.4254473149776459,0.38409119844436646,0.33555829524993896,0.11486494541168213,0.22655415534973145,153.36831665039062,161.12078857421875,171.99720764160156,141.46566772460938,171.96002197265625,172.8780975341797,152.5326385498047,157.9079132080078,167.80458068847656,146.59701538085938,163.553955078125,175.1854248046875,143.737060546875,168.8048858642578,175.23167419433594,0.44656068086624146,0.269156813621521,-0.06617318838834763,-57.17867660522461,24.18399429321289,-147.85546875,0.23883503675460815,153.36832328693166,161.12078884443818,171.99721439710294,141.4656721846862,171.9600293572202,172.8780929299957,152.5326327122429,157.90790751526936,167.80457844795689,146.5970176285946,163.55395501535165,175.18542886223793,143.7370622121842,168.80488003103224,175.2316722598957,-57.17867715859135,24.18399402229181,-147.85547324958537,0.23883504388211105
20251105_002239,kamal,2025-11-05 00:23:39,2,release,0.0,0.0,0.0,-0.07947126030921936,0.00711175799369812,0.009879890829324722,-0.15967586636543274,0.049098193645477295,1.1842499588965438e-05,-0.21381345391273499,0.10740488767623901,-0.012217954732477665,-0.25038427114486694,0.15850022435188293,-0.027717402204871178,-0.1988753080368042,-0.007130086421966553,-0.043247904628515244,-0.2839962840080261,0.06674715876579285,-0.0782245621085167,-0.33329644799232483,0.12024393677711487,-0.09939597547054291,-0.36883091926574707,0.16840988397598267,-0.11303335428237915,-0.1780220866203308,-0.0027134567499160767,-0.06867951899766922,-0.28215646743774414,0.052531033754348755,-0.10334735363721848,-0.3321101665496826,0.11291521787643433,-0.12166610360145569,-0.36319220066070557,0.17084699869155884,-0.13285928964614868,-0.13879898190498352,0.022513628005981445,-0.09141939878463745,-0.20833784341812134,0.08702167868614197,-0.12740464508533478,-0.2474014163017273,0.15497109293937683,-0.14665822684764862,-0.27642273902893066,0.21043425798416138,-0.15742120146751404,-0.0909436047077179,0.06572732329368591,-0.11057858169078827,-0.12068670988082886,0.137343168258667,-0.14254729449748993,-0.13818830251693726,0.1940421462059021,-0.15379217267036438,-0.1526041030883789,0.24549269676208496,-0.15955105423927307,0.1463100016117096,0.1547025889158249,0.14212043583393097,0.185765340924263,0.020755764096975327,0.09848543256521225,0.12870386242866516,0.2976287305355072,0.4209212064743042,0.42278704047203064,0.3814099431037903,0.3301684558391571,0.11079529672861099,0.2250150740146637,153.90203857421875,160.5140380859375,171.21505737304688,138.19435119628906,173.80421447753906,173.0703582763672,152.3457489013672,158.06175231933594,168.3082275390625,147.7754669189453,162.1263427734375,175.3830108642578,145.93971252441406,167.23529052734375,175.18600463867188,0.44891470670700073,0.26704466342926025,-0.06278502941131592,-58.04298400878906,23.834556579589844,-145.9793701171875,0.2342214435338974,153.9020394588935,160.5140351692508,171.2150574185028,138.19435739630075,173.80421167666026,173.0703541308044,152.34574412004412,158.06175476759503,168.30822219996142,147.7754724432266,162.12634025348117,175.38300764794857,145.93970752678547,167.23529177018892,175.18599876320195,-58.04298405390845,23.83455709038336,-145.97936973217793,0.23422144507553
20251105_002239,kamal,2025-11-05 00:23:39,2,release,0.0,0.0,0.0,-0.07849133014678955,0.004215329885482788,0.011810941621661186,-0.15763217210769653,0.04198974370956421,0.0028308185283094645,-0.21051406860351562,0.09654107689857483,-0.008783886209130287,-0.2462807297706604,0.14502564072608948,-0.0241315346211195,-0.1979500651359558,-0.010340511798858643,-0.04458220675587654,-0.28341081738471985,0.06368154287338257,-0.07914387434720993,-0.3329316973686218,0.11489135026931763,-0.0992429256439209,-0.3698337972164154,0.16065719723701477,-0.11217351257801056,-0.17691710591316223,-0.006227165460586548,-0.07133620232343674,-0.28180426359176636,0.05398324131965637,-0.10643500834703445,-0.33359795808792114,0.11433938145637512,-0.12458666414022446,-0.36668288707733154,0.17175325751304626,-0.13548026978969574,-0.1360374093055725,0.01916748285293579,-0.0950009897351265,-0.2049838900566101,0.0846402645111084,-0.13265402615070343,-0.24503660202026367,0.15179479122161865,-0.1527324914932251,-0.27511414885520935,0.20696470141410828,-0.16343028843402863,-0.08648523688316345,0.06192693114280701,-0.11462754011154175,-0.11751490831375122,0.1337050497531891,-0.14859583973884583,-0.13553041219711304,0.19151422381401062,-0.1602421998977661,-0.1497894823551178,0.2446562945842743,-0.1657133847475052,0.15251588821411133,0.16616131365299225,0.1551513969898224,0.19819749891757965,0.026004910469055176,0.10200922936201096,0.13088980317115784,0.28682565689086914,0.41853395104408264,0.4269782602787018,0.38109269738197327,0.33129218220710754,0.11723247170448303,0.23080649971961975,153.39540100097656,159.5935516357422,170.6112823486328,137.43960571289062,174.986328125,173.9776611328125,149.3870391845703,160.8330535888672,168.94520568847656,146.3034210205078,163.4658203125,174.78909301757812,145.76466369628906,166.14297485351562,174.3202667236328,0.45091715455055237,0.2645569145679474,-0.06510933488607407,-57.854434967041016,23.719097137451172,-147.0429229736328,0.24154061079025269,153.39540151855562,159.59355183305712,170.61127993950805,137.43961298755445,174.98632762362215,173.97765725331206,149.38703628174645,160.83305606798592,168.94520099177365,146.30342095309564,163.46581950882222,174.78909415089637,145.7646697437734,166.14297467910922,174.3202677091062,-57.85443629605307,23.71909669221719,-147.0429231241585,0.24154060936424723
20251105_002239,kamal,2025-11-05 00:23:39,2,release,0.0,0.0,0.0,-0.07990396022796631,0.015011399984359741,0.008676579222083092,-0.16212525963783264,0.05789649486541748,-0.0014951630728319287,-0.21722018718719482,0.11317205429077148,-0.013891595415771008,-0.25581735372543335,0.16115963459014893,-0.02927382104098797,-0.2027968466281891,-0.005548015236854553,-0.043256618082523346,-0.285647451877594,0.06487226486206055,-0.07855891436338425,-0.3347315788269043,0.11440679430961609,-0.10046980530023575,-0.371616929769516,0.15960097312927246,-0.11498324573040009,-0.18147435784339905,-0.004261210560798645,-0.06897290050983429,-0.2820890545845032,0.050696372985839844,-0.10454092174768448,-0.33077481389045715,0.1087142825126648,-0.12378345429897308,-0.36150550842285156,0.16516456007957458,-0.13565117120742798,-0.14086079597473145,0.018374353647232056,-0.09222698956727982,-0.20656943321228027,0.08227860927581787,-0.12965744733810425,-0.24498480558395386,0.14946851134300232,-0.14975441992282867,-0.2746763825416565,0.20587697625160217,-0.16090521216392517,-0.09100013971328735,0.05949994921684265,-0.11203030496835709,-0.11949875950813293,0.13107824325561523,-0.14575962722301483,-0.1367812156677246,0.18830588459968567,-0.15796443819999695,-0.15147918462753296,0.24166527390480042,-0.16423502564430237,0.1440766304731369,0.1500072330236435,0.14029300212860107,0.1886322796344757,0.023671865463256836,0.09916938841342926,0.12833331525325775,0.30376291275024414,0.4204673171043396,0.41996049880981445,0.3791080713272095,0.329121857881546,0.11682365089654922,0.2253451943397522,159.08958435058594,162.3922119140625,172.2128143310547,139.1509246826172,175.30250549316406,173.65444946289062,151.4654998779297,159.24374389648438,168.20309448242188,145.87986755371094,162.9798126220703,174.97174072265625,144.06529235839844,167.02745056152344,174.7388458251953,0.4488985240459442,0.26682424545288086,-0.06329730153083801,-58.401527404785156,23.159114837646484,-149.807373046875,0.24004356563091278,159.08957899621902,162.39220635204987,172.21282093291643,139.1509264446754,175.3025075238956,173.6544484510576,151.46549331793477,159.2437463525001,168.20309652291755,145.87986825468235,162.97980861426754,174.97173495011523,144.06529453379258,167.02745153214406,174.73884623485066,-58.40152763367289,23.15911574266501,-149.80737836934713,0.24004356713451094
20251105_002239,kamal,2025-11-05 00:23:39,2,release,0.0,0.0,0.0,-0.07648462057113647,0.006706178188323975,0.010870714671909809,-0.15540918707847595,0.04462409019470215,0.00119653414003551,-0.2088378667831421,0.09790214896202087,-0.011013193987309933,-0.24413099884986877,0.14690881967544556,-0.02666093222796917,-0.19923248887062073,-0.01609797775745392,-0.04463128373026848,-0.2853640615940094,0.05524936318397522,-0.07917313277721405,-0.3356310725212097,0.10509279370307922,-0.09973513334989548,-0.3726345896720886,0.15040680766105652,-0.11331402510404587,-0.17854836583137512,-0.013395816087722778,-0.07130896300077438,-0.2835078835487366,0.04385733604431152,-0.10730448365211487,-0.335305392742157,0.10392695665359497,-0.12641102075576782,-0.3679027557373047,0.162054181098938,-0.1379023790359497,-0.13837900757789612,0.011018365621566772,-0.09500419348478317,-0.2088390588760376,0.07592359185218811,-0.13394401967525482,-0.24850639700889587,0.14382970333099365,-0.1550006866455078,-0.2777349352836609,0.19998034834861755,-0.16610874235630035,-0.08971810340881348,0.05327603220939636,-0.11469931900501251,-0.12286579608917236,0.12539523839950562,-0.14987868070602417,-0.14138731360435486,0.18295073509216309,-0.1624092310667038,-0.15595781803131104,0.23549619317054749,-0.16840748488903046,0.15502957999706268,0.16710321605205536,0.15294282138347626,0.18898232281208038,0.027615925297141075,0.10180484503507614,0.12687130272388458,0.2861694395542145,0.4175150692462921,0.4250071048736572,0.38042205572128296,0.3288500905036926,0.11937656998634338,0.22637344896793365,154.89219665527344,160.7043914794922,169.43675231933594,137.07044982910156,175.00057983398438,173.39938354492188,148.6014862060547,159.8519287109375,168.14071655273438,144.51841735839844,162.34402465820312,174.2729949951172,143.712158203125,166.1796875,174.0977783203125,0.4556722640991211,0.2647280693054199,-0.06512871384620667,-57.388614654541016,22.414079666137695,-147.64698791503906,0.23921605944633484,154.89219862510436,160.70439139320715,169.43674740332077,137.07045450136255,175.00057754015324,173.39938834611704,148.60148558729608,159.8519236323891,168.14071337153197,144.51842326294337,162.3440195172297,174.27299770135315,143.71216225957642,166.1796950292731,174.09777606675152,-57.388616513527005,22.41408013740582,-147.64699319590576,0.23921606025632972
20251105_002239,kamal,2025-11-05 00:23:39,2,release,0.0,0.0,0.0,-0.07840913534164429,0.027906149625778198,0.007946627214550972,-0.1572021245956421,0.06951740384101868,-0.003714250400662422,-0.21181556582450867,0.11664474010467529,-0.01767423003911972,-0.2516945004463196,0.15897047519683838,-0.0341898649930954,-0.20193099975585938,-0.01623450219631195,-0.04376037046313286,-0.286207377910614,0.05080878734588623,-0.07968374341726303,-0.3363668620586395,0.10077646374702454,-0.10282334685325623,-0.3732314705848694,0.14762663841247559,-0.11812978982925415,-0.18002772331237793,-0.01759873330593109,-0.06946983933448792,-0.280667781829834,0.03520771861076355,-0.10446092486381531,-0.3314112722873688,0.09304434061050415,-0.12443707138299942,-0.3627023696899414,0.15038615465164185,-0.13755998015403748,-0.14059743285179138,0.004183471202850342,-0.09285204857587814,-0.20962414145469666,0.06936332583427429,-0.12953950464725494,-0.24932700395584106,0.13654780387878418,-0.1500403881072998,-0.2779485583305359,0.19353196024894714,-0.16214428842067719,-0.09271430969238281,0.046502768993377686,-0.11302867531776428,-0.1245402991771698,0.1226450502872467,-0.14666548371315002,-0.14307713508605957,0.18073606491088867,-0.1594787836074829,-0.1577477753162384,0.233101487159729,-0.16651949286460876,0.14814125001430511,0.15192700922489166,0.13511516153812408,0.17841671407222748,0.022271277382969856,0.09823010861873627,0.12662194669246674,0.2996509373188019,0.41838976740837097,0.4160429537296295,0.37550070881843567,0.3270311951637268,0.11455744504928589,0.2229054868221283,164.69033813476562,166.74705505371094,172.44406127929688,138.06016540527344,173.92494201660156,172.40438842773438,148.37045288085938,159.59701538085938,167.27581787109375,141.28134155273438,163.44305419921875,174.49293518066406,138.84420776367188,168.6460723876953,175.07708740234375,0.45653414726257324,0.26580485701560974,-0.0638221800327301,-57.6159782409668,21.19036865234375,-150.12567138671875,0.2368137240409851,164.69034437812917,166.74706145233088,172.44405887396812,138.06017152509295,173.9249407557209,172.40438388188815,148.3704524883405,159.59701988296726,167.27581414098086,141.28134035508813,163.44305218341736,174.49294198786825,138.84420646693613,168.6460714055799,175.07709069795322,-57.61597701424766,21.190369174384713,-150.12567621390366,0.23681371745720875
20251105_002239,kamal,2025-11-05 00:23:39,2,release,0.0,0.0,0.0,-0.08035987615585327,0.02808186411857605,0.005500688683241606,-0.1587347388267517,0.0702618658542633,-0.006924962159246206,-0.21457692980766296,0.11203274130821228,-0.021385114639997482,-0.2590072751045227,0.15273579955101013,-0.038031283766031265,-0.20509138703346252,-0.02038264274597168,-0.0441700704395771,-0.2880779802799225,0.039419710636138916,-0.07932179421186447,-0.33680737018585205,0.09413862228393555,-0.10196596384048462,-0.37278425693511963,0.14446642994880676,-0.11693975329399109,-0.18136829137802124,-0.02387520670890808,-0.06683184951543808,-0.2736371159553528,0.03871724009513855,-0.0977429747581482,-0.3217810392379761,0.10212409496307373,-0.1150519922375679,-0.3511480689048767,0.1622696816921234,-0.12831978499889374,-0.14297842979431152,-0.0021705925464630127,-0.0878172367811203,-0.21127110719680786,0.08000701665878296,-0.11983031779527664,-0.24774736166000366,0.15059104561805725,-0.1363547146320343,-0.27202773094177246,0.20793822407722473,-0.14764416217803955,-0.0966634750366211,0.03989484906196594,-0.10640849173069,-0.12934482097625732,0.12711352109909058,-0.13604888319969177,-0.14640074968338013,0.188247412443161,-0.14723633229732513,-0.15836042165756226,0.23941364884376526,-0.1542474627494812,0.13870880007743835,0.12935546040534973,0.12341726571321487,0.1764909029006958,0.030242102220654488,0.09337600320577621,0.1181294322013855,0.3030831217765808,0.41654959321022034,0.4075566232204437,0.3728755712509155,0.32586684823036194,0.12297685444355011,0.20926184952259064,165.27984619140625,170.8104705810547,173.32569885253906,139.56814575195312,167.95106506347656,173.10009765625,140.17481994628906,161.62643432617188,168.99998474121094,131.4775848388672,167.0143585205078,175.4537353515625,132.18572998046875,170.96107482910156,176.60536193847656,0.46120426058769226,0.26655784249305725,-0.061045609414577484,-60.143856048583984,23.462732315063477,-150.92933654785156,0.23745404183864594,165.27985088558015,170.8104651604977,173.325705344038,139.56814019672834,167.9510608174413,173.10009261063058,140.1748271924846,161.626431147895,168.99997867799277,131.4775787613669,167.01435198525837,175.45372945535794,132.18572528312455,170.9610761589045,176.6053666923609,-60.14385629410946,23.462732598212064,-150.92934211668913,0.23745403795242429
20251105_002239,kamal,2025-11-05 00:23:39,2,release,0.0,0.0,0.0,-0.07707589864730835,-0.0009969770908355713,0.007528519257903099,-0.15643525123596191,0.033701956272125244,-0.00251528387889266,-0.21151459217071533,0.08026370406150818,-0.014892670325934887,-0.2515992224216461,0.12446349859237671,-0.0305747389793396,-0.20437979698181152,-0.028434157371520996,-0.04176894202828407,-0.2897089421749115,0.03675052523612976,-0.07549317926168442,-0.3414565920829773,0.09064209461212158,-0.0971202477812767,-0.3798248767852783,0.13888466358184814,-0.11157674342393875,-0.1836528182029724,-0.02733173966407776,-0.06582844257354736,-0.28411784768104553,0.029606163501739502,-0.0956014096736908,-0.33659207820892334,0.08963614702224731,-0.1129668727517128,-0.3696732223033905,0.14893168210983276,-0.12567321956157684,-0.14559966325759888,-0.0016265809535980225,-0.087702177464962,-0.22127410769462585,0.07365050911903381,-0.12019219994544983,-0.26089221239089966,0.14452838897705078,-0.13887403905391693,-0.2875775396823883,0.20394137501716614,-0.15140663087368011,-0.09922143816947937,0.044231146574020386,-0.10671378672122955,-0.1315270960330963,0.12904202938079834,-0.13833487033843994,-0.14874857664108276,0.19226810336112976,-0.15063273906707764,-0.1604725420475006,0.24765163660049438,-0.15803788602352142,0.15235193073749542,0.15357045829296112,0.14903530478477478,0.1993144303560257,0.020067615434527397,0.10211746394634247,0.134574294090271,0.2823617160320282,0.4195297956466675,0.4178907573223114,0.3836885392665863,0.33475175499916077,0.11970114707946777,0.23357659578323364,152.80303955078125,163.28457641601562,171.0675506591797,135.82493591308594,171.49105834960938,174.0531005859375,143.3745574951172,161.10421752929688,168.11883544921875,136.44757080078125,164.09498596191406,174.6754150390625,134.90350341796875,169.85089111328125,175.46023559570312,0.4717094600200653,0.2689669728279114,-0.060402706265449524,-58.300899505615234,20.878597259521484,-145.35520935058594,0.24920740723609924,152.80304398781007,163.2845706261096,171.06755783975805,135.82493643495184,171.49105782983065,174.0530951366585,143.3745519257827,161.10422392354468,168.11883397434565,136.44756950703902,164.09497979876824,174.67541009795985,134.9035027048501,169.85089059420372,175.46023705223828,-58.300899426708135,20.87859812947578,-145.35520290418108,0.24920740980421913
20251105_002239,kamal,2025-11-05 00:23:39,2,release,0.0,0.0,0.0,-0.07807743549346924,8.872151374816895e-05,0.006430791690945625,-0.15576231479644775,0.041750431060791016,-0.00453336862847209,-0.20647689700126648,0.09625428915023804,-0.01714138314127922,-0.245110422372818,0.14518195390701294,-0.032979197800159454,-0.2023049294948578,-0.025813430547714233,-0.048081301152706146,-0.2883906364440918,0.03949427604675293,-0.08209901303052902,-0.3380073010921478,0.09708887338638306,-0.10397413372993469,-0.37517231702804565,0.1510922610759735,-0.1184956505894661,-0.17958709597587585,-0.022076129913330078,-0.06951729953289032,-0.2709181308746338,0.05543866753578186,-0.09523645043373108,-0.31851422786712646,0.12432453036308289,-0.1094995066523552,-0.34769439697265625,0.18789362907409668,-0.12306755036115646,-0.14214825630187988,0.0051635801792144775,-0.08889126777648926,-0.21464794874191284,0.07819291949272156,-0.11861032992601395,-0.24903813004493713,0.13788136839866638,-0.13511864840984344,-0.2695832848548889,0.18839552998542786,-0.1480509638786316,-0.09786796569824219,0.051110923290252686,-0.10548923909664154,-0.13096192479133606,0.13680732250213623,-0.13729286193847656,-0.14430272579193115,0.19806581735610962,-0.15004347264766693,-0.15010696649551392,0.2500515878200531,-0.1584673672914505,0.15576936304569244,0.14305128157138824,0.12533093988895416,0.18913111090660095,0.04615495353937149,0.08201078325510025,0.1348501443862915,0.2867830991744995,0.421455055475235,0.4139336049556732,0.3606759011745453,0.3319183588027954,0.11581924557685852,0.21013697981834412,149.539306640625,161.1753692626953,173.50588989257812,137.0187225341797,168.35757446289062,173.00802612304688,133.93746948242188,165.03594970703125,170.0895538330078,137.87240600585938,165.4139862060547,172.39578247070312,137.6657257080078,168.59144592285156,173.7252197265625,0.4817131757736206,0.2792152464389801,-0.062396030873060226,-61.202850341796875,26.995603561401367,-143.62603759765625,0.24908855557441711,149.539299582236,161.17537189931156,173.50588241845625,137.01872596172385,168.357572411365,173.00802629916913,133.93746537558198,165.03594860846357,170.08956055344115,137.87240838020415,165.41399372240585,172.39578545958668,137.66572529044294,168.59145136936644,173.72521776052145,-61.20285126600092,26.995604197954826,-143.6260312827283,0.24908854892095492
20251105_002239,kamal,2025-11-05 00:23:39,2,release,0.0,0.0,0.0,-0.08142721652984619,0.005385786294937134,0.0028827148489654064,-0.15720486640930176,0.047417670488357544,-0.01364257000386715,-0.21169203519821167,0.10134661197662354,-0.03306827321648598,-0.26053550839424133,0.14594542980194092,-0.05578227341175079,-0.19839686155319214,-0.027717262506484985,-0.05188961327075958,-0.28001827001571655,0.029086321592330933,-0.09279504418373108,-0.3263307213783264,0.08467194437980652,-0.1206044927239418,-0.358699232339859,0.1336090862751007,-0.13874496519565582,-0.17753487825393677,-0.020410358905792236,-0.07485481351613998,-0.269247829914093,0.041165441274642944,-0.10878701508045197,-0.31420034170150757,0.10090053081512451,-0.1289317011833191,-0.34061163663864136,0.15404480695724487,-0.14530406892299652,-0.14050838351249695,0.006074845790863037,-0.09605981409549713,-0.2206529676914215,0.0894017219543457,-0.13084150850772858,-0.24068930745124817,0.15558505058288574,-0.1460423618555069,-0.2455773949623108,0.20530980825424194,-0.15652145445346832,-0.09600245952606201,0.04806095361709595,-0.11515842378139496,-0.13572657108306885,0.13766366243362427,-0.14958739280700684,-0.15018019080162048,0.1948907971382141,-0.16287291049957275,-0.1549108326435089,0.23739463090896606,-0.17052936553955078,0.12911665439605713,0.12038246542215347,0.1178823858499527,0.1807938665151596,0.028067804872989655,0.10856075584888458,0.0971909612417221,0.3037934899330139,0.40714454650878906,0.40107277035713196,0.3563135266304016,0.3308078646659851,0.1351056843996048,0.20510557293891907,151.8128662109375,164.31045532226562,174.775634765625,138.79832458496094,165.6678924560547,172.90016174316406,141.67755126953125,161.4893341064453,169.82984924316406,137.28628540039062,153.4927215576172,169.00831604003906,137.63540649414062,168.515380859375,171.92376708984375,0.48747017979621887,0.2957388162612915,-0.06759260594844818,-58.288360595703125,22.58675765991211,-143.4962615966797,0.230892613530159,151.8128655130064,164.3104597563419,174.775639161131,138.79832297321352,165.66789949500932,172.90016346940754,141.67755826668616,161.48933135792674,169.8298455429733,137.2862832773393,153.49272705953018,169.00832322525815,137.6354022989294,168.51537661333577,171.9237728661395,-58.28836025792268,22.586758035050345,-143.49625961753236,0.23089261406759723
20251105_002239,kamal,2025-11-05 00:23:39,2,release,0.0,0.0,0.0,-0.04791462421417236,0.05356743931770325,-0.02077958919107914,-0.08530300855636597,0.10398527979850769,-0.054358646273612976,-0.10906684398651123,0.1670750081539154,-0.08715309947729111,-0.1405506432056427,0.2286064326763153,-0.12425698339939117,-0.12454423308372498,-0.006262600421905518,-0.0837981179356575,-0.18535101413726807,0.02465912699699402,-0.12732496857643127,-0.2213548719882965,0.05134299397468567,-0.15727759897708893,-0.24822291731834412,0.08400613069534302,-0.17863531410694122,-0.09814047813415527,-0.02929997444152832,-0.1000409871339798,-0.15789958834648132,-0.006123661994934082,-0.1440163403749466,-0.1896536946296692,0.026282578706741333,-0.16924026608467102,-0.21362262964248657,0.06205931305885315,-0.18853408098220825,-0.056702375411987305,-0.038803815841674805,-0.1155623197555542,-0.09241020679473877,-0.010087043046951294,-0.15683363378047943,-0.11996886134147644,0.01847672462463379,-0.17773811519145966,-0.14486244320869446,0.04839417338371277,-0.19341611862182617,-0.011347174644470215,-0.03735813498497009,-0.13067977130413055,-0.01587015390396118,-0.011357486248016357,-0.16841073334217072,-0.02468627691268921,0.009401112794876099,-0.18350468575954437,-0.03528463840484619,0.03079390525817871,-0.19429410994052887,0.18830710649490356,0.19289635121822357,0.19307520985603333,0.23476780951023102,0.042152442038059235,0.0702747032046318,0.11098574846982956,0.29572823643684387,0.31714701652526855,0.29160091280937195,0.2464486062526703,0.199858620762825,0.11031804978847504,0.18114949762821198,167.03842163085938,165.66119384765625,173.81326293945312,155.09291076660156,171.88272094726562,166.05430603027344,149.4600067138672,158.6387176513672,169.32192993164062,133.2396697998047,164.59857177734375,173.0275421142578,129.69100952148438,156.87045288085938,170.0874481201172,0.5451961755752563,0.3267210125923157,-0.08601604402065277,-67.50263977050781,12.287825584411621,164.63958740234375,0.23476780951023102,167.03841616370187,165.6611983815947,173.81326557015845,155.09291207467592,171.8827235704963,166.0543132246719,149.46000410388478,158.63872096892948,169.32192885757144,133.239671262095,164.59856886915776,173.0275444692057,129.6910107148679,156.8704532742185,170.08744139667013,-67.50263652106554,12.2878255427033,164.63958765466802,0.23476781479668735
20251105_002239,kamal,2025-11-05 00:23:39,2,release,0.0,0.0,0.0,-0.04207712411880493,0.05007171630859375,-0.020565683022141457,-0.08744585514068604,0.10404729843139648,-0.04934564232826233,-0.11292102932929993,0.16542595624923706,-0.07746389508247375,-0.14046844840049744,0.2227904200553894,-0.10811860114336014,-0.11698651313781738,-0.007357001304626465,-0.0715930238366127,-0.15491536259651184,-0.009414494037628174,-0.113466277718544,-0.1771569848060608,0.0028313100337982178,-0.1419929414987564,-0.19780966639518738,0.02562814950942993,-0.16135169565677643,-0.09141159057617188,-0.04329949617385864,-0.08602727949619293,-0.12467175722122192,-0.050545334815979004,-0.1317909210920334,-0.14399555325508118,-0.020718663930892944,-0.1529315561056137,-0.15827807784080505,0.01774972677230835,-0.16577990353107452,-0.053638339042663574,-0.06296715140342712,-0.10034114867448807,-0.06824439764022827,-0.03381472826004028,-0.1461029052734375,-0.05740612745285034,0.0034211575984954834,-0.15402722358703613,-0.04862791299819946,0.034605562686920166,-0.15447065234184265,-0.01169675588607788,-0.06834322214126587,-0.11474407464265823,-0.013178408145904541,-0.02905946969985962,-0.15348245203495026,-0.0013464689254760742,0.002612590789794922,-0.15785376727581024,0.007552623748779297,0.026186347007751465,-0.15654318034648895,0.21211962401866913,0.21373744308948517,0.21446849405765533,0.25081536173820496,0.04055150970816612,0.11151312291622162,0.05684567987918854,0.28470438718795776,0.2565537691116333,0.22989122569561005,0.16560012102127075,0.15889786183834076,0.14960995316505432,0.1663018763065338,175.25149536132812,163.8261260986328,176.02528381347656,163.62319946289062,158.7995147705078,158.42465209960938,164.30462646484375,126.23345947265625,162.41680908203125,118.97406768798828,125.44535064697266,169.2236785888672,103.9002685546875,137.89739990234375,169.65341186523438,0.5564979314804077,0.3181038796901703,-0.07454100996255875,-67.71463775634766,4.428170680999756,149.9196014404297,0.25081536173820496,175.25149316302745,163.82612763250708,176.02527874452704,163.62320679779782,158.79951948584124,158.4246567201299,164.30463162903723,126.23345770745752,162.4168129641814,118.97407078073662,125.44535367077746,169.22368176910174,103.90026834751879,137.8973928494861,169.65340868648664,-67.71463974379958,4.428170531448028,149.9196018454083,0.25081534739437306
20251105_002239,kamal,2025-11-05 00:23:39,2,release,0.0,0.0,0.0,-0.03949463367462158,0.05316922068595886,-0.019418301060795784,-0.08365345001220703,0.10045430064201355,-0.042673081159591675,-0.10884541273117065,0.1564749777317047,-0.06640464067459106,-0.13729780912399292,0.20707717537879944,-0.09282521903514862,-0.11293476819992065,-0.0136813223361969,-0.04536568745970726,-0.13558262586593628,-0.028488636016845703,-0.08019796013832092,-0.1452222466468811,-0.019224941730499268,-0.10721390694379807,-0.15063491463661194,0.00031432509422302246,-0.1242644190788269,-0.08585286140441895,-0.05994141101837158,-0.05753001943230629,-0.1117662787437439,-0.08482709527015686,-0.09385105222463608,-0.11630368232727051,-0.06261029839515686,-0.11412878334522247,-0.10954397916793823,-0.026303142309188843,-0.12519308924674988,-0.04889500141143799,-0.08555367588996887,-0.07124046981334686,-0.052890241146087646,-0.08832737803459167,-0.11256331205368042,-0.036108434200286865,-0.04492107033729553,-0.12519067525863647,-0.018004775047302246,0.0006181597709655762,-0.12816257774829865,-0.005996644496917725,-0.09213793277740479,-0.0851663202047348,0.006639301776885986,-0.07259270548820496,-0.12390042096376419,0.027216196060180664,-0.03273549675941467,-0.1319200098514557,0.045813918113708496,0.005733102560043335,-0.13268594443798065,0.20956425368785858,0.2372431755065918,0.24104954302310944,0.27506038546562195,0.04896751046180725,0.09546203911304474,0.06418293714523315,0.26523229479789734,0.19527575373649597,0.1684192568063736,0.12942256033420563,0.14048965275287628,0.1326877623796463,0.15880346298217773,172.98590087890625,162.31578063964844,174.20352172851562,143.46632385253906,140.24819946289062,150.326904296875,162.0338134765625,101.17552947998047,148.5343017578125,131.86524963378906,99.59300231933594,168.27713012695312,104.5102310180664,130.95465087890625,170.76817321777344,0.5650212168693542,0.3209618628025055,-0.05186055973172188,-69.5855484008789,-8.985039710998535,143.73385620117188,0.27506038546562195,172.98589650809123,162.31577878577608,174.20352650186737,143.46632504122078,140.24820188774322,150.3269000638356,162.03381725524963,101.17552956431203,148.53430283383702,131.86525232275264,99.59300324539984,168.27712607010682,104.51023449813329,130.95465561144147,170.76816971133388,-69.58555036012753,-8.985039537523845,143.73385803289392,0.2750603892618108
20251105_002239,kamal,2025-11-05 00:23:39,2,release,0.0,0.0,0.0,-0.04394310712814331,0.059724390506744385,-0.032265521585941315,-0.08768969774246216,0.10612526535987854,-0.06995008885860443,-0.11661320924758911,0.17149898409843445,-0.10584302246570587,-0.15151110291481018,0.2264188826084137,-0.1441122144460678,-0.10032498836517334,-0.01348268985748291,-0.09331481158733368,-0.1305338740348816,-0.040824323892593384,-0.15286700427532196,-0.1317308247089386,-0.018849551677703857,-0.19251571595668793,-0.13273876905441284,0.028958767652511597,-0.2147015780210495,-0.05942505598068237,-0.057869523763656616,-0.10845176875591278,-0.08949404954910278,-0.10756944119930267,-0.17154404520988464,-0.09412366151809692,-0.07182565331459045,-0.20030786097049713,-0.08692669868469238,-0.009908199310302734,-0.2141340970993042,-0.010981619358062744,-0.0737474262714386,-0.1247260719537735,-0.0068509578704833984,-0.08499306440353394,-0.18810676038265228,0.019340813159942627,-0.03024539351463318,-0.19939535856246948,0.03741723299026489,0.026523202657699585,-0.19819790124893188,0.03659564256668091,-0.06401649117469788,-0.14151480793952942,0.061211466789245605,-0.046642154455184937,-0.19513849914073944,0.09227687120437622,-0.00826302170753479,-0.2007555514574051,0.11277228593826294,0.023699253797531128,-0.19826757907867432,0.21053682267665863,0.25480327010154724,0.28031671047210693,0.33745187520980835,0.06008085235953331,0.1305473893880844,0.0754079818725586,0.3082035779953003,0.25407665967941284,0.23131759464740753,0.20343533158302307,0.22932350635528564,0.1709718406200409,0.20312777161598206,170.60157775878906,162.5094757080078,171.57415771484375,154.3658447265625,123.30099487304688,143.89820861816406,169.2908477783203,92.5727767944336,151.0969696044922,157.97695922851562,92.9942626953125,165.91261291503906,138.72970581054688,124.53209686279297,167.9735565185547,0.6008162498474121,0.31464916467666626,-0.09360140562057495,-70.6064682006836,-2.454943895339966,159.74221801757812,0.33745187520980835,170.60158477299282,162.5094728708268,171.5741550688136,154.36583877309798,123.30099682139382,143.89820760534272,169.29084357021537,92.57277849264966,151.09697184996594,157.97695522606062,92.99426247538854,165.91261589112747,138.72969826005115,124.53209989492711,167.9735596615674,-70.60646907132697,-2.454943936078671,159.7422234358558,0.33745186478574574
20251105_002239,kamal,2025-11-05 00:23:39,2,release,0.0,0.0,0.0,-0.04073762893676758,0.05961966514587402,-0.03711080551147461,-0.07905203104019165,0.1137768030166626,-0.07715481519699097,-0.1100609302520752,0.1790880560874939,-0.11536308377981186,-0.14792627096176147,0.23536574840545654,-0.15604518353939056,-0.08815878629684448,-0.008290290832519531,-0.09543310105800629,-0.10656070709228516,-0.014761298894882202,-0.16124345362186432,-0.11373656988143921,-0.006051957607269287,-0.2055261880159378,-0.12328583002090454,0.023190945386886597,-0.22932063043117523,-0.046450018882751465,-0.057782500982284546,-0.10884294658899307,-0.054620325565338135,-0.07512569427490234,-0.17760328948497772,-0.033925652503967285,-0.04207736253738403,-0.20486503839492798,-0.013411223888397217,0.007003426551818848,-0.21349865198135376,0.0016848444938659668,-0.07732951641082764,-0.1238989382982254,0.0469282865524292,-0.042084693908691406,-0.19415892660617828,0.09723418951034546,0.008342266082763672,-0.19917120039463043,0.12884199619293213,0.05559659004211426,-0.18772399425506592,0.04862987995147705,-0.06944090127944946,-0.1403568834066391,0.09104734659194946,-0.02534469962120056,-0.19537119567394257,0.13096624612808228,0.01890033483505249,-0.1935950517654419,0.1582549810409546,0.05515679717063904,-0.18199269473552704,0.22581981122493744,0.27119097113609314,0.33154362440109253,0.3562239408493042,0.11218199133872986,0.15251755714416504,0.02996939979493618,0.31879353523254395,0.2613908350467682,0.2140340656042099,0.2343747764825821,0.24740301072597504,0.2575826942920685,0.18105429410934448,176.00042724609375,170.80650329589844,171.94703674316406,152.9213104248047,162.40313720703125,140.78109741210938,160.57778930664062,109.47472381591797,152.8701171875,117.20354461669922,132.86431884765625,161.01101684570312,119.8840560913086,136.30152893066406,166.40077209472656,0.6107387542724609,0.30536964535713196,-0.0937064066529274,-71.81892395019531,1.8751146793365479,155.91323852539062,0.3562239408493042,176.00043305957885,170.8065093824674,171.9470338880352,152.9213028963961,162.403136102814,140.78110342269676,160.57778473882465,109.47472355937533,152.87011674167346,117.2035477387579,132.86432000342856,161.01101280104268,119.88405492423634,136.30152143554523,166.40076566389698,-71.81892076745929,1.8751146957851637,155.9132351681522,0.3562239443389189
20251105_002239,kamal,2025-11-05 00:23:39,2,release,0.0,0.0,0.0,-0.041378140449523926,0.04480379819869995,-0.0355791375041008,-0.0873064398765564,0.08657094836235046,-0.07050932943820953,-0.12465059757232666,0.14382323622703552,-0.10310439020395279,-0.16330382227897644,0.19288131594657898,-0.13808099925518036,-0.09163492918014526,-0.044005632400512695,-0.08051860332489014,-0.1030091643333435,-0.03562217950820923,-0.1357959508895874,-0.10828584432601929,-0.028028547763824463,-0.17317573726177216,-0.11777257919311523,-0.017767876386642456,-0.19394390285015106,-0.05281400680541992,-0.09522733092308044,-0.089903824031353,-0.038619935512542725,-0.10487544536590576,-0.1530931293964386,-0.0049193501472473145,-0.07368922233581543,-0.17789538204669952,0.02552133798599243,-0.03244781494140625,-0.18360315263271332,-0.01083594560623169,-0.11588862538337708,-0.1006384864449501,0.044739484786987305,-0.07262980937957764,-0.16658419370651245,0.09266841411590576,-0.021833360195159912,-0.17317280173301697,0.12373042106628418,0.022995859384536743,-0.16226039826869965,0.030200481414794922,-0.10882163047790527,-0.11285526305437088,0.0818936824798584,-0.06247591972351074,-0.16528066992759705,0.12325942516326904,-0.013693124055862427,-0.16649435460567474,0.15165579319000244,0.025341719388961792,-0.1564544141292572,0.2226361185312271,0.2974902093410492,0.3344164490699768,0.35722073912620544,0.14441460371017456,0.11478038877248764,0.02861885540187359,0.2879890501499176,0.22759681940078735,0.188186913728714,0.20534473657608032,0.21936194598674774,0.24695996940135956,0.1413739174604416,175.57693481445312,166.4858856201172,174.1044158935547,133.83407592773438,175.4095916748047,159.744384765625,129.24951171875,120.7021713256836,155.72506713867188,93.9446029663086,141.48333740234375,161.22315979003906,100.0933837890625,143.31143188476562,166.48289489746094,0.6203477382659912,0.3162212073802948,-0.07678337395191193,-75.13568115234375,-9.928746223449707,151.9871826171875,0.35722073912620544,175.5769340589167,166.48588068019168,174.10441373666131,133.83408055963775,175.40959748548244,159.74438773524474,129.24950482355854,120.7021742583748,155.72506263851162,93.94460431221046,141.48333553927912,161.22316405232488,100.0933842548839,143.3114271495934,166.48289498416008,-75.1356828109348,-9.928746624249728,151.98718378878772,0.35722074151033156
20251105_002239,kamal,2025-11-05 00:23:39,2,release,0.0,0.0,0.0,-0.04319947957992554,0.03618153929710388,-0.03656013682484627,-0.09068351984024048,0.06998774409294128,-0.07426853477954865,-0.13227587938308716,0.1234663724899292,-0.1100434735417366,-0.1728409230709076,0.1701180338859558,-0.14965951442718506,-0.08664435148239136,-0.06508797407150269,-0.08933687210083008,-0.10274684429168701,-0.06272459030151367,-0.15040607750415802,-0.1059371829032898,-0.037621527910232544,-0.19108723104000092,-0.10867458581924438,-0.006277292966842651,-0.21173951029777527,-0.04262816905975342,-0.10987463593482971,-0.09990610927343369,-0.023779869079589844,-0.14236581325531006,-0.17090921103954315,0.0148087739944458,-0.10004591941833496,-0.19987830519676208,0.05200231075286865,-0.04198533296585083,-0.2058461606502533,0.0014966726303100586,-0.12374401092529297,-0.11137270927429199,0.057371318340301514,-0.11526438593864441,-0.1837741881608963,0.11011505126953125,-0.05966189503669739,-0.19645507633686066,0.14440643787384033,-0.005971312522888184,-0.18786536157131195,0.04178738594055176,-0.10900235176086426,-0.12351769953966141,0.09635472297668457,-0.08170664310455322,-0.18063150346279144,0.13937056064605713,-0.03780651092529297,-0.18553690612316132,0.16730260848999023,-1.1295080184936523e-05,-0.17684055864810944,0.19770319759845734,0.3141643702983856,0.3648465871810913,0.3812878429889679,0.16470234096050262,0.1007910817861557,0.026101775467395782,0.28497737646102905,0.23808231949806213,0.21642470359802246,0.23702798783779144,0.24343940615653992,0.25420477986335754,0.12608450651168823,176.22366333007812,164.7671356201172,174.47586059570312,138.98162841796875,148.98716735839844,155.11680603027344,142.6072235107422,105.86312866210938,156.2321014404297,117.65652465820312,127.43192291259766,159.75341796875,116.5983657836914,137.9386444091797,162.99717712402344,0.6332935690879822,0.3347384035587311,-0.08482679724693298,-75.09675598144531,-11.186026573181152,161.12301635742188,0.3812878429889679,176.22366946886794,164.76714290725448,174.47585490865876,138.98163197020446,148.9871644703681,155.11679940966386,142.6072288055565,105.86313197023311,156.23209797332095,117.65652604830804,127.43192570902896,159.7534249776544,116.59836453571931,137.93865003763332,162.9971702260108,-75.09675648670459,-11.186026661965784,161.1230170437401,0.38128784376390584
20251105_002239,kamal,2025-11-05 00:23:39,2,release,0.0,0.0,0.0,-0.037744343280792236,0.05269259214401245,-0.0383068323135376,-0.08488786220550537,0.09630566835403442,-0.0752129778265953,-0.1307087540626526,0.1549864411354065,-0.10958622395992279,-0.1761745810508728,0.1991363763809204,-0.14837242662906647,-0.08527082204818726,-0.03024914860725403,-0.1010051965713501,-0.10858482122421265,-0.026004910469055176,-0.15432755649089813,-0.10447061061859131,-0.005036830902099609,-0.18447139859199524,-0.09560394287109375,0.011684119701385498,-0.20044128596782684,-0.040347516536712646,-0.08550247550010681,-0.10938572138547897,-0.0246465802192688,-0.11364653706550598,-0.17458975315093994,0.014798343181610107,-0.061313897371292114,-0.19784191250801086,0.0526697039604187,0.0006390213966369629,-0.20207346975803375,0.005030572414398193,-0.10698956251144409,-0.11752348393201828,0.05687224864959717,-0.0927804708480835,-0.18856213986873627,0.11267191171646118,-0.023747175931930542,-0.20288117229938507,0.14920789003372192,0.03660273551940918,-0.19767750799655914,0.04607820510864258,-0.09693503379821777,-0.12598133087158203,0.10401588678359985,-0.0540294349193573,-0.1881965845823288,0.14666593074798584,-0.0013018548488616943,-0.20060817897319794,0.17328763008117676,0.040637075901031494,-0.19852058589458466,0.21057336032390594,0.3076600432395935,0.3670448660850525,0.3869892656803131,0.14869341254234314,0.10311321169137955,0.024429911747574806,0.3044784963130951,0.22238107025623322,0.2088257521390915,0.25035804510116577,0.26662781834602356,0.2460922747850418,0.1271265149116516,169.94651794433594,170.33860778808594,170.37794494628906,156.30393981933594,137.92788696289062,161.6509246826172,147.86927795410156,97.52803039550781,162.9113311767578,120.03133392333984,127.6338119506836,164.54420471191406,113.7543716430664,146.98924255371094,165.64923095703125,0.6335906982421875,0.3262368142604828,-0.09077925235033035,-79.23368835449219,0.17532937228679657,153.08309936523438,0.3869892656803131,169.94652040295773,170.33861218705522,170.37794200255934,156.3039340198898,137.92787986303475,161.65091810845743,147.86928554828725,97.52803043242469,162.91132869002598,120.03133137256395,127.63381080793984,164.54420149524108,113.75437154706171,146.9892369374348,165.64922765576256,-79.2336886328349,0.17532936848877279,153.08310030481263,0.38698928039370173
20251105_002239,kamal,2025-11-05 00:23:39,2,release,0.0,0.0,0.0,-0.04155761003494263,0.042388975620269775,-0.03553902730345726,-0.08974587917327881,0.07696583867073059,-0.07181352376937866,-0.13204431533813477,0.12854504585266113,-0.10752859711647034,-0.1747680902481079,0.17453926801681519,-0.1468069851398468,-0.09274119138717651,-0.06554204225540161,-0.08570954203605652,-0.11011987924575806,-0.05839735269546509,-0.1403498649597168,-0.1042318344116211,-0.018188297748565674,-0.17273245751857758,-0.09862935543060303,0.025840848684310913,-0.18712061643600464,-0.04536682367324829,-0.11196231842041016,-0.09586754441261292,-0.031959593296051025,-0.1526944935321808,-0.16211742162704468,0.01323026418685913,-0.09590637683868408,-0.1863953322172165,0.05396229028701782,-0.02538934350013733,-0.18812932074069977,0.00038552284240722656,-0.12727364897727966,-0.10667702555656433,0.04875296354293823,-0.12350907921791077,-0.17775465548038483,0.10861337184906006,-0.04995858669281006,-0.1900598108768463,0.14602816104888916,0.01696804165840149,-0.18014250695705414,0.04162484407424927,-0.1118277907371521,-0.11765830963850021,0.0937688946723938,-0.09284937381744385,-0.17291691899299622,0.13798439502716064,-0.04405719041824341,-0.1770687699317932,0.1649191975593567,0.0005901753902435303,-0.16768133640289307,0.1718531847000122,0.3065885901451111,0.35895708203315735,0.3822060823440552,0.16096508502960205,0.10165658593177795,0.027935398742556572,0.28733280301094055,0.21309535205364227,0.1973554939031601,0.23251551389694214,0.2351929396390915,0.24491778016090393,0.11577776074409485,171.50990295410156,166.6012420654297,175.06932067871094,135.13401794433594,130.61134338378906,159.38990783691406,147.84115600585938,89.0624008178711,160.8159637451172,119.8902816772461,119.4564437866211,162.22108459472656,119.94082641601562,132.05638122558594,162.3192901611328,0.6327469944953918,0.3362785577774048,-0.08118268847465515,-76.62491607666016,-7.391458988189697,160.99244689941406,0.3822060823440552,171.50990965210303,166.6012435782275,175.06932799441853,135.134022430025,130.61133659955144,159.38990420141732,147.84115855361546,89.06240287299795,160.8159609773686,119.8902794242097,119.45644440193965,162.22108566002868,119.94082799949926,132.05637950194665,162.3192920287202,-76.62491404683827,-7.391458888239625,160.9924474527398,0.3822060685863739
20251105_002239,kamal,2025-11-05 00:23:39,2,release,0.0,0.0,0.0,-0.04060310125350952,0.04041609168052673,-0.03612589091062546,-0.08996850252151489,0.07690218091011047,-0.07271876186132431,-0.13277381658554077,0.13291403651237488,-0.10709907859563828,-0.17234128713607788,0.180984228849411,-0.14585290849208832,-0.0884552001953125,-0.06177964806556702,-0.09672756493091583,-0.10861402750015259,-0.055570513010025024,-0.15158168971538544,-0.10434997081756592,-0.022418856620788574,-0.18439796566963196,-0.10027879476547241,0.01349419355392456,-0.20096108317375183,-0.04311496019363403,-0.113037109375,-0.105378158390522,-0.04188811779022217,-0.15869906544685364,-0.16615445911884308,-0.012319326400756836,-0.11492457985877991,-0.1908884346485138,0.017713546752929688,-0.05162304639816284,-0.1980331391096115,0.00042873620986938477,-0.13170328736305237,-0.11376849561929703,0.037244439125061035,-0.1399887204170227,-0.18011555075645447,0.08786392211914062,-0.07297554612159729,-0.19640742242336273,0.1213616132736206,-0.010129839181900024,-0.19452431797981262,0.04074263572692871,-0.11756262183189392,-0.12249623984098434,0.09479671716690063,-0.09149399399757385,-0.18350344896316528,0.13905632495880127,-0.041125714778900146,-0.19808347523212433,0.16791009902954102,0.003216683864593506,-0.19818609952926636,0.19048051536083221,0.3048766255378723,0.35377237200737,0.3874416947364807,0.13479992747306824,0.1117001324892044,0.04856232926249504,0.2893611490726471,0.2249961942434311,0.2054162472486496,0.22950156033039093,0.25977274775505066,0.2229887843132019,0.15989503264427185,172.69915771484375,165.0264892578125,173.8265380859375,141.94259643554688,134.2228546142578,160.13418579101562,160.70974731445312,84.05501556396484,159.0229949951172,130.65872192382812,111.46338653564453,164.62655639648438,116.2591323852539,141.4904022216797,165.3418426513672,0.6358933448791504,0.3400302529335022,-0.08767422288656235,-78.72029876708984,-14.555013656616211,156.6470489501953,0.3874416947364807,172.69915838414119,165.02649551113979,173.82654409003038,141.94260036070222,134.2228553316434,160.1341841352599,160.70975158734427,84.05501519904489,159.02299831319874,130.65872404819697,111.46338812451538,164.62655677316712,116.25913236654172,141.4903980801411,165.3418388765526,-78.72029992606204,-14.555013222715885,156.64705177762,0.3874416971902844
20251105_002239,kamal,2025-11-05 00:23:39,2,release,0.0,0.0,0.0,-0.03847050666809082,0.04294434189796448,-0.03782181441783905,-0.08672875165939331,0.08528798818588257,-0.07493416219949722,-0.13099825382232666,0.14935821294784546,-0.10912966728210449,-0.17351773381233215,0.20007330179214478,-0.14855226874351501,-0.08343261480331421,-0.047443538904190063,-0.10359159111976624,-0.10276418924331665,-0.028580129146575928,-0.1557433009147644,-0.09868210554122925,0.00044795870780944824,-0.18606998026371002,-0.09493499994277954,0.02771863341331482,-0.2019931674003601,-0.03980904817581177,-0.09887710213661194,-0.1109643206000328,-0.03332090377807617,-0.14466536045074463,-0.17317917943000793,0.004821062088012695,-0.09925121068954468,-0.19641464948654175,0.04062527418136597,-0.03319847583770752,-0.20119719207286835,0.0028476715087890625,-0.11802655458450317,-0.11733399331569672,0.04512530565261841,-0.12459456920623779,-0.18594294786453247,0.10177463293075562,-0.054453521966934204,-0.2023061364889145,0.1388857364654541,0.011114448308944702,-0.19912222027778625,0.042425453662872314,-0.10489103198051453,-0.12381590902805328,0.09680604934692383,-0.07711142301559448,-0.18808011710643768,0.14200890064239502,-0.02453094720840454,-0.20356842875480652,0.1713046431541443,0.02261263132095337,-0.20346400141716003,0.19681794941425323,0.32100534439086914,0.3685901463031769,0.3916759490966797,0.14862070977687836,0.10781029611825943,0.03467051684856415,0.3036535978317261,0.22490490972995758,0.20792514085769653,0.24302765727043152,0.2669348418712616,0.23442712426185608,0.14211656153202057,173.3114776611328,165.94361877441406,171.4857940673828,137.55557250976562,145.8585968017578,164.07379150390625,159.5064239501953,85.51203918457031,158.9896697998047,131.65859985351562,114.36800384521484,164.20953369140625,119.6256103515625,141.28045654296875,164.5743408203125,0.6383362412452698,0.33824044466018677,-0.09114128351211548,-80.87109375,-9.187482833862305,155.46583557128906,0.3916759490966797,173.31147515248983,165.9436128749433,171.48579400541965,137.55557355861555,145.858596023989,164.07378776971996,159.50642391935938,85.51203541338347,158.98966231108207,131.65859297715141,114.36800266850187,164.20953198806166,119.62561392768737,141.28046025711728,164.57433729365658,-80.87109746330246,-9.187482453247943,155.46583198154246,0.39167596250742454
20251105_002239,kamal,2025-11-05 00:23:39,2,release,0.0,0.0,0.0,-0.03849083185195923,0.04834035038948059,-0.03137056156992912,-0.08412039279937744,0.0938718318939209,-0.0653468668460846,-0.12469464540481567,0.1682986319065094,-0.09854669123888016,-0.16504892706871033,0.22737690806388855,-0.13760223984718323,-0.08094799518585205,-0.023689210414886475,-0.09218882769346237,-0.10449725389480591,-0.008752256631851196,-0.1430843025445938,-0.1006132960319519,0.025679439306259155,-0.17421354353427887,-0.09473615884780884,0.06240835785865784,-0.1904415339231491,-0.0350533127784729,-0.07470914721488953,-0.10253036022186279,-0.02898550033569336,-0.12630745768547058,-0.1615930050611496,0.00995701551437378,-0.07621589303016663,-0.1848885715007782,0.0443037748336792,-0.007127046585083008,-0.19057169556617737,0.008954167366027832,-0.09540992975234985,-0.11190573871135712,0.04418069124221802,-0.10876128077507019,-0.17597012221813202,0.09878599643707275,-0.03812059760093689,-0.19104212522506714,0.13249409198760986,0.0269944965839386,-0.18856008350849152,0.049260616302490234,-0.08394962549209595,-0.12107694149017334,0.10182487964630127,-0.05930611491203308,-0.18053559958934784,0.14826738834381104,-0.006511479616165161,-0.19361361861228943,0.17686504125595093,0.04096865653991699,-0.1934099644422531,0.18695051968097687,0.318789005279541,0.36232811212539673,0.3934052586555481,0.15545833110809326,0.09458255022764206,0.046771567314863205,0.31285104155540466,0.22167029976844788,0.19578352570533752,0.23203079402446747,0.265267938375473,0.22998102009296417,0.14104518294334412,174.13201904296875,163.73623657226562,171.08822631835938,149.4433135986328,137.94566345214844,161.5018310546875,159.50733947753906,79.46102905273438,160.5524139404297,143.1199493408203,106.80834197998047,164.55039978027344,126.72477722167969,139.50709533691406,165.1699676513672,0.6391738653182983,0.3332746922969818,-0.08554051071405411,-77.49095916748047,-2.086181402206421,155.16534423828125,0.3934052586555481,174.13201982606356,163.7362379863409,171.0882337285618,149.44331301206498,137.94566298027263,161.5018246007102,159.50733835462628,79.46102570066586,160.5524130612402,143.11994466200292,106.80834236720275,164.5504034682207,126.72477395709164,139.5070882202069,165.16996540987716,-77.49095743610567,-2.0861812914869584,155.16534749149324,0.3934052619071342
20251105_002239,kamal,2025-11-05 00:23:39,2,release,0.0,0.0,0.0,-0.03805196285247803,0.04195842146873474,-0.03417867422103882,-0.08760672807693481,0.08385694026947021,-0.06874093413352966,-0.13053059577941895,0.1513303816318512,-0.10206401348114014,-0.17235004901885986,0.2077561914920807,-0.13971391320228577,-0.08274900913238525,-0.043691426515579224,-0.09094986319541931,-0.10290038585662842,-0.02581918239593506,-0.14419065415859222,-0.10037928819656372,0.011586397886276245,-0.17514705657958984,-0.09563428163528442,0.053035199642181396,-0.1901322305202484,-0.04066133499145508,-0.09409913420677185,-0.10130222886800766,-0.040307819843292236,-0.14640739560127258,-0.16162538528442383,-0.00896906852722168,-0.10497555136680603,-0.18479163944721222,0.025136291980743408,-0.04068830609321594,-0.18991923332214355,0.00033652782440185547,-0.1116902232170105,-0.11162075400352478,0.04451441764831543,-0.1154828667640686,-0.17807996273040771,0.10336321592330933,-0.04395139217376709,-0.1896863728761673,0.14219236373901367,0.019314616918563843,-0.18319594860076904,0.04127311706542969,-0.09887716174125671,-0.12233481556177139,0.09738469123840332,-0.06917086243629456,-0.18012860417366028,0.1437739133834839,-0.017755776643753052,-0.189164400100708,0.172610342502594,0.025714397430419922,-0.18555663526058197,0.1799052506685257,0.3213193118572235,0.36923953890800476,0.39273202419281006,0.15287142992019653,0.13171057403087616,0.03117344155907631,0.30395254492759705,0.21933744847774506,0.19584864377975464,0.23270685970783234,0.25472894310951233,0.24030543863773346,0.16179291903972626,172.73074340820312,163.45140075683594,173.3196563720703,137.37428283691406,141.35951232910156,160.0772705078125,163.24659729003906,80.38349151611328,158.13441467285156,128.5194549560547,114.55921173095703,165.52294921875,117.50884246826172,140.89260864257812,165.798583984375,0.6392254829406738,0.3276512622833252,-0.0852416455745697,-75.79890441894531,-11.990754127502441,156.0125274658203,0.39273202419281006,172.7307476644052,163.45140612469893,173.31964988008582,137.374286491677,141.35950963808,160.0772715985737,163.24660326501612,80.38349472779636,158.1344106500351,128.5194560419069,114.55921208205389,165.52294576285183,117.50884265556844,140.8926125402708,165.79858959098158,-75.7989011564225,-11.990753675908982,156.01252108891126,0.3927320227197383
20251105_002239,kamal,2025-11-05 00:23:39,2,release,0.0,0.0,0.0,-0.039295494556427,0.04205194115638733,-0.03771296516060829,-0.08714491128921509,0.08134806156158447,-0.07264602184295654,-0.1273682713508606,0.1529720425605774,-0.10545758157968521,-0.1673479974269867,0.20965677499771118,-0.14241832494735718,-0.08134466409683228,-0.04919877648353577,-0.09220387041568756,-0.09944307804107666,-0.050983428955078125,-0.14310792088508606,-0.09552866220474243,-0.008140742778778076,-0.17317695915699005,-0.09120017290115356,0.041288912296295166,-0.18727095425128937,-0.03167933225631714,-0.0949697196483612,-0.0994233638048172,-0.028896868228912354,-0.14415176212787628,-0.15331722795963287,-0.00433725118637085,-0.1062140166759491,-0.17521674931049347,0.022192537784576416,-0.04500865936279297,-0.18171383440494537,0.013612568378448486,-0.10673317313194275,-0.10714364796876907,0.053676724433898926,-0.1068030595779419,-0.1675056517124176,0.1033393144607544,-0.041241854429244995,-0.1821654886007309,0.13648337125778198,0.020903795957565308,-0.18011580407619476,0.05505090951919556,-0.08778548240661621,-0.11561322212219238,0.10560595989227295,-0.06003832817077637,-0.17137636244297028,0.14768117666244507,-0.012300729751586914,-0.18308976292610168,0.17592811584472656,0.03295004367828369,-0.1824992150068283,0.19015254080295563,0.3198815882205963,0.35966968536376953,0.38816264271736145,0.14260455965995789,0.1319446861743927,0.04131199046969414,0.3037174642086029,0.21235032379627228,0.1885157972574234,0.22695018351078033,0.2556215524673462,0.2287062406539917,0.17237402498722076,172.51866149902344,159.37350463867188,171.7679901123047,150.873779296875,119.18054962158203,160.90481567382812,164.78585815429688,80.30867004394531,157.77487182617188,129.6541290283203,118.305908203125,165.1620330810547,123.06111907958984,142.26541137695312,165.50149536132812,0.6427192687988281,0.3222099244594574,-0.08287696540355682,-80.26129913330078,-13.812935829162598,164.20364379882812,0.38816264271736145,172.5186549327447,159.3734972977041,171.76798611097865,150.87377728097294,119.18055063031635,160.90481233218478,164.7858552483633,80.30866711815773,157.77487325662466,129.65412346444208,118.30590564956108,165.16203004899555,123.06111573601497,142.26540806720774,165.5015013440978,-80.26129990457024,-13.812936174859184,164.2036368334171,0.3881626419228026
20251105_002239,kamal,2025-11-05 00:23:39,2,release,0.0,0.0,0.0,-0.0375138521194458,0.03745919466018677,-0.047089625149965286,-0.08332735300064087,0.07861310243606567,-0.08849791437387466,-0.12506669759750366,0.15503090620040894,-0.12579675018787384,-0.1629239022731781,0.21201258897781372,-0.16725945472717285,-0.08870494365692139,-0.07159915566444397,-0.10787305235862732,-0.09772539138793945,-0.06394299864768982,-0.16519850492477417,-0.08885419368743896,-0.012536436319351196,-0.20126383006572723,-0.07819855213165283,0.03728222846984863,-0.21944350004196167,-0.03361636400222778,-0.11049142479896545,-0.11140458285808563,-0.009958326816558838,-0.1395101249217987,-0.17446276545524597,0.02300208806991577,-0.08942168951034546,-0.20126625895500183,0.05640536546707153,-0.02625301480293274,-0.2095731496810913,0.014681220054626465,-0.11641436815261841,-0.11568397283554077,0.06950235366821289,-0.1041426956653595,-0.18173305690288544,0.120491623878479,-0.03498798608779907,-0.20021237432956696,0.15539014339447021,0.02723008394241333,-0.1994122862815857,0.05601292848587036,-0.09403252601623535,-0.12128893285989761,0.11091333627700806,-0.059708356857299805,-0.18116405606269836,0.1523599624633789,-0.010613352060317993,-0.19529159367084503,0.18038088083267212,0.03187894821166992,-0.1950705498456955,0.20107774436473846,0.32659801840782166,0.3694620430469513,0.388689786195755,0.14917226135730743,0.11296756565570831,0.025787586346268654,0.315387487411499,0.235924631357193,0.21861311793327332,0.25426921248435974,0.26759305596351624,0.23466140031814575,0.13769379258155823,171.9420166015625,159.9019775390625,170.8422393798828,134.4730682373047,129.89674377441406,164.84530639648438,143.30633544921875,102.18289184570312,161.7710418701172,119.41527557373047,129.6687774658203,165.3976593017578,119.5689926147461,145.94320678710938,165.6774139404297,0.6379104852676392,0.31030476093292236,-0.09125020354986191,-84.70360565185547,-6.897234916687012,171.18846130371094,0.388689786195755,171.94201767560236,159.9019741984113,170.84224384414404,134.47307342026522,129.8967405418836,164.84531206641608,143.30633031320684,102.18289383245522,161.77103651172172,119.41527569015092,129.6687755835279,165.3976657166237,119.56899339083441,145.94320101889534,165.67741248093196,-84.70360726339995,-6.897235000707001,171.18845497782507,0.38868979874793796
20251105_002239,kamal,2025-11-05 00:23:39,2,release,0.0,0.0,0.0,-0.03739035129547119,0.045543670654296875,-0.05273842439055443,-0.08576792478561401,0.09368273615837097,-0.09990288317203522,-0.12831765413284302,0.16582456231117249,-0.1409323513507843,-0.16793951392173767,0.22092404961585999,-0.18719559907913208,-0.08413004875183105,-0.047615885734558105,-0.1290692538022995,-0.09458404779434204,-0.049099892377853394,-0.18617065250873566,-0.07991105318069458,-0.010917812585830688,-0.2224624902009964,-0.06415706872940063,0.025542765855789185,-0.24354028701782227,-0.026859641075134277,-0.08598312735557556,-0.13130603730678558,-0.0022975802421569824,-0.1256960928440094,-0.19233570992946625,0.03153425455093384,-0.08612886071205139,-0.22058941423892975,0.0617901086807251,-0.034105896949768066,-0.23489531874656677,0.021889448165893555,-0.09234672784805298,-0.1332276165485382,0.06957036256790161,-0.10550844669342041,-0.19984887540340424,0.11507922410964966,-0.05346366763114929,-0.2245788872241974,0.14469021558761597,-0.0008539855480194092,-0.2328926920890808,0.06250572204589844,-0.06670376658439636,-0.1360790729522705,0.11979877948760986,-0.04110264778137207,-0.20263510942459106,0.1637844443321228,0.0053712427616119385,-0.2243531346321106,0.19097870588302612,0.0489976704120636,-0.23219645023345947,0.2282966673374176,0.3465418219566345,0.3860195279121399,0.40050724148750305,0.1396258920431137,0.08934275805950165,0.06803158670663834,0.3347436487674713,0.2531411349773407,0.24526932835578918,0.2741805911064148,0.30461257696151733,0.21077795326709747,0.1536332666873932,171.5190887451172,164.7974090576172,170.67337036132812,152.6874542236328,125.90615844726562,166.23910522460938,151.64767456054688,102.484619140625,162.07809448242188,145.12322998046875,120.94010162353516,163.5417938232422,136.794189453125,146.5137939453125,164.9799041748047,0.6402714848518372,0.3152979910373688,-0.10593631863594055,-87.26309967041016,-7.993160247802734,172.58338928222656,0.40050724148750305,171.51908880784418,164.79741497383029,170.67337682838755,152.68745816822093,125.90615759203489,166.23911257256057,151.64767298985348,102.48461608691369,162.07809009068586,145.12322872983444,120.94010505920386,163.5417971335518,136.7941891402654,146.51379447758683,164.97989766045274,-87.2630990227061,-7.993160032413024,172.58339336927656,0.4005072346145101
20251105_002239,kamal,2025-11-05 00:23:39,2,release,0.0,0.0,0.0,-0.04079383611679077,0.03943714499473572,-0.054437849670648575,-0.09204423427581787,0.07402950525283813,-0.10081768035888672,-0.13718992471694946,0.13695847988128662,-0.14006023108959198,-0.17703509330749512,0.186756432056427,-0.18332470953464508,-0.09193456172943115,-0.057139068841934204,-0.1298707127571106,-0.10766756534576416,-0.0798129141330719,-0.18856947124004364,-0.08780044317245483,-0.044324636459350586,-0.2247689962387085,-0.06940722465515137,-0.0008285045623779297,-0.24511386454105377,-0.03229165077209473,-0.09617340564727783,-0.13112172484397888,-0.016176283359527588,-0.15432992577552795,-0.19426333904266357,0.015469193458557129,-0.11520189046859741,-0.22340834140777588,0.04096943140029907,-0.057782530784606934,-0.23866447806358337,0.01817697286605835,-0.10416817665100098,-0.13248708844184875,0.05420041084289551,-0.1400122344493866,-0.19965726137161255,0.09602689743041992,-0.09047770500183105,-0.22488877177238464,0.1211288571357727,-0.034230202436447144,-0.23527508974075317,0.06028330326080322,-0.07905051112174988,-0.13506771624088287,0.11624127626419067,-0.06187260150909424,-0.20559968054294586,0.15868771076202393,-0.01376950740814209,-0.2313886135816574,0.18267792463302612,0.03475075960159302,-0.24298004806041718,0.22492168843746185,0.3322465419769287,0.37474748492240906,0.39504170417785645,0.12437187135219574,0.08361658453941345,0.09276867657899857,0.31595465540885925,0.2547525465488434,0.2489539086818695,0.26683005690574646,0.30597081780433655,0.1936917006969452,0.16929952800273895,169.6981201171875,160.11329650878906,172.27272033691406,160.9454345703125,106.57801818847656,160.89208984375,157.232666015625,90.84255981445312,158.5048370361328,158.54010009765625,104.08525085449219,160.57559204101562,138.66439819335938,142.39088439941406,162.55023193359375,0.641005277633667,0.3205915093421936,-0.10570941865444183,-88.04457092285156,-13.420816421508789,171.80865478515625,0.39504170417785645,169.6981184193272,160.11329919978888,172.2727165644821,160.9454358435105,106.57801620265475,160.8920929083536,157.23267066048174,90.8425565025702,158.50483167118102,158.5401013036394,104.08524992464113,160.57558765322003,138.66440023740242,142.39088934816678,162.5502270747758,-88.04457377616485,-13.420816461296932,171.80866100181674,0.3950416929248715
20251105_002239,kamal,2025-11-05 00:23:39,2,release,0.0,0.0,0.0,-0.0424838662147522,0.0341113805770874,-0.057187095284461975,-0.09632575511932373,0.06727001070976257,-0.1045965850353241,-0.14055079221725464,0.14119848608970642,-0.14530444145202637,-0.17753446102142334,0.19718661904335022,-0.18972228467464447,-0.0840950608253479,-0.057653993368148804,-0.13380378484725952,-0.09630835056304932,-0.08111736178398132,-0.19897150993347168,-0.07863599061965942,-0.046546220779418945,-0.23880696296691895,-0.057767629623413086,-0.003042548894882202,-0.2597103714942932,-0.023186087608337402,-0.09395363926887512,-0.13424786925315857,-0.00038176774978637695,-0.1453879326581955,-0.2057601362466812,0.03622865676879883,-0.10119640827178955,-0.2365739643573761,0.07055318355560303,-0.04284539818763733,-0.24959678947925568,0.026431024074554443,-0.09951353073120117,-0.13522441685199738,0.0800466537475586,-0.11304396390914917,-0.20548899471759796,0.12779128551483154,-0.05041822791099548,-0.22390145063400269,0.15731334686279297,0.011920332908630371,-0.22529615461826324,0.06731009483337402,-0.0776759684085846,-0.13820448517799377,0.1196589469909668,-0.061944931745529175,-0.19946828484535217,0.15767031908035278,-0.015378415584564209,-0.21402812004089355,0.1803879737854004,0.032211095094680786,-0.21670158207416534,0.24358601868152618,0.35035383701324463,0.38433337211608887,0.3950358033180237,0.13473226130008698,0.10543781518936157,0.03190642595291138,0.32618337869644165,0.26607486605644226,0.2628916800022125,0.27504169940948486,0.28379032015800476,0.21833014488220215,0.13703741133213043,169.0934600830078,153.901611328125,171.4932861328125,159.74069213867188,113.64315032958984,157.6577911376953,157.4200439453125,97.42076110839844,160.6410369873047,143.81094360351562,114.56541442871094,163.1245574951172,139.59722900390625,135.37855529785156,162.73251342773438,0.6436936259269714,0.3136042058467865,-0.10829611122608185,-88.33512878417969,-9.379755973815918,172.46685791015625,0.3950358033180237,169.09345933022496,153.9016176185402,171.49329136507393,159.74068480436148,113.64315216664448,157.6577963432246,157.42004499257126,97.42076279711834,160.64103535084212,143.8109389831083,114.5654150406133,163.12456214290364,139.5972288270943,135.37855539817622,162.732509872236,-88.33512509171405,-9.379756317638696,172.46685606642507,0.3950357899334626
20251105_002239,kamal,2025-11-05 00:23:39,2,release,0.0,0.0,0.0,-0.04607391357421875,0.0400109589099884,-0.060409724712371826,-0.10106766223907471,0.07490488886833191,-0.11247188597917557,-0.14686769247055054,0.141085684299469,-0.15819352865219116,-0.18730837106704712,0.19453591108322144,-0.2082265168428421,-0.09188032150268555,-0.05527433753013611,-0.13996881246566772,-0.11540752649307251,-0.08912140130996704,-0.2070544958114624,-0.0926210880279541,-0.05421251058578491,-0.248774453997612,-0.06925517320632935,-0.0098896324634552,-0.27058419585227966,-0.03031545877456665,-0.0884057879447937,-0.14031502604484558,-0.012366414070129395,-0.1378723680973053,-0.21364451944828033,0.03006953001022339,-0.09090971946716309,-0.24748507142066956,0.06491214036941528,-0.032043516635894775,-0.26262396574020386,0.020927727222442627,-0.09415581822395325,-0.1412932127714157,0.06530725955963135,-0.10675439238548279,-0.21269790828227997,0.11312705278396606,-0.04801654815673828,-0.2360624223947525,0.14234793186187744,0.012989252805709839,-0.2410183846950531,0.06279528141021729,-0.07500740885734558,-0.14431458711624146,0.10585528612136841,-0.06744197010993958,-0.20530293881893158,0.14215773344039917,-0.0231134295463562,-0.22110217809677124,0.16285276412963867,0.027462244033813477,-0.22470277547836304,0.24416150152683258,0.34338390827178955,0.37776681780815125,0.38832706212997437,0.13621683418750763,0.09214691072702408,0.02993517555296421,0.3410086929798126,0.279481440782547,0.2724182605743408,0.28021690249443054,0.2788665294647217,0.2148800939321518,0.12071170657873154,171.18186950683594,159.06204223632812,172.57737731933594,165.20089721679688,103.4628677368164,158.0653076171875,158.09791564941406,98.16560363769531,161.0305938720703,147.0498046875,116.91806030273438,161.44216918945312,146.72642517089844,129.921142578125,159.56643676757812,0.6471117734909058,0.32287895679473877,-0.11317828297615051,-88.39064025878906,-6.75512170791626,172.72964477539062,0.38832706212997437,171.18187467899708,159.0620401075048,172.5773761699742,165.20089806542524,103.46286790346717,158.06531163069755,158.0979108603676,98.16560104469458,161.03059387703098,147.04980722419654,116.91806027417482,161.4421734724628,146.72642420918527,129.9211480343984,159.56643881505533,-88.39063748928189,-6.755121584611487,172.72964235018168,0.38832705020664304
20251105_002239,kamal,2025-11-05 00:23:39,2,release,0.0,0.0,0.0,-0.04576808214187622,0.031331390142440796,-0.05472404137253761,-0.10054683685302734,0.06170138716697693,-0.10061226785182953,-0.148554265499115,0.1394990086555481,-0.14156825840473175,-0.18740272521972656,0.19507372379302979,-0.18608024716377258,-0.08821600675582886,-0.06879881024360657,-0.12352070957422256,-0.10705441236495972,-0.09809371829032898,-0.19076061248779297,-0.09485793113708496,-0.04516926407814026,-0.23292849957942963,-0.0807042121887207,0.018630892038345337,-0.2540149390697479,-0.02454209327697754,-0.09907987713813782,-0.12640854716300964,-0.01175624132156372,-0.15810957551002502,-0.2012021541595459,0.01913273334503174,-0.10451170802116394,-0.2336408942937851,0.047798871994018555,-0.035965681076049805,-0.24558281898498535,0.026688754558563232,-0.10010218620300293,-0.130925714969635,0.07041347026824951,-0.10834968090057373,-0.2017422914505005,0.11192244291305542,-0.04356226325035095,-0.22089098393917084,0.13682067394256592,0.018490999937057495,-0.2216372936964035,0.06766843795776367,-0.07565963268280029,-0.13736388087272644,0.10901421308517456,-0.06065475940704346,-0.19508691132068634,0.14267069101333618,-0.01632636785507202,-0.206944078207016,0.16322696208953857,0.028907299041748047,-0.20784594118595123,0.21709851920604706,0.3350217342376709,0.37089967727661133,0.38862091302871704,0.13987469673156738,0.10706913471221924,0.031559351831674576,0.3283281922340393,0.26717761158943176,0.2527630925178528,0.2611224055290222,0.26585447788238525,0.21992136538028717,0.13768158853054047,170.66860961914062,152.0689697265625,170.41078186035156,161.71981811523438,101.69221496582031,160.05271911621094,163.66815185546875,87.07459259033203,160.235107421875,143.77462768554688,113.42805480957031,162.92018127441406,140.6985626220703,131.5863037109375,163.23377990722656,0.6511005759239197,0.31477808952331543,-0.10364388674497604,-84.92521667480469,-8.180384635925293,177.4799041748047,0.38862091302871704,170.66861456352274,152.0689748987684,170.41077805682838,161.71982307812976,101.69221804561242,160.052716621479,163.6681491713396,87.07458878309781,160.23510169035788,143.77462884974545,113.42805353823428,162.92018321665424,140.6985613600707,131.5862962754689,163.23377254972044,-84.9252141502426,-8.180384998173738,177.47991117104266,0.38862089981559605
20251105_002239,kamal,2025-11-05 00:23:39,2,release,0.0,0.0,0.0,-0.04275256395339966,0.04005518555641174,-0.05030820891261101,-0.09649473428726196,0.07748228311538696,-0.09580118209123611,-0.14419704675674438,0.14328733086585999,-0.13691939413547516,-0.18740886449813843,0.19596323370933533,-0.18290993571281433,-0.09373980760574341,-0.053408265113830566,-0.12297632545232773,-0.10889381170272827,-0.057667702436447144,-0.18092547357082367,-0.09451556205749512,-0.026024997234344482,-0.21614323556423187,-0.07941430807113647,0.004712104797363281,-0.23513025045394897,-0.03613191843032837,-0.09112751483917236,-0.1250106543302536,-0.02358907461166382,-0.12483161687850952,-0.19079351425170898,0.013022899627685547,-0.08061766624450684,-0.21946299076080322,0.04827225208282471,-0.024059534072875977,-0.23081424832344055,0.014208316802978516,-0.10309436917304993,-0.12664608657360077,0.0546146035194397,-0.10210111737251282,-0.19226756691932678,0.09900522232055664,-0.03908398747444153,-0.2112850844860077,0.12922048568725586,0.02281045913696289,-0.21286745369434357,0.0569610595703125,-0.08882009983062744,-0.12971699237823486,0.10312765836715698,-0.06654715538024902,-0.1881265640258789,0.1394580602645874,-0.0174407958984375,-0.2030028998851776,0.16287028789520264,0.03185242414474487,-0.20493870973587036,0.22575823962688446,0.32596078515052795,0.36212357878685,0.38744431734085083,0.13095912337303162,0.09524442255496979,0.03573417663574219,0.3270775377750397,0.24822384119033813,0.23703224956989288,0.25006160140037537,0.26370662450790405,0.21059833467006683,0.13010919094085693,171.2138214111328,161.7305908203125,172.23342895507812,153.27728271484375,124.6227798461914,163.57028198242188,155.546142578125,100.23758697509766,161.62490844726562,134.04144287109375,120.48517608642578,164.53765869140625,129.2870635986328,138.15977478027344,163.99746704101562,0.641511857509613,0.3226310610771179,-0.10087008029222488,-87.43893432617188,-5.825738430023193,166.7764892578125,0.38744431734085083,171.2138257509333,161.73058853274966,172.2334324055255,153.2772771369766,124.62277982605696,163.57028824179633,155.54613792237356,100.23758745701053,161.62491342891872,134.04144151579112,120.48517680119062,164.53765433756715,129.28706365528794,138.1597773159518,163.9974600289327,-87.43893313222085,-5.82573834181309,166.77648244743514,0.38744433058479716
20251105_002239,kamal,2025-11-05 00:23:39,2,release,0.0,0.0,0.0,-0.03932410478591919,0.02491334080696106,-0.03741723671555519,-0.0925147533416748,0.05342218279838562,-0.07440458983182907,-0.14602595567703247,0.12089434266090393,-0.10933316498994827,-0.1911712884902954,0.17598244547843933,-0.14886440336704254,-0.08487313985824585,-0.07053574919700623,-0.09216369688510895,-0.11561977863311768,-0.0435088574886322,-0.15094049274921417,-0.1266106367111206,-0.0005467534065246582,-0.1909312605857849,-0.13190913200378418,0.0418601930141449,-0.21194401383399963,-0.036338865756988525,-0.11188536882400513,-0.10003483295440674,-0.03240382671356201,-0.14551815390586853,-0.1622970849275589,-0.0034470558166503906,-0.09997403621673584,-0.18749773502349854,0.025487124919891357,-0.04102697968482971,-0.19456155598163605,0.009434700012207031,-0.12455615401268005,-0.10895388573408127,0.04876351356506348,-0.11787819862365723,-0.17030543088912964,0.0906798243522644,-0.06419685482978821,-0.18412889540195465,0.11833834648132324,-0.012464582920074463,-0.18151003122329712,0.05129927396774292,-0.1081540584564209,-0.11900565028190613,0.09798520803451538,-0.07950466871261597,-0.16749131679534912,0.13143616914749146,-0.03750506043434143,-0.17503076791763306,0.15263694524765015,-0.000888437032699585,-0.17258873581886292,0.15962399542331696,0.3100357949733734,0.3638327121734619,0.3873631954193115,0.17873448133468628,0.0980178639292717,0.03728257864713669,0.2994610071182251,0.2531255781650543,0.20046697556972504,0.2170373797416687,0.2304033488035202,0.25787827372550964,0.13513320684432983,171.95794677734375,157.1548309326172,172.99681091308594,126.46126556396484,154.1615753173828,163.06350708007812,154.1378936767578,92.05281829833984,160.16868591308594,120.87007904052734,124.1518325805664,162.8878936767578,114.22499084472656,142.1182403564453,165.89617919921875,0.6457200050354004,0.32955020666122437,-0.084031842648983,-78.84896087646484,-11.809423446655273,164.55691528320312,0.3873631954193115,171.95794018125164,157.1548357489196,172.9968080112416,126.46126867555407,154.1615701440618,163.06350268125166,154.1378881786265,92.05282028546613,160.16868983612096,120.87007901477054,124.15183341481594,162.8878881524777,114.22498795536667,142.11824260549784,165.89618453871523,-78.84896277345776,-11.809423753954968,164.5569198519704,0.38736320761858556
20251105_002239,kamal,2025-11-05 00:23:39,2,release,0.0,0.0,0.0,-0.046763837337493896,0.025714069604873657,-0.05115608498454094,-0.10510247945785522,0.060728222131729126,-0.10099492967128754,-0.15305876731872559,0.13226303458213806,-0.14594407379627228,-0.19416457414627075,0.19211778044700623,-0.19558577239513397,-0.09585165977478027,-0.07899242639541626,-0.12935055792331696,-0.12107789516448975,-0.08199787139892578,-0.19829398393630981,-0.1324583888053894,-0.04706001281738281,-0.24308641254901886,-0.1395668387413025,-0.0022560060024261475,-0.26672661304473877,-0.0423809289932251,-0.10787594318389893,-0.13345380127429962,-0.03361862897872925,-0.09432372450828552,-0.20525602996349335,-0.020318984985351562,-0.04933047294616699,-0.23623521625995636,-0.004219472408294678,0.0038966238498687744,-0.24970406293869019,0.009496808052062988,-0.11022436618804932,-0.13836124539375305,0.044930458068847656,-0.0665578544139862,-0.20648731291294098,0.07445716857910156,-0.020784616470336914,-0.22416095435619354,0.09543591737747192,0.020660996437072754,-0.22586558759212494,0.05410653352737427,-0.08973783254623413,-0.14536385238170624,0.0884438157081604,-0.053755998611450195,-0.19973279535770416,0.11647814512252808,-0.007855355739593506,-0.20888254046440125,0.13807541131973267,0.0314004123210907,-0.20770391821861267,0.21406331658363342,0.27282804250717163,0.33790937066078186,0.369269996881485,0.13655230402946472,0.10382924973964691,0.047574233263731,0.3359507620334625,0.301043301820755,0.24977010488510132,0.24606940150260925,0.2513796389102936,0.23962701857089996,0.15089169144630432,172.25547790527344,157.01077270507812,173.17950439453125,151.44322204589844,140.1953582763672,155.89132690429688,126.56240844726562,135.4903106689453,160.1762237548828,108.4375228881836,147.13427734375,163.07638549804688,119.6501693725586,140.7161407470703,168.542724609375,0.6362671256065369,0.316862016916275,-0.10930601507425308,-83.9047622680664,0.8938986659049988,175.9014129638672,0.369269996881485,172.25548068917786,157.01077619432485,173.17950711819518,151.44322338324037,140.19535290496998,155.89133058205076,126.56240706296936,135.49031043053517,160.17622691686392,108.4375202222278,147.13427481757725,163.07638940884559,119.6501715753282,140.71614387326176,168.54273149753502,-83.90476450534244,0.8938986482042904,175.9014181471047,0.3692699958268615
20251105_002239,kamal,2025-11-05 00:23:39,2,release,0.0,0.0,0.0,-0.05718451738357544,-0.025859326124191284,-0.001877616043202579,-0.13069337606430054,0.005997717380523682,-0.012317133136093616,-0.1848011612892151,0.05979868769645691,-0.02157551795244217,-0.21882015466690063,0.11448132991790771,-0.03436703979969025,-0.15568745136260986,-0.019137203693389893,-0.05933131277561188,-0.23382848501205444,0.04088720679283142,-0.08694454282522202,-0.2849869430065155,0.09168404340744019,-0.09942570328712463,-0.32078981399536133,0.13607940077781677,-0.10624583065509796,-0.13409742712974548,0.006719857454299927,-0.07137016952037811,-0.21861860156059265,0.06921598315238953,-0.09673839807510376,-0.2641100287437439,0.12317517399787903,-0.10525858402252197,-0.29459717869758606,0.1697450876235962,-0.11000865697860718,-0.10280248522758484,0.04711911082267761,-0.0799444317817688,-0.1679980456829071,0.1392483413219452,-0.10463956743478775,-0.18560200929641724,0.18214458227157593,-0.10341984778642654,-0.18941524624824524,0.20327109098434448,-0.09811653196811676,-0.06572592258453369,0.09851208329200745,-0.08671404421329498,-0.12207648158073425,0.18185025453567505,-0.10672392696142197,-0.1453421711921692,0.21807324886322021,-0.10463658720254898,-0.15711238980293274,0.23741751909255981,-0.09919764846563339,0.12661299109458923,0.12049022316932678,0.11319129168987274,0.15206630527973175,0.04282045736908913,0.11103447526693344,0.04701725021004677,0.24933777749538422,0.36429643630981445,0.3573552668094635,0.2946593463420868,0.30148226022720337,0.14778392016887665,0.15361803770065308,132.0763702392578,158.7571258544922,166.20147705078125,137.5127716064453,170.82321166992188,173.06483459472656,145.58529663085938,165.23504638671875,172.828125,144.44692993164062,161.0858917236328,162.8026885986328,155.0348358154297,165.9102325439453,169.18113708496094,0.4940372109413147,0.35963812470436096,-0.059471625834703445,-73.0706558227539,28.35959243774414,-127.40364074707031,0.19263797998428345,132.07637707647905,158.75712830355846,166.20148399961695,137.51277799337717,170.8232110554289,173.0648365253796,145.58529700811698,165.2350454279924,172.8281311911428,144.44693571313434,161.0858856431542,162.80268657350754,155.03483099187548,165.91023153833802,169.18114375477847,-73.070658559751,28.359592063739008,-127.40364367913757,0.19263797726828671
20251105_002239,kamal,2025-11-05 00:23:39,2,release,0.0,0.0,0.0,-0.0631595253944397,-0.02449166774749756,0.01692437194287777,-0.131803959608078,-0.001134335994720459,0.015421055257320404,-0.17595231533050537,0.03981927037239075,0.009471045807003975,-0.19865721464157104,0.08544731140136719,-4.6182780351955444e-05,-0.1727050244808197,-0.020117223262786865,-0.019491367042064667,-0.2550443112850189,0.0424140989780426,-0.04071962088346481,-0.30511581897735596,0.09229937195777893,-0.0545802116394043,-0.3418085277080536,0.1364445984363556,-0.06381858140230179,-0.1654549241065979,0.002663940191268921,-0.041948940604925156,-0.25822189450263977,0.05042535066604614,-0.06175253540277481,-0.3115142583847046,0.10281616449356079,-0.0740756094455719,-0.3499506115913391,0.15226790308952332,-0.08218977600336075,-0.14293143153190613,0.04013440012931824,-0.061537470668554306,-0.22880303859710693,0.10287332534790039,-0.0807613804936409,-0.27268773317337036,0.16118520498275757,-0.09249672293663025,-0.30573058128356934,0.20687919855117798,-0.10001225769519806,-0.10971128940582275,0.089596688747406,-0.07818273454904556,-0.16568991541862488,0.15289703011512756,-0.09677885472774506,-0.19385585188865662,0.19845491647720337,-0.10238593071699142,-0.21642416715621948,0.23729664087295532,-0.10467787832021713,0.16480273008346558,0.18466795980930328,0.1902724951505661,0.1852611005306244,0.025576772168278694,0.07249445468187332,0.0944596454501152,0.216254323720932,0.37352779507637024,0.3903922438621521,0.38245606422424316,0.3377966582775116,0.0870208814740181,0.1598903089761734,137.57504272460938,155.58116149902344,158.9351806640625,136.41314697265625,172.4542999267578,174.36099243164062,154.0839080810547,162.9420928955078,172.193359375,156.89308166503906,163.32278442382812,178.115234375,161.389892578125,168.41781616210938,176.56739807128906,0.4756242632865906,0.349251925945282,-0.04023196920752525,-47.02493667602539,22.956878662109375,-119.86287689208984,0.1902724951505661,137.57504456853357,155.58116832657365,158.935183870028,136.413142050047,172.4542977668764,174.36099053267785,154.08391067448522,162.94209462150408,172.1933656467955,156.893079789177,163.32277791369444,178.11523323373103,161.38989353701638,168.4178184837409,176.56739259107943,-47.024938118655115,22.956878663849885,-119.86287378273515,0.190272502506198
20251105_002239,kamal,2025-11-05 00:23:39,3,point,0.0,0.0,0.0,-0.03791382908821106,-0.027116835117340088,-0.023291032761335373,-0.08186623454093933,-0.09160274267196655,-0.0452532060444355,-0.10894381999969482,-0.144295334815979,-0.06976369023323059,-0.10310739278793335,-0.15603983402252197,-0.09785391390323639,-0.034084826707839966,-0.23976659774780273,-0.036447543650865555,-0.027772128582000732,-0.3519743084907532,-0.07089123129844666,-0.02436581254005432,-0.439194917678833,-0.09536276012659073,-0.017917633056640625,-0.5059816837310791,-0.11299164593219757,0.015337824821472168,-0.2299579381942749,-0.04450265318155289,-0.026607006788253784,-0.24254471063613892,-0.10131245106458664,-0.05665433406829834,-0.1512126922607422,-0.11414854228496552,-0.0630030632019043,-0.0696943998336792,-0.10955742001533508,0.057320982217788696,-0.195715069770813,-0.055261384695768356,0.006300210952758789,-0.18948698043823242,-0.10960385948419571,-0.02297079563140869,-0.10566937923431396,-0.10337966680526733,-0.030480414628982544,-0.033844828605651855,-0.08386754244565964,0.09681031107902527,-0.1511836051940918,-0.06727664172649384,0.052350372076034546,-0.16024935245513916,-0.10525978356599808,0.019797980785369873,-0.1040658950805664,-0.0984782874584198,0.0041998326778411865,-0.05242609977722168,-0.082706980407238,0.3604798913002014,0.09592112898826599,0.14283527433872223,0.1499335765838623,0.4386240839958191,0.05479857698082924,0.03936152905225754,0.21108044683933258,0.5187538862228394,0.1443243771791458,0.09543737769126892,0.09801316261291504,0.47320106625556946,0.07440006732940674,158.35423278808594,170.49404907226562,125.32787322998047,166.09678649902344,178.3296356201172,176.69944763183594,106.4906005859375,96.93383026123047,162.52276611328125,85.86195373535156,104.59244537353516,162.8435516357422,88.08950805664062,100.1431884765625,163.38482666015625,0.49675583839416504,0.7883406281471252,-0.04069768637418747,-76.74693298339844,-28.875049591064453,-145.9119110107422,0.47320106625556946,158.35423444053646,170.49404282559823,125.32787522020979,166.09678900166614,178.32963863067917,176.6994505806827,106.49060109360846,96.93382937659638,162.52276865506485,85.86195459486953,104.59244582356965,162.8435484711497,88.089506158121,100.14318791619607,163.3848296784325,-76.74693553996642,-28.87505020039287,-145.91191048132822,0.47320106387502725
20251105_002239,kamal,2025-11-05 00:23:39,3,point,0.0,0.0,0.0,-0.05152994394302368,-0.03304558992385864,-0.024064801633358,-0.09996697306632996,-0.10164165496826172,-0.04419731721282005,-0.12429502606391907,-0.15805095434188843,-0.06699655950069427,-0.10667091608047485,-0.19805842638015747,-0.09044376015663147,-0.049919575452804565,-0.2745460271835327,-0.024497490376234055,-0.051362454891204834,-0.38893336057662964,-0.05855012685060501,-0.04909834265708923,-0.4689549505710602,-0.08408547937870026,-0.04770669341087341,-0.5346043109893799,-0.10186796635389328,-0.003791511058807373,-0.2659599184989929,-0.03136669844388962,-0.04393085837364197,-0.29525601863861084,-0.08351212739944458,-0.06733769178390503,-0.20791202783584595,-0.09539365768432617,-0.07684382796287537,-0.13392740488052368,-0.09020116180181503,0.03813725709915161,-0.23732316493988037,-0.042044539004564285,-0.009247273206710815,-0.24066519737243652,-0.08986762166023254,-0.03468984365463257,-0.15438461303710938,-0.07785157114267349,-0.043192923069000244,-0.08854323625564575,-0.05544270575046539,0.07482028007507324,-0.19198912382125854,-0.05530976504087448,0.03410524129867554,-0.20404213666915894,-0.08521763235330582,0.004076361656188965,-0.14059466123580933,-0.07174565643072128,-0.007901102304458618,-0.09001225233078003,-0.05168149247765541,0.34186312556266785,0.0707283690571785,0.13133203983306885,0.1514330357313156,0.40190428495407104,0.06633442640304565,0.03552206978201866,0.2424580305814743,0.5463101267814636,0.1788233071565628,0.11304612457752228,0.1040942370891571,0.44849318265914917,0.09036263078451157,157.49057006835938,166.70938110351562,136.6200714111328,165.10406494140625,177.49844360351562,177.4313201904297,119.77143096923828,81.2468490600586,166.2073516845703,93.4741439819336,93.21044921875,165.868408203125,94.77264404296875,90.8485336303711,164.5849151611328,0.5052322745323181,0.7262625694274902,-0.030643818899989128,-76.12498474121094,-48.498390197753906,-146.50210571289062,0.4491828680038452,157.49057637214815,166.7093801377746,136.62006698316222,165.1040605497363,177.49844063525677,177.4313187349915,119.77143203818854,81.24685006693139,166.20734874813198,93.4741426912278,93.21044854863698,165.86840272411794,94.772646233554,90.84853728105705,164.5849160633744,-76.12498456635146,-48.498389902599506,-146.5021097489369,0.4491828573821606
20251105_002239,kamal,2025-11-05 00:23:39,3,point,0.0,0.0,0.0,-0.05473068356513977,-0.04698842763900757,-0.02550935372710228,-0.09987640380859375,-0.1237906813621521,-0.04684397578239441,-0.11520332098007202,-0.18825304508209229,-0.07132380455732346,-0.09506034851074219,-0.227705717086792,-0.0959244817495346,-0.05083513259887695,-0.29225367307662964,-0.02083534002304077,-0.05120524764060974,-0.40660393238067627,-0.053215786814689636,-0.049563437700271606,-0.4849405288696289,-0.07590167224407196,-0.04632502794265747,-0.5505590438842773,-0.09231074899435043,-0.0037847161293029785,-0.28114163875579834,-0.029937852174043655,-0.03805595636367798,-0.323053240776062,-0.08342457562685013,-0.06732350587844849,-0.24027878046035767,-0.09672237932682037,-0.07750684022903442,-0.1711788773536682,-0.09261785447597504,0.037788331508636475,-0.25064873695373535,-0.04340381175279617,-0.0010771751403808594,-0.2735856771469116,-0.09366290271282196,-0.03069174289703369,-0.19024044275283813,-0.08432954549789429,-0.03984794020652771,-0.12452232837677002,-0.06383258104324341,0.07524293661117554,-0.20418322086334229,-0.05955136939883232,0.038094162940979004,-0.22424054145812988,-0.09181816130876541,0.0071977972984313965,-0.16442829370498657,-0.08209426701068878,-0.004034161567687988,-0.11512666940689087,-0.06526800990104675,0.32653093338012695,0.05928189307451248,0.12134706974029541,0.14798523485660553,0.3806595504283905,0.06651028990745544,0.03705355152487755,0.2647411525249481,0.5601629614830017,0.20949363708496094,0.14549317955970764,0.1324021816253662,0.4270365536212921,0.09637477993965149,160.9176483154297,162.31556701660156,142.42527770996094,164.84507751464844,178.62525939941406,177.3594207763672,128.9029998779297,74.94874572753906,163.7001953125,111.83842468261719,78.18802642822266,164.079345703125,105.58967590332031,84.19328308105469,162.62806701660156,0.5123145580291748,0.6821073889732361,-0.030745798721909523,-72.92933654785156,-54.79630661010742,-145.06419372558594,0.438316285610199,160.9176510515261,162.31556167271904,142.4252741757376,164.84507072533702,178.62526130430214,177.35942752348336,128.90300233424892,74.94874281157368,163.70019546264697,111.83842838526796,78.1880277239497,164.0793436000448,105.58967409632098,84.19327974457376,162.62806575375188,-72.92933538984906,-54.796307264860964,-145.06419761599076,0.43831627155016484
20251105_002239,kamal,2025-11-05 00:23:39,3,point,0.0,0.0,0.0,-0.05885389447212219,-0.053790926933288574,-0.022627225145697594,-0.10275042057037354,-0.1286177635192871,-0.044145602732896805,-0.11685696244239807,-0.18964093923568726,-0.07047120481729507,-0.09514707326889038,-0.23146724700927734,-0.09682786464691162,-0.055969446897506714,-0.2959621548652649,-0.01796593889594078,-0.05989372730255127,-0.4106462597846985,-0.049490589648485184,-0.05844306945800781,-0.48314422369003296,-0.07054124772548676,-0.05370664596557617,-0.5464215874671936,-0.08528315275907516,-0.008689820766448975,-0.2891771197319031,-0.0283831637352705,-0.04795050621032715,-0.3229811191558838,-0.08184485882520676,-0.07375755906105042,-0.23998314142227173,-0.09616254270076752,-0.08278542757034302,-0.1703009009361267,-0.09266208112239838,0.034470558166503906,-0.26386964321136475,-0.043000929057598114,-0.012401044368743896,-0.2693881392478943,-0.0936647430062294,-0.03515958786010742,-0.18467402458190918,-0.0864814892411232,-0.041158050298690796,-0.11870729923248291,-0.06701728701591492,0.07481533288955688,-0.22497069835662842,-0.059986528009176254,0.03516030311584473,-0.24161601066589355,-0.08965219557285309,0.007226288318634033,-0.18332690000534058,-0.0795699879527092,-0.0051149725914001465,-0.13400983810424805,-0.06287798285484314,0.3178786337375641,0.06254187226295471,0.12852349877357483,0.1369537115097046,0.3773152530193329,0.07108019292354584,0.0393751822412014,0.26833876967430115,0.5556385517120361,0.21081291139125824,0.14239636063575745,0.1481163054704666,0.4282880127429962,0.09075700491666794,163.2958526611328,161.29652404785156,143.2669677734375,165.27023315429688,176.89857482910156,175.6569061279297,122.51900482177734,80.98999786376953,164.3116912841797,96.21016693115234,92.21289825439453,164.8340301513672,101.5462646484375,87.28978729248047,165.41949462890625,0.5227616429328918,0.6315141916275024,-0.029867496341466904,-72.1880111694336,-53.8844108581543,-151.5063934326172,0.4282880127429962,163.29585581221417,161.29652134211412,143.26696051952354,165.27023299200064,176.8985770019491,175.65690835313333,122.51900560547205,80.98999657486885,164.3116961488366,96.21016637695969,92.21289523547091,164.8340255604572,101.54626584946317,87.28978362489015,165.41950196719517,-72.18800960501804,-53.88441036646878,-151.506389922642,0.428288012282253
20251105_002239,kamal,2025-11-05 00:23:39,3,point,0.0,0.0,0.0,-0.06026268005371094,-0.05818253755569458,-0.028563067317008972,-0.10568666458129883,-0.13302069902420044,-0.05381328612565994,-0.12390542030334473,-0.1985912322998047,-0.08277062326669693,-0.09833633899688721,-0.24956971406936646,-0.11066969484090805,-0.060956090688705444,-0.28893083333969116,-0.019752241671085358,-0.06472215056419373,-0.4051840305328369,-0.054895125329494476,-0.064655601978302,-0.4769675135612488,-0.07803929597139359,-0.059338152408599854,-0.5402169227600098,-0.09384071826934814,-0.015387952327728271,-0.2775464653968811,-0.028193766251206398,-0.04548829793930054,-0.3359363079071045,-0.08463390171527863,-0.07178762555122375,-0.2561652660369873,-0.09917546063661575,-0.08071961998939514,-0.19165539741516113,-0.09490431845188141,0.027202844619750977,-0.2520478367805481,-0.04176653176546097,-0.010212063789367676,-0.2864840030670166,-0.09451453387737274,-0.034039705991744995,-0.2017977237701416,-0.08457564562559128,-0.03816026449203491,-0.1389647126197815,-0.06244178116321564,0.06797224283218384,-0.21247124671936035,-0.058326996862888336,0.03133481740951538,-0.24556666612625122,-0.08900060504674911,0.004671573638916016,-0.186906099319458,-0.0772317498922348,-0.002567887306213379,-0.13838565349578857,-0.059007592499256134,0.2937343418598175,0.06255368888378143,0.13483530282974243,0.15557141602039337,0.3492182791233063,0.07510940730571747,0.03576235845685005,0.29017728567123413,0.5515083074569702,0.2285919487476349,0.1570553183555603,0.15046288073062897,0.40303561091423035,0.10116291046142578,165.67044067382812,163.6430206298828,141.69418334960938,163.689208984375,177.89279174804688,173.9989013671875,138.99208068847656,65.63739013671875,162.9454345703125,121.60398864746094,66.8609619140625,162.61505126953125,118.18708801269531,69.62557983398438,161.65658569335938,0.5240862369537354,0.6108891367912292,-0.02960803546011448,-73.34306335449219,-56.97334671020508,-149.33038330078125,0.40731382369995117,165.67044821470836,163.64302605296012,141.69418231579397,163.68921183005517,177.89278805294552,173.99889953470648,138.99207914297222,65.63739000918753,162.9454318126238,121.60398888961046,66.86096219167999,162.61505483173306,118.18708531231813,69.62558359244906,161.6565915802908,-73.34306294806834,-56.9733450708083,-149.33038716390502,0.40731382821872886
20251105_002239,kamal,2025-11-05 00:23:39,3,point,0.0,0.0,0.0,-0.06063789129257202,-0.055280327796936035,-0.026466527953743935,-0.10625064373016357,-0.1315537691116333,-0.048362959176301956,-0.12271726131439209,-0.19995296001434326,-0.0735185444355011,-0.100029855966568,-0.2414725422859192,-0.09748334437608719,-0.06393507122993469,-0.2871415615081787,-0.015383328311145306,-0.0670022964477539,-0.39938050508499146,-0.045668527483940125,-0.06686663627624512,-0.467044860124588,-0.06501897424459457,-0.06289708614349365,-0.5276746153831482,-0.07911992073059082,-0.016925692558288574,-0.277670681476593,-0.02382282167673111,-0.04516145586967468,-0.33865728974342346,-0.07604791969060898,-0.06663385033607483,-0.2537424564361572,-0.08821536600589752,-0.07300400733947754,-0.1861172914505005,-0.08287540823221207,0.026674270629882812,-0.25222229957580566,-0.03707755729556084,-0.008577108383178711,-0.28985509276390076,-0.0863141342997551,-0.03143894672393799,-0.20543986558914185,-0.07703077793121338,-0.03664490580558777,-0.14225012063980103,-0.05628630518913269,0.06770586967468262,-0.2121008038520813,-0.05309529975056648,0.03183954954147339,-0.2398325800895691,-0.0823872983455658,0.004745662212371826,-0.181959331035614,-0.0728006586432457,-0.004025578498840332,-0.13551539182662964,-0.05696597322821617,0.2891845107078552,0.0633087083697319,0.12473947554826736,0.14861156046390533,0.34172746539115906,0.06287521868944168,0.03331424668431282,0.2789587080478668,0.5372676253318787,0.21641987562179565,0.1573089063167572,0.1470569521188736,0.3869917094707489,0.08938609808683395,163.3828887939453,162.41116333007812,140.76153564453125,163.760986328125,178.1646270751953,175.4473114013672,141.72752380371094,58.460548400878906,164.79823303222656,124.59918212890625,63.19175338745117,164.21282958984375,113.9176254272461,74.80809783935547,162.82542419433594,0.5280399322509766,0.5832708477973938,-0.025875946506857872,-74.0142593383789,-59.31460952758789,-150.31507873535156,0.39717188477516174,163.38288957146347,162.41116792271828,140.7615329375571,163.7609789155811,178.16462630242472,175.44730779291993,141.72751748158745,58.46054869819947,164.7982258110649,124.59918442565844,63.19175287184194,164.2128283925393,113.91762207323896,74.8080943666274,162.8254218308194,-74.01426248971451,-59.314607896100426,-150.31507870078008,0.3971718879626348
20251105_002239,kamal,2025-11-05 00:23:39,3,point,0.0,0.0,0.0,-0.05938321352005005,-0.053459882736206055,-0.0230104923248291,-0.10314154624938965,-0.13389313220977783,-0.042106203734874725,-0.11660066246986389,-0.2033405900001526,-0.06491857767105103,-0.0962042510509491,-0.24143904447555542,-0.08701841533184052,-0.06562358140945435,-0.28103581070899963,-0.01249121967703104,-0.07127702236175537,-0.3934479355812073,-0.04168573021888733,-0.07185885310173035,-0.4594549238681793,-0.05975944921374321,-0.0673840343952179,-0.5190051198005676,-0.07309042662382126,-0.020342350006103516,-0.2685895562171936,-0.022581541910767555,-0.047419607639312744,-0.34032097458839417,-0.07478594779968262,-0.0686056911945343,-0.25501155853271484,-0.08582957834005356,-0.07322150468826294,-0.18633437156677246,-0.07942421734333038,0.022766470909118652,-0.24179136753082275,-0.03726476803421974,-0.009571492671966553,-0.29200485348701477,-0.08774427324533463,-0.03237020969390869,-0.20703434944152832,-0.07784462720155716,-0.0361294150352478,-0.14380717277526855,-0.0562099814414978,0.06385540962219238,-0.20182210206985474,-0.05425482988357544,0.030981481075286865,-0.24199676513671875,-0.08536406606435776,0.004723072052001953,-0.18190151453018188,-0.07534946501255035,-0.0029024481773376465,-0.13289403915405273,-0.059128258377313614,0.2794056534767151,0.06018640473484993,0.11870184540748596,0.14582559466362,0.33278223872184753,0.06101873889565468,0.03509478643536568,0.2740807831287384,0.5284402966499329,0.2153835892677307,0.15857301652431488,0.1454833298921585,0.37687569856643677,0.09062319993972778,160.64459228515625,161.95957946777344,142.84893798828125,164.24740600585938,177.5796356201172,174.599609375,146.86741638183594,52.7923469543457,163.9592742919922,133.74696350097656,54.41032409667969,163.1892547607422,125.5910415649414,62.358985900878906,162.84152221679688,0.5311223268508911,0.5686659812927246,-0.025318635627627373,-72.1228256225586,-59.89731979370117,-148.54220581054688,0.39170727133750916,160.64459225220523,161.95958324747681,142.84893406639503,164.24740499605304,177.57963619391523,174.5996161655412,146.86742208156681,52.792346213345574,163.95927433461065,133.74696396746631,54.4103222478577,163.18925220939835,125.59104137220272,62.35898424035091,162.84151629390004,-72.12282857627125,-59.89732023462782,-148.54220022527215,0.3917072678689243
20251105_002239,kamal,2025-11-05 00:23:39,3,point,0.0,0.0,0.0,-0.05853980779647827,-0.048561275005340576,-0.025413719937205315,-0.10208430886268616,-0.12415313720703125,-0.046410057693719864,-0.11510229110717773,-0.19449889659881592,-0.07026778906583786,-0.09000647068023682,-0.22747719287872314,-0.09313304722309113,-0.06764912605285645,-0.2711600661277771,-0.016234541311860085,-0.07336458563804626,-0.38280004262924194,-0.04648823291063309,-0.07461819052696228,-0.44855546951293945,-0.06485136598348618,-0.07066920399665833,-0.5075738430023193,-0.0781763419508934,-0.023054122924804688,-0.26027801632881165,-0.0249718576669693,-0.04583710432052612,-0.3335304260253906,-0.07733582705259323,-0.06472697854042053,-0.24982845783233643,-0.0874471664428711,-0.06898748874664307,-0.18319344520568848,-0.08015940338373184,0.019084692001342773,-0.2360597848892212,-0.03840542212128639,-0.009122192859649658,-0.2828090190887451,-0.08799455314874649,-0.029943227767944336,-0.199815571308136,-0.0774211436510086,-0.03345257043838501,-0.1407097578048706,-0.055498044937849045,0.05847513675689697,-0.1990298628807068,-0.05449310317635536,0.027967870235443115,-0.2336442470550537,-0.08391684293746948,0.0052678585052490234,-0.17355257272720337,-0.07346640527248383,0.0006192326545715332,-0.12847161293029785,-0.057304464280605316,0.28116148710250854,0.050706639885902405,0.11019675433635712,0.1389201581478119,0.32439085841178894,0.06062818318605423,0.03624807670712471,0.261764794588089,0.5183984041213989,0.21152929961681366,0.154913991689682,0.14067387580871582,0.36944371461868286,0.09144355356693268,159.81198120117188,160.6729736328125,135.33644104003906,163.9135284423828,178.16912841796875,174.41455078125,149.00421142578125,49.87737274169922,164.2073516845703,134.492431640625,53.11382293701172,163.1658935546875,124.8613052368164,61.579593658447266,162.31483459472656,0.5297449827194214,0.5512071251869202,-0.026821110397577286,-73.12533569335938,-60.00200653076172,-150.23484802246094,0.38631102442741394,159.81197804391047,160.6729693202988,135.33643817269297,163.91352873373697,178.1691287032498,174.41455658785287,149.00421058895594,49.877371101249835,164.20735774310222,134.49243230783594,53.11382470212316,163.1658997750598,124.8613055189353,61.57959288699023,162.31483689039476,-73.12533784224745,-60.00200591132659,-150.23485051512594,0.3863110144941436
20251105_002239,kamal,2025-11-05 00:23:39,3,point,0.0,0.0,0.0,-0.05791693925857544,-0.045057713985443115,-0.0252423994243145,-0.10296303033828735,-0.12071025371551514,-0.04535588622093201,-0.11554816365242004,-0.1899377703666687,-0.06810934096574783,-0.087166428565979,-0.222023606300354,-0.0899287611246109,-0.06903219223022461,-0.2646840810775757,-0.016895197331905365,-0.07526901364326477,-0.374995619058609,-0.04670029133558273,-0.07755252718925476,-0.439256876707077,-0.06490398198366165,-0.07420724630355835,-0.49767786264419556,-0.07833625376224518,-0.024711966514587402,-0.2547922432422638,-0.025485336780548096,-0.048733294010162354,-0.3296946883201599,-0.07766735553741455,-0.06665128469467163,-0.24463748931884766,-0.08751893788576126,-0.06993624567985535,-0.17692291736602783,-0.07999198138713837,0.01783853769302368,-0.23159745335578918,-0.038587216287851334,-0.010904967784881592,-0.2801535129547119,-0.08849229663610458,-0.02989572286605835,-0.19434767961502075,-0.07774154841899872,-0.032239437103271484,-0.13319158554077148,-0.05544872209429741,0.05839937925338745,-0.19606494903564453,-0.0542321614921093,0.027322590351104736,-0.23249194025993347,-0.0844573900103569,0.004713177680969238,-0.17077481746673584,-0.07404929399490356,-0.0005643963813781738,-0.12373954057693481,-0.05772918835282326,0.27620208263397217,0.04929189383983612,0.10998625308275223,0.13489434123039246,0.320787638425827,0.06273635476827621,0.033133819699287415,0.25491106510162354,0.5092411637306213,0.20637711882591248,0.1478307843208313,0.13654468953609467,0.36760765314102173,0.09020286798477173,158.60098266601562,159.6451416015625,131.60443115234375,163.89527893066406,178.64187622070312,174.10386657714844,149.89657592773438,48.917518615722656,164.2939453125,135.53329467773438,51.44232940673828,163.58224487304688,125.54217529296875,60.41958236694336,163.35386657714844,0.5278397798538208,0.5361911058425903,-0.027040114626288414,-73.66961669921875,-59.012508392333984,-151.69850158691406,0.3816775977611542,158.60097945667655,159.64513973570388,131.60442684549315,163.8952826661116,178.6418757062422,174.10386852013087,149.89657462844897,48.917518521890116,164.29395199557047,135.53330112924306,51.44233039516834,163.58225184731867,125.54217895731853,60.419583664996196,163.35387056688734,-73.66961721168616,-59.012508166455,-151.69850092027121,0.38167759870532353
20251105_002239,kamal,2025-11-05 00:23:39,3,point,0.0,0.0,0.0,-0.057386577129364014,-0.04106944799423218,-0.024898553267121315,-0.10240644216537476,-0.11604022979736328,-0.04396877810359001,-0.11576864123344421,-0.18275874853134155,-0.06560877710580826,-0.0882013738155365,-0.21612048149108887,-0.08619272708892822,-0.07202410697937012,-0.26086559891700745,-0.016112051904201508,-0.0800677239894867,-0.36997663974761963,-0.045605000108480453,-0.08209347724914551,-0.4337202310562134,-0.06316859275102615,-0.07827994227409363,-0.4908072054386139,-0.07600892335176468,-0.027683556079864502,-0.2528030574321747,-0.024601677432656288,-0.05309575796127319,-0.32740873098373413,-0.07666004449129105,-0.06825006008148193,-0.2407185137271881,-0.08560063689947128,-0.06904718279838562,-0.17182809114456177,-0.07712466269731522,0.015128374099731445,-0.23036569356918335,-0.03769588842988014,-0.014178574085235596,-0.27642521262168884,-0.08739525079727173,-0.031191110610961914,-0.1901145577430725,-0.07624443620443344,-0.03246966004371643,-0.1291622519493103,-0.05367736890912056,0.055500686168670654,-0.1948872208595276,-0.053396496921777725,0.024582505226135254,-0.2272786796092987,-0.08383481949567795,0.0021988749504089355,-0.16507530212402344,-0.07377838343381882,-0.0035106539726257324,-0.11819994449615479,-0.05774472653865814,0.2750544250011444,0.04910120740532875,0.10828206688165665,0.13255277276039124,0.31911465525627136,0.06089387834072113,0.03123042732477188,0.24883072078227997,0.5027890205383301,0.20060065388679504,0.14359118044376373,0.13159789144992828,0.36521822214126587,0.08687114715576172,156.3941192626953,160.285400390625,132.29994201660156,163.920654296875,177.6673583984375,173.87545776367188,149.73751831054688,47.757450103759766,164.20565795898438,134.2042694091797,51.99408721923828,163.74606323242188,123.25589752197266,63.2627067565918,163.95729064941406,0.5259445905685425,0.5220274925231934,-0.026361361145973206,-73.70265197753906,-58.93339157104492,-152.6439971923828,0.38047364354133606,156.39411931107253,160.28540274703312,132.29994132502804,163.9206488897983,177.66736019289806,173.8754586692098,149.73752176750506,47.75745050544564,164.20565965964067,134.20426936334786,51.994085411427655,163.74606409721204,123.25589474263175,63.262706000548505,163.95729755696982,-73.70265444354975,-58.933392567693176,-152.64399996711694,0.38047364971742637
20251105_002239,kamal,2025-11-05 00:23:39,3,point,0.0,0.0,0.0,-0.05909228324890137,-0.040544986724853516,-0.025073101744055748,-0.10472789406776428,-0.11223971843719482,-0.045546725392341614,-0.12039196491241455,-0.18296927213668823,-0.0687275379896164,-0.09058612585067749,-0.212826669216156,-0.09093376249074936,-0.07719916105270386,-0.25732460618019104,-0.01826663874089718,-0.08636796474456787,-0.3696605861186981,-0.050340671092271805,-0.09043756127357483,-0.4352911114692688,-0.07005203515291214,-0.0879538357257843,-0.49368834495544434,-0.08427202701568604,-0.03377419710159302,-0.24781841039657593,-0.026715019717812538,-0.05599898099899292,-0.3224284052848816,-0.0804920569062233,-0.0700000524520874,-0.23258277773857117,-0.0895702913403511,-0.07104116678237915,-0.16432273387908936,-0.08105506747961044,0.009642243385314941,-0.2256261110305786,-0.03976556286215782,-0.01722729206085205,-0.2771553099155426,-0.08940622955560684,-0.03277021646499634,-0.18858623504638672,-0.07673238217830658,-0.0331958532333374,-0.12754863500595093,-0.053141314536333084,0.05128437280654907,-0.1904146671295166,-0.055632445961236954,0.021497070789337158,-0.22508108615875244,-0.08573460578918457,-0.0003930330276489258,-0.163313627243042,-0.07512734830379486,-0.005539000034332275,-0.11743324995040894,-0.05860979110002518,0.28095299005508423,0.05321865901350975,0.10951828956604004,0.13182471692562103,0.32981523871421814,0.05969740077853203,0.029952075332403183,0.24853567779064178,0.5084936618804932,0.1965164989233017,0.1421077698469162,0.13136345148086548,0.3715182840824127,0.08362384885549545,157.1641082763672,160.3096466064453,126.55261993408203,163.15234375,178.66017150878906,173.48704528808594,150.3197021484375,46.93483352661133,164.913818359375,139.57347106933594,46.525245666503906,163.97288513183594,126.99665832519531,60.14640808105469,163.5446319580078,0.5244063138961792,0.5222735404968262,-0.02807609550654888,-73.78441619873047,-56.73868179321289,-152.49099731445312,0.38602933287620544,157.1641109263883,160.30964827470788,126.55261959408463,163.15233839000635,178.66016685673836,173.4870411206589,150.3197096978999,46.93483168719168,164.9138198404756,139.57347659264988,46.52524527731207,163.97288105113358,126.99665732822818,60.14640733553108,163.54463839242123,-73.78441860846571,-56.73868063885482,-152.49100284123645,0.3860293408686551
20251105_002239,kamal,2025-11-05 00:23:39,3,point,0.0,0.0,0.0,-0.05741852521896362,-0.03774672746658325,-0.026533786207437515,-0.10450044274330139,-0.10615706443786621,-0.047615353018045425,-0.11919349431991577,-0.1750558614730835,-0.07116734236478806,-0.08889403939247131,-0.20760267972946167,-0.09375239163637161,-0.07452535629272461,-0.25448089838027954,-0.020687896758317947,-0.08435660600662231,-0.3661036491394043,-0.05248304456472397,-0.08849698305130005,-0.4316175580024719,-0.07156012207269669,-0.08685973286628723,-0.4899916350841522,-0.08545010536909103,-0.029956698417663574,-0.2437615692615509,-0.02923640049993992,-0.05385380983352661,-0.3119419813156128,-0.08472535014152527,-0.06909456849098206,-0.21907782554626465,-0.09474886208772659,-0.07177695631980896,-0.15073877573013306,-0.08661627769470215,0.01224827766418457,-0.219955712556839,-0.042287372052669525,-0.015780627727508545,-0.2649514377117157,-0.09421036392450333,-0.03076016902923584,-0.17346495389938354,-0.082119420170784,-0.03154551982879639,-0.11401909589767456,-0.05845334380865097,0.052098631858825684,-0.18341004848480225,-0.058047354221343994,0.021903157234191895,-0.21175357699394226,-0.08959730714559555,0.0018326044082641602,-0.14885443449020386,-0.07910983264446259,-0.0026770830154418945,-0.10595649480819702,-0.06233407184481621,0.28251829743385315,0.0598115548491478,0.11529424041509628,0.13693948090076447,0.3395899832248688,0.06131928041577339,0.03022337146103382,0.24452102184295654,0.5049139857292175,0.1880863904953003,0.13195554912090302,0.12296130508184433,0.38097748160362244,0.08584795147180557,157.84031677246094,158.01718139648438,128.95481872558594,164.10850524902344,178.58995056152344,174.21429443359375,147.29002380371094,51.12350845336914,165.32974243164062,134.89993286132812,51.43819046020508,163.51651000976562,121.72740173339844,64.33128356933594,163.376708984375,0.5219181776046753,0.5179077386856079,-0.03005196899175644,-73.56169891357422,-53.26723098754883,-150.6956024169922,0.3938325345516205,157.8403196206578,158.01718403654144,128.9548171092302,164.10851119147685,178.58994892769604,174.21428923651223,147.29002714894182,51.12350899187086,165.32974643117785,134.89993882553117,51.43819210080697,163.51651004874762,121.72740116169008,64.33128491073892,163.37671161642476,-73.56170127002129,-53.267232357555145,-150.6956015473179,0.39383252596576884
20251105_002239,kamal,2025-11-05 00:23:39,3,point,0.0,0.0,0.0,-0.05918896198272705,-0.040644168853759766,-0.020270084962248802,-0.10707148909568787,-0.10199087858200073,-0.03914225101470947,-0.12998393177986145,-0.16240394115447998,-0.06113486364483833,-0.10209053754806519,-0.1940898895263672,-0.08217713236808777,-0.06971725821495056,-0.25286197662353516,-0.017143208533525467,-0.081247478723526,-0.3636479377746582,-0.04728281497955322,-0.08604732155799866,-0.4283902049064636,-0.06459423154592514,-0.0860748291015625,-0.482858270406723,-0.07660715281963348,-0.02481997013092041,-0.247575044631958,-0.02593529224395752,-0.06483489274978638,-0.29696911573410034,-0.0762077048420906,-0.07853332161903381,-0.21277329325675964,-0.08483364433050156,-0.07765612006187439,-0.1472175121307373,-0.07718851417303085,0.015020489692687988,-0.22485077381134033,-0.038624539971351624,-0.03166809678077698,-0.23796501755714417,-0.08323290944099426,-0.04476609826087952,-0.1606500744819641,-0.07254738360643387,-0.04367274045944214,-0.10797274112701416,-0.05188099667429924,0.04825359582901001,-0.18709751963615417,-0.053749557584524155,0.005084872245788574,-0.18686968088150024,-0.07803406566381454,-0.014415204524993896,-0.1338607668876648,-0.0685441717505455,-0.019626259803771973,-0.0986061692237854,-0.05365244299173355,0.28926581144332886,0.05309375375509262,0.10838200151920319,0.1293489634990692,0.3357468247413635,0.05775372311472893,0.025867043063044548,0.23419317603111267,0.4964168071746826,0.18347080051898956,0.1275031715631485,0.11396030336618423,0.37808528542518616,0.07927467674016953,162.89585876464844,162.7036590576172,122.67255401611328,165.26925659179688,178.3428955078125,175.20870971679688,135.76234436035156,62.7927360534668,164.05812072753906,105.28068542480469,80.295166015625,162.8185272216797,85.26276397705078,102.69480895996094,162.6732177734375,0.5245931148529053,0.504021942615509,-0.027090711519122124,-72.7608871459961,-53.36018371582031,-150.86192321777344,0.3906302750110626,162.8958588938027,162.7036597315149,122.67255718559042,165.26925240120806,178.3428917317177,175.20870818952605,135.76234447872335,62.79273652238287,164.05812234838405,105.28068751770684,80.29516866757193,162.81852652072465,85.26276723990759,102.69481016951293,162.6732162480111,-72.7608852338701,-53.36018250516153,-150.86192417567577,0.3906302706249336
20251105_002239,kamal,2025-11-05 00:23:39,3,point,0.0,0.0,0.0,-0.06404426693916321,-0.04442030191421509,-0.011766007170081139,-0.11136186122894287,-0.10074186325073242,-0.028500478714704514,-0.13886651396751404,-0.14911925792694092,-0.04952078312635422,-0.12956643104553223,-0.18009048700332642,-0.07060517370700836,-0.06263148784637451,-0.2543192505836487,-0.018060587346553802,-0.0828966498374939,-0.36043810844421387,-0.0457533523440361,-0.09384837746620178,-0.4260997772216797,-0.06224410608410835,-0.0985625684261322,-0.4809613823890686,-0.07428457587957382,-0.02076125144958496,-0.25054311752319336,-0.03041301667690277,-0.08585959672927856,-0.2779276669025421,-0.07427757233381271,-0.10625898838043213,-0.2063426375389099,-0.08200038224458694,-0.10116776823997498,-0.1505906581878662,-0.07728946208953857,0.01167607307434082,-0.22502973675727844,-0.04532351717352867,-0.06293860077857971,-0.21463197469711304,-0.08310951292514801,-0.07408767938613892,-0.14983868598937988,-0.07207030802965164,-0.0637323260307312,-0.10625505447387695,-0.05493027716875076,0.03433948755264282,-0.18483728170394897,-0.062284890562295914,-0.03135216236114502,-0.16824644804000854,-0.08374085277318954,-0.047615379095077515,-0.12228000164031982,-0.07416052371263504,-0.044092386960983276,-0.0922057032585144,-0.06044754385948181,0.30248647928237915,0.04148980230093002,0.10015738755464554,0.1230151429772377,0.3303946554660797,0.062185138463974,0.02476997673511505,0.23281995952129364,0.4965446889400482,0.1971956491470337,0.13553331792354584,0.11874315142631531,0.37681901454925537,0.08336697518825531,164.46197509765625,167.30081176757812,137.22740173339844,169.1501922607422,178.61813354492188,175.28863525390625,116.96522521972656,87.29515838623047,156.3344268798828,85.56365203857422,101.1701431274414,154.98770141601562,73.54924011230469,117.40369415283203,151.8587646484375,0.5329713821411133,0.4962250292301178,-0.031216662377119064,-65.48430633544922,-49.788028717041016,-144.3775177001953,0.39279693365097046,164.4619770628145,167.30081047308343,137.227394818025,169.15019732444753,178.61813821090692,175.28863885474738,116.96522196317446,87.29515828214322,156.33442819100753,85.56365557330321,101.17014635712897,154.98770861602665,73.5492380037605,117.40369181598695,151.85876184204352,-65.48430375856955,-49.788028661946655,-144.37751757637704,0.3927969477735662
20251105_002239,kamal,2025-11-05 00:23:39,3,point,0.0,0.0,0.0,-0.08153870701789856,-0.045544564723968506,-0.01011253148317337,-0.12919211387634277,-0.10040783882141113,-0.030167018994688988,-0.1604098677635193,-0.14590191841125488,-0.054577093571424484,-0.17582428455352783,-0.16559642553329468,-0.07904385030269623,-0.0762808620929718,-0.25746452808380127,-0.023043936118483543,-0.1092749834060669,-0.35310637950897217,-0.05235287547111511,-0.12731832265853882,-0.4175860583782196,-0.07122916728258133,-0.137545645236969,-0.47185996174812317,-0.08630126714706421,-0.04075831174850464,-0.25175777077674866,-0.03874245285987854,-0.13542568683624268,-0.24944311380386353,-0.08182862401008606,-0.14698949456214905,-0.17746859788894653,-0.08839435875415802,-0.12807327508926392,-0.13959729671478271,-0.08569961041212082,-0.019946515560150146,-0.21849429607391357,-0.05683252587914467,-0.12077227234840393,-0.19241347908973694,-0.0914522334933281,-0.1244371235370636,-0.13252437114715576,-0.07615295797586441,-0.10283046960830688,-0.10917407274246216,-0.060003556311130524,-0.012711167335510254,-0.1696241796016693,-0.07758379727602005,-0.09762904047966003,-0.14103484153747559,-0.09751033037900925,-0.10488009452819824,-0.09865075349807739,-0.08672759681940079,-0.08898299932479858,-0.08393943309783936,-0.07433344423770905,0.30873173475265503,0.05477602407336235,0.09420250356197357,0.11929568648338318,0.3323982059955597,0.04714932665228844,0.032154083251953125,0.2541343867778778,0.4990175664424896,0.20792929828166962,0.1615348607301712,0.14314071834087372,0.3652913570404053,0.06895677745342255,158.4558563232422,169.5697479248047,159.28472900390625,168.47833251953125,176.70498657226562,175.19491577148438,100.61783599853516,101.70024108886719,143.30145263671875,86.03518676757812,101.9044189453125,135.15371704101562,82.55349731445312,113.34707641601562,125.46644592285156,0.5338559746742249,0.4876081347465515,-0.039240773767232895,-49.37192916870117,-42.17281723022461,-125.89310455322266,0.39113155007362366,158.4558569983381,169.56975544099984,159.2847326075291,168.4783386943191,176.7049875841785,175.1949121449788,100.61783583148102,101.70024265641986,143.30145143508943,86.03518640706399,101.90442048291105,135.1537180802094,82.55349463383027,113.34707500328372,125.46644776847059,-49.37193067829495,-42.17281754670519,-125.89310254568925,0.3911315583170146
20251105_002239,kamal,2025-11-05 00:23:39,3,point,0.0,0.0,0.0,-0.0957949161529541,-0.043474793434143066,-0.0011061804834753275,-0.14179670810699463,-0.09444379806518555,-0.018679823726415634,-0.1738232970237732,-0.13599920272827148,-0.040656786412000656,-0.19758138060569763,-0.1534823179244995,-0.06350360065698624,-0.10244974493980408,-0.2478032112121582,-0.028278538957238197,-0.15064147114753723,-0.3233898878097534,-0.05708855763077736,-0.18127697706222534,-0.3754690885543823,-0.08047036826610565,-0.20772278308868408,-0.42259880900382996,-0.1006854698061943,-0.07558834552764893,-0.24062296748161316,-0.04379582032561302,-0.17816874384880066,-0.19281506538391113,-0.07076658308506012,-0.17144814133644104,-0.13220590353012085,-0.07191379368305206,-0.14661145210266113,-0.11083090305328369,-0.07461745291948318,-0.06432902812957764,-0.19880127906799316,-0.06063173711299896,-0.1615808606147766,-0.13029760122299194,-0.08009684085845947,-0.1486663818359375,-0.0839661955833435,-0.06618417054414749,-0.12462499737739563,-0.06878829002380371,-0.05998802185058594,-0.062081098556518555,-0.14433777332305908,-0.07973276823759079,-0.1426316499710083,-0.08922094106674194,-0.10000237822532654,-0.1647714376449585,-0.045087575912475586,-0.0970967635512352,-0.17546629905700684,-0.020893454551696777,-0.0941237062215805,0.2718621492385864,0.06738393008708954,0.11183948814868927,0.13786396384239197,0.3187685012817383,0.04964882507920265,0.07774315774440765,0.25812387466430664,0.4815351068973541,0.1983586996793747,0.15447258949279785,0.20021046698093414,0.36570945382118225,0.09644605219364166,152.9774169921875,170.62942504882812,159.6248779296875,164.65003967285156,176.1405029296875,178.73049926757812,85.05242919921875,108.39411926269531,136.95420837402344,76.36497497558594,105.83760070800781,139.01873779296875,85.62903594970703,147.4702911376953,175.8743896484375,0.5200503468513489,0.4898875951766968,-0.042488157749176025,-38.11611557006836,-33.968692779541016,-111.31401062011719,0.4030517637729645,152.97741632160555,170.62942944434644,159.62487343718612,164.65003679900192,176.14050566118686,178.73050436020898,85.05242588282358,108.39411770046698,136.9542080344006,76.36497819015234,105.83760037823274,139.0187428884121,85.62903295940399,147.47029272148552,175.87439055795664,-38.11611505676167,-33.96869312197788,-111.31401425434605,0.4030517699985204
20251105_002239,kamal,2025-11-05 00:23:39,3,point,0.0,0.0,0.0,-0.04630154371261597,-0.09294003248214722,0.004978866316378117,-0.10827520489692688,-0.15254375338554382,-0.0044097607024014,-0.1650761365890503,-0.1610514521598816,-0.019131192937493324,-0.20120829343795776,-0.14632165431976318,-0.03600607439875603,-0.12819314002990723,-0.2157064974308014,-0.013722684234380722,-0.20122700929641724,-0.25962507724761963,-0.03529077023267746,-0.2491220235824585,-0.2822604477405548,-0.0508691743016243,-0.2879902720451355,-0.3037046194076538,-0.06396446377038956,-0.1286931037902832,-0.18413788080215454,-0.02968643419444561,-0.21100887656211853,-0.12997817993164062,-0.052858512848615646,-0.18540039658546448,-0.09676563739776611,-0.05582405999302864,-0.1520693302154541,-0.10303092002868652,-0.05897217616438866,-0.1300419569015503,-0.12906932830810547,-0.04609699174761772,-0.2004334032535553,-0.07370346784591675,-0.06512753665447235,-0.1744183599948883,-0.049297451972961426,-0.05671301111578941,-0.1451696753501892,-0.05752664804458618,-0.05179948732256889,-0.1326320469379425,-0.06735813617706299,-0.06345034390687943,-0.18683531880378723,-0.031616926193237305,-0.0783543661236763,-0.17757445573806763,-0.00803673267364502,-0.07346531003713608,-0.16415485739707947,-0.00318145751953125,-0.06880716234445572,0.18188507854938507,0.06939861178398132,0.10618056356906891,0.1514529138803482,0.2424239218235016,0.04657994583249092,0.06002580747008324,0.2513786852359772,0.42339855432510376,0.19292011857032776,0.16451971232891083,0.1780206859111786,0.28486716747283936,0.10105791687965393,158.4371795654297,144.31443786621094,149.66334533691406,150.0011749267578,174.0618133544922,176.55506896972656,93.27030181884766,86.7606430053711,117.21034240722656,99.60114288330078,79.00277709960938,122.21757507324219,122.11534118652344,98.96893310546875,132.473388671875,0.5037658214569092,0.5137908458709717,-0.03059154562652111,5.100950717926025,-32.28018569946289,-88.28609466552734,0.32507357001304626,158.43717270493784,144.3144425192569,149.6633468809381,150.00117469191107,174.06181951138169,176.55506660567386,93.27030380160006,86.76064517619336,117.21034069570027,99.6011396226186,79.00277742800724,122.21757262192298,122.11534072714102,98.96893469908079,132.47338366599695,5.100950581860846,-32.280187061892626,-88.28609616280096,0.32507358010421267
20251105_002239,kamal,2025-11-05 00:23:39,3,point,0.0,0.0,0.0,-0.0485653281211853,-0.0909605622291565,0.01136969868093729,-0.11501520872116089,-0.13460129499435425,0.0067163207568228245,-0.16744691133499146,-0.13083255290985107,-0.0035113776102662086,-0.20044934749603271,-0.09563273191452026,-0.016182327643036842,-0.14872848987579346,-0.17941847443580627,-0.003605644917115569,-0.21638911962509155,-0.21872198581695557,-0.016656432300806046,-0.2605947256088257,-0.23882177472114563,-0.025458194315433502,-0.2962943911552429,-0.2507980167865753,-0.032645680010318756,-0.15708649158477783,-0.14396923780441284,-0.018582455813884735,-0.21343612670898438,-0.08509576320648193,-0.03274672105908394,-0.1884646713733673,-0.06299030780792236,-0.032359059900045395,-0.1601695716381073,-0.07190358638763428,-0.03179674968123436,-0.1601375937461853,-0.08890753984451294,-0.032586291432380676,-0.20114636421203613,-0.03554612398147583,-0.04194924607872963,-0.17695802450180054,-0.02570319175720215,-0.03278208151459694,-0.15309390425682068,-0.03808796405792236,-0.027162663638591766,-0.16065970063209534,-0.02971625328063965,-0.04655614495277405,-0.1905074417591095,8.285045623779297e-06,-0.05019304156303406,-0.16871783137321472,0.010926246643066406,-0.03979916498064995,-0.1478617787361145,0.009341955184936523,-0.031002527102828026,0.18312175571918488,0.04928836598992348,0.07532931864261627,0.11834177374839783,0.22479747235774994,0.0348573699593544,0.04787188023328781,0.22268234193325043,0.3895584046840668,0.1784249097108841,0.16008199751377106,0.15136556327342987,0.25648003816604614,0.0821763351559639,149.85330200195312,142.14405822753906,138.23263549804688,158.1548309326172,174.32586669921875,174.16944885253906,92.06985473632812,87.68994903564453,121.00497436523438,99.6911392211914,72.91354370117188,131.81451416015625,124.6244125366211,71.05840301513672,151.54586791992188,0.4897857904434204,0.5292514562606812,-0.020266255363821983,15.524749755859375,-23.765275955200195,-85.44317626953125,0.29951250553131104,149.85329775548456,142.1440588393171,138.23262873056422,158.1548267025964,174.32586228152056,174.16945176269118,92.06985722762487,87.68994886391155,121.004976522584,99.69113746895515,72.91354375748784,131.81450964395697,124.62440982039539,71.05840550046587,151.54586503101774,15.524749657801365,-23.7652766377364,-85.44317959240168,0.2995125129347767
20251105_002239,kamal,2025-11-05 00:23:39,3,point,0.0,0.0,0.0,-0.04563063383102417,-0.07747155427932739,0.01561352051794529,-0.11134445667266846,-0.10417914390563965,0.015455593355000019,-0.16115981340408325,-0.08955544233322144,0.009727400727570057,-0.19119864702224731,-0.056127309799194336,0.0016290848143398762,-0.1698514223098755,-0.13641256093978882,0.0019165783887729049,-0.24236181378364563,-0.14835941791534424,-0.004710828885436058,-0.28868240118026733,-0.15118935704231262,-0.009393631480634212,-0.32357820868492126,-0.14855706691741943,-0.013742083683609962,-0.17873722314834595,-0.0939146876335144,-0.010959572158753872,-0.2119029462337494,-0.039377808570861816,-0.01685113087296486,-0.18464064598083496,-0.028735578060150146,-0.014898956753313541,-0.15969473123550415,-0.04008704423904419,-0.014696280471980572,-0.17445087432861328,-0.03742283582687378,-0.021935641765594482,-0.19746661186218262,0.005129635334014893,-0.024489454925060272,-0.17355164885520935,0.005488455295562744,-0.015928741544485092,-0.15289658308029175,-0.007554054260253906,-0.012230691500008106,-0.16539278626441956,0.020438313484191895,-0.0321807935833931,-0.18806332349777222,0.04305058717727661,-0.030686624348163605,-0.1738414764404297,0.045095980167388916,-0.02091825008392334,-0.16239449381828308,0.04148054122924805,-0.013795698061585426,0.1621847152709961,0.03893975168466568,0.06339166313409805,0.10293150693178177,0.1965310424566269,0.03332700580358505,0.04997050389647484,0.19927330315113068,0.3563157320022583,0.16530384123325348,0.15357089042663574,0.16817529499530792,0.22139637172222137,0.08161722123622894,141.48861694335938,141.11135864257812,148.4027099609375,150.0841064453125,174.13485717773438,172.12742614746094,93.8517837524414,79.7276382446289,134.12274169921875,106.5363540649414,63.08908462524414,146.09970092773438,139.9322052001953,61.987342834472656,158.07569885253906,0.4763345420360565,0.5474017262458801,-0.012632078491151333,-7.449833869934082,-14.03444766998291,-91.62825012207031,0.2491876482963562,141.48861061401035,141.11135859852428,148.40270702883456,150.08410306133658,174.13484986688533,172.1274308739628,93.85178595633022,79.72763952708796,134.12274731093146,106.53635204103426,63.089085635370886,146.09969673131093,139.93220339496554,61.98734110369502,158.07570280388603,-7.449833875707097,-14.034447896710413,-91.62824847275954,0.24918765082326527
20251105_002239,kamal,2025-11-05 00:23:39,3,point,0.0,0.0,0.0,-0.0583491325378418,-0.07026451826095581,0.013023624196648598,-0.12974566221237183,-0.08682194352149963,0.013456081971526146,-0.18649160861968994,-0.07265344262123108,0.00962198618799448,-0.22343772649765015,-0.045977652072906494,0.003925155848264694,-0.17241808772087097,-0.10786303877830505,-0.0046645705588161945,-0.24989789724349976,-0.11300426721572876,-0.015532300807535648,-0.29870373010635376,-0.11369407176971436,-0.023530572652816772,-0.33782947063446045,-0.11138784885406494,-0.028183190152049065,-0.17866936326026917,-0.05739092826843262,-0.01728047803044319,-0.25256848335266113,-0.0355188250541687,-0.024139778688549995,-0.28051358461380005,-0.01996999979019165,-0.02620726078748703,-0.2970430552959442,-0.009889364242553711,-0.027776505798101425,-0.17184406518936157,-0.002965986728668213,-0.027880631387233734,-0.2154088020324707,0.025320112705230713,-0.03044045716524124,-0.19956594705581665,0.021095991134643555,-0.023909302428364754,-0.17777013778686523,0.01188117265701294,-0.019178757444024086,-0.15813380479812622,0.052079737186431885,-0.037987906485795975,-0.2013247013092041,0.07115733623504639,-0.03397834300994873,-0.21743729710578918,0.07398390769958496,-0.025545181706547737,-0.22931376099586487,0.0740818977355957,-0.0193961039185524,0.1356278359889984,0.0878925696015358,0.07724612206220627,0.12244469672441483,0.10938756167888641,0.12154795974493027,0.08078194409608841,0.22815294563770294,0.35683369636535645,0.29850277304649353,0.17919600009918213,0.24176256358623505,0.202225923538208,0.10820657014846802,142.09132385253906,152.63511657714844,158.0308837890625,151.10098266601562,176.7577667236328,175.14321899414062,145.84857177734375,167.35653686523438,177.53424072265625,145.6273956298828,25.795387268066406,167.08041381835938,161.438720703125,153.9693145751953,171.5799102783203,0.4559546709060669,0.5483450889587402,-0.017562631517648697,-23.202733993530273,-1.898550271987915,-95.10346984863281,0.21506254374980927,142.09131642187887,152.63511840675605,158.03088558297958,151.10098831972013,176.75777427815044,175.14322287000954,145.84857878149137,167.35653612107293,177.53423961080415,145.6273928411573,25.79538644760313,167.08041884769773,161.4387245341697,153.9693162042962,171.57991548025421,-23.20273463234187,-1.8985502660750047,-95.10347200550235,0.21506254676924996
20251105_002239,kamal,2025-11-05 00:23:39,3,point,0.0,0.0,0.0,-0.05712670087814331,-0.06236425042152405,0.012368633411824703,-0.1242799460887909,-0.07161816954612732,0.014480095356702805,-0.17233288288116455,-0.05794134736061096,0.01195995882153511,-0.20315629243850708,-0.03052496910095215,0.007994038984179497,-0.17487984895706177,-0.09155303239822388,0.00023981256526894867,-0.24781015515327454,-0.08709055185317993,-0.00959946122020483,-0.2958277761936188,-0.08616182208061218,-0.017808448523283005,-0.333758682012558,-0.08402788639068604,-0.022549424320459366,-0.18026947975158691,-0.04296237230300903,-0.010501704178750515,-0.24608996510505676,-0.021130800247192383,-0.013673493638634682,-0.2798423767089844,-0.008160531520843506,-0.015568017028272152,-0.3048674166202545,-0.0001532435417175293,-0.017631204798817635,-0.17226696014404297,0.010082364082336426,-0.019732316955924034,-0.20298326015472412,0.04395109415054321,-0.018937712535262108,-0.18454498052597046,0.03660738468170166,-0.013849213719367981,-0.16152235865592957,0.023865580558776855,-0.010256285779178143,-0.15805640816688538,0.06412935256958008,-0.028991661965847015,-0.1807563304901123,0.0821872353553772,-0.02345820516347885,-0.17247053980827332,0.07831364870071411,-0.01493303943425417,-0.16168344020843506,0.07148075103759766,-0.008102377876639366,0.14440377056598663,0.1091982051730156,0.07088575512170792,0.11128458380699158,0.0888473391532898,0.14553040266036987,0.047664135694503784,0.20559221506118774,0.3449116051197052,0.3053768575191498,0.16359776258468628,0.17696519196033478,0.2036110758781433,0.16038665175437927,139.9815673828125,155.81858825683594,154.176025390625,148.00962829589844,176.88218688964844,176.67486572265625,148.28195190429688,177.30496215820312,176.40501403808594,135.00926208496094,30.047611236572266,170.29791259765625,153.83277893066406,55.173316955566406,164.03033447265625,0.44856318831443787,0.5421820282936096,-0.011796998791396618,-29.921497344970703,-0.028752043843269348,-96.16759490966797,0.23238231241703033,139.98156601697374,155.81858411885705,154.17601862001538,148.00962239973873,176.8821921617085,176.67486284145772,148.28195562939294,177.30495813660482,176.40501547296842,135.0092667958603,30.04761137182929,170.2979098441937,153.83277155888797,55.17331533276145,164.0303347772413,-29.921496869952964,-0.02875204301391426,-96.16759650725577,0.23238231926654546
20251105_002239,kamal,2025-11-05 00:23:39,3,point,0.0,0.0,0.0,-0.05543607473373413,-0.055937379598617554,0.010770721361041069,-0.12349656224250793,-0.07168230414390564,0.013511613942682743,-0.17793861031532288,-0.07985058426856995,0.013102427124977112,-0.21562424302101135,-0.07524275779724121,0.011324371211230755,-0.1747947335243225,-0.060712337493896484,-0.0029620875138789415,-0.2480524182319641,-0.054283082485198975,-0.008390545845031738,-0.2940670847892761,-0.05214396119117737,-0.01323231402784586,-0.33013224601745605,-0.048461973667144775,-0.01665959507226944,-0.1762089729309082,-0.012811362743377686,-0.010459328070282936,-0.22897246479988098,0.008985042572021484,-0.009408866986632347,-0.24007636308670044,0.00933617353439331,-0.007432127371430397,-0.24464303255081177,0.006748378276824951,-0.007892800495028496,-0.1636948585510254,0.037198424339294434,-0.015973465517163277,-0.19006311893463135,0.0567326545715332,-0.012629586271941662,-0.17421984672546387,0.04375255107879639,-0.004784957505762577,-0.15214768052101135,0.030863046646118164,-0.0011416650377213955,-0.14629477262496948,0.08434838056564331,-0.02131522074341774,-0.1630861759185791,0.09242737293243408,-0.01602713018655777,-0.15056002140045166,0.08165061473846436,-0.007369297090917826,-0.13424640893936157,0.07313483953475952,-0.000752721622120589,0.12088175863027573,0.08907264471054077,0.12427034229040146,0.1696588397026062,0.10214424878358841,0.09582528471946716,0.0459076389670372,0.22865591943264008,0.33408594131469727,0.2448633313179016,0.15525059401988983,0.15287697315216064,0.19547832012176514,0.1290176659822464,147.43252563476562,174.77305603027344,164.33961486816406,155.63343811035156,177.0569610595703,176.79090881347656,153.04006958007812,157.5845947265625,145.3104705810547,153.77200317382812,26.916032791137695,164.46791076660156,156.57733154296875,45.86610412597656,165.63438415527344,0.44480374455451965,0.5516627430915833,-0.010141870006918907,-57.219661712646484,1.5792587995529175,-101.11528015136719,0.2311062067747116,147.43251930369888,174.77306314056682,164.33960942223234,155.63344362706374,177.05696227026667,176.7909076188593,153.04007287101294,157.58459309300636,145.3104736578672,153.77200224392263,26.916031838657652,164.46791187373375,156.5773346005828,45.86610254302669,165.63437849809927,-57.219659942916216,1.5792587475458886,-101.11528061707638,0.23110621064425313
20251105_002239,kamal,2025-11-05 00:23:39,3,point,0.0,0.0,0.0,-0.05539822578430176,-0.056567490100860596,0.012435467913746834,-0.11903956532478333,-0.06481125950813293,0.014441773295402527,-0.16764873266220093,-0.0579889714717865,0.01251425500959158,-0.19834601879119873,-0.03915044665336609,0.008597206324338913,-0.17144444584846497,-0.05618014931678772,-0.0013133722823113203,-0.2424127459526062,-0.046969592571258545,-0.009268239140510559,-0.2887813150882721,-0.04479342699050903,-0.016435878351330757,-0.32493191957473755,-0.040019720792770386,-0.021717961877584457,-0.17344772815704346,-0.008739233016967773,-0.010913645848631859,-0.22131001949310303,0.01464933156967163,-0.015792585909366608,-0.21575623750686646,0.012015700340270996,-0.016519661992788315,-0.20369160175323486,0.005799472332000732,-0.017163163051009178,-0.16162559390068054,0.04250150918960571,-0.018386652693152428,-0.19357624650001526,0.061987221240997314,-0.019273145124316216,-0.181278258562088,0.05454832315444946,-0.012229419313371181,-0.1620667576789856,0.0440831184387207,-0.008020645007491112,-0.14448973536491394,0.09162914752960205,-0.02511667087674141,-0.17630720138549805,0.10995471477508545,-0.021266283467411995,-0.17541468143463135,0.10411334037780762,-0.011952986940741539,-0.16756683588027954,0.09715712070465088,-0.004714026115834713,0.13016816973686218,0.052083272486925125,0.09230473637580872,0.14037200808525085,0.12968945503234863,0.057287439703941345,0.053460586816072464,0.20235565304756165,0.32810667157173157,0.20449566841125488,0.16814662516117096,0.19375337660312653,0.1838095784187317,0.09902625530958176,141.31748962402344,164.1112060546875,156.19073486328125,153.83868408203125,174.7363739013672,175.1876220703125,151.11473083496094,11.998680114746094,175.54200744628906,162.6836395263672,24.752277374267578,164.58546447753906,165.45700073242188,75.84449005126953,144.94578552246094,0.44455620646476746,0.546501874923706,-0.01114601455628872,-48.55276107788086,1.6251193284988403,-100.33496856689453,0.2094525843858719,141.31748681221262,164.11121338280213,156.19074077791544,153.83867904823305,174.73637691743303,175.1876253293085,151.11472822198456,11.99868033085365,175.5420144315683,162.68364123291573,24.752277590186626,164.58546127878557,165.45699778150754,75.84449331158922,144.94577795703066,-48.5527606567998,1.6251192695262493,-100.33497141498329,0.20945258306098158
20251105_002239,kamal,2025-11-05 00:23:39,3,point,0.0,0.0,0.0,-0.059189438819885254,-0.048098355531692505,0.00756255816668272,-0.12315267324447632,-0.04287463426589966,0.00843526516109705,-0.16228318214416504,-0.01452857255935669,0.005068147089332342,-0.1811259388923645,0.025330960750579834,4.386580621940084e-05,-0.168928861618042,-0.058263957500457764,0.00030602136394008994,-0.24032729864120483,-0.04980874061584473,-0.010429377667605877,-0.28823691606521606,-0.04160502552986145,-0.018335217610001564,-0.3252078890800476,-0.031131356954574585,-0.022808363661170006,-0.17163798213005066,-0.010612845420837402,-0.009150340221822262,-0.22729748487472534,0.018887102603912354,-0.015549820847809315,-0.2523815333843231,0.039006829261779785,-0.01876220665872097,-0.2718641459941864,0.052092909812927246,-0.02059272862970829,-0.16133123636245728,0.039762675762176514,-0.017848273739218712,-0.18583649396896362,0.07526004314422607,-0.022923972457647324,-0.1662043035030365,0.07034754753112793,-0.019355863332748413,-0.14467647671699524,0.05767005681991577,-0.014824328012764454,-0.14544743299484253,0.08924597501754761,-0.026735128834843636,-0.16384091973304749,0.11183583736419678,-0.025971204042434692,-0.14878761768341064,0.10746008157730103,-0.017915958538651466,-0.13220295310020447,0.09975671768188477,-0.0100634740665555,0.15642833709716797,0.09682712703943253,0.050945498049259186,0.08963710069656372,0.09887741506099701,0.12744049727916718,0.0441536121070385,0.1828886717557907,0.3274897634983063,0.27757492661476135,0.15645088255405426,0.16592256724834442,0.20134802162647247,0.14794577658176422,136.04727172851562,148.40945434570312,151.2361297607422,152.9134521484375,176.97862243652344,173.42333984375,148.5162811279297,169.24510192871094,175.015869140625,138.73297119140625,41.000328063964844,163.81089782714844,158.12110900878906,43.981231689453125,171.18829345703125,0.4556894898414612,0.5272283554077148,-0.010685373097658157,-40.96971130371094,10.816927909851074,-99.04476165771484,0.23354876041412354,136.04726991970784,148.4094549716715,151.2361372455844,152.9134449321111,176.97861482502503,173.4233411145576,148.5162814419083,169.2451089898812,175.0158630618856,138.73297519864343,41.00032708490798,163.8109009787056,158.12111083508276,43.98123050887026,171.18828962578186,-40.969711152690074,10.816927706188142,-99.04476301689677,0.23354876494086116
20251105_002239,kamal,2025-11-05 00:23:39,3,point,0.0,0.0,0.0,-0.059725165367126465,-0.04326838254928589,0.012648236006498337,-0.12575486302375793,-0.03823292255401611,0.012653701938688755,-0.1643131971359253,-0.007652342319488525,0.007883935235440731,-0.18287158012390137,0.03264725208282471,0.0008878424996510148,-0.16923978924751282,-0.049313515424728394,-0.0058028437197208405,-0.23986953496932983,-0.044931650161743164,-0.019136575981974602,-0.2893437147140503,-0.03504166007041931,-0.026517437770962715,-0.32723522186279297,-0.02402070164680481,-0.031270094215869904,-0.16913098096847534,-0.008581072092056274,-0.018035128712654114,-0.2009148895740509,0.05016434192657471,-0.032803766429424286,-0.1760261058807373,0.05823373794555664,-0.03174959123134613,-0.1569713056087494,0.04319727420806885,-0.028470706194639206,-0.15430128574371338,0.04256927967071533,-0.02855064533650875,-0.17645570635795593,0.09753191471099854,-0.0411987267434597,-0.1561734676361084,0.09627419710159302,-0.03244911506772041,-0.14092057943344116,0.07706600427627563,-0.024130402132868767,-0.13446325063705444,0.09379255771636963,-0.03771398216485977,-0.1680622100830078,0.13227498531341553,-0.041955847293138504,-0.17906594276428223,0.14793622493743896,-0.03271143510937691,-0.19070172309875488,0.15421366691589355,-0.024268722161650658,0.15838639438152313,0.040546905249357224,0.0660213977098465,0.12438873201608658,0.18307346105575562,0.03773002699017525,0.09181471914052963,0.18576502799987793,0.32960233092308044,0.16527727246284485,0.1624193787574768,0.2464507520198822,0.2120911180973053,0.11610355973243713,138.75523376464844,145.54888916015625,153.14784240722656,158.47064208984375,172.0001678466797,174.91726684570312,116.16923522949219,79.29940032958984,123.75467681884766,128.39727783203125,62.012489318847656,135.157470703125,163.94422912597656,148.9179229736328,155.90931701660156,0.47064656019210815,0.5067236423492432,-0.01802065223455429,-47.46034240722656,15.150920867919922,-103.6588134765625,0.22462837398052216,138.75524015780096,145.5488923311527,153.14784358315154,158.47064912946257,172.00017289222106,174.91727158646134,116.16923771032151,79.2993985179489,123.75467925451454,128.39727083785326,62.01248851323145,135.15746979436187,163.94423670340154,148.91792072910874,155.9093203523081,-47.460341177440924,15.150920972300577,-103.65881418475794,0.22462837222010235
20251105_002239,kamal,2025-11-05 00:23:39,3,point,0.0,0.0,0.0,-0.0611078143119812,-0.04029610753059387,0.007574783638119698,-0.1282011866569519,-0.03456294536590576,0.0055074444971978664,-0.1652209758758545,-0.004400461912155151,-0.0003502502222545445,-0.1787080466747284,0.04021987318992615,-0.00852910429239273,-0.1695345640182495,-0.05092272162437439,-0.00953950546681881,-0.24045711755752563,-0.04277604818344116,-0.022593587636947632,-0.28697746992111206,-0.033021360635757446,-0.029440954327583313,-0.32283928990364075,-0.024006813764572144,-0.03496294468641281,-0.16834938526153564,-0.00876230001449585,-0.02059806138277054,-0.1902797818183899,0.06488355994224548,-0.036771051585674286,-0.16447335481643677,0.07254078984260559,-0.035181522369384766,-0.1470344364643097,0.05244031548500061,-0.03240621089935303,-0.15378043055534363,0.04269900918006897,-0.03064746782183647,-0.16584843397140503,0.10610887408256531,-0.0430028960108757,-0.1423739194869995,0.10276439785957336,-0.0329846553504467,-0.12819617986679077,0.07990279793739319,-0.02536665089428425,-0.13412916660308838,0.0917799174785614,-0.040568456053733826,-0.14275795221328735,0.1358632743358612,-0.047342728823423386,-0.11781007051467896,0.13123956322669983,-0.03739790990948677,-0.10169494152069092,0.11502775549888611,-0.02792135626077652,0.15999259054660797,0.04150509834289551,0.06640546768903732,0.10910223424434662,0.19172388315200806,0.03403855487704277,0.04407498985528946,0.1833765208721161,0.3256131708621979,0.1594342291355133,0.15317369997501373,0.15605399012565613,0.22085116803646088,0.07741428166627884,141.00782775878906,145.4286346435547,146.24647521972656,155.7875518798828,174.34841918945312,177.73631286621094,104.68077087402344,89.2496566772461,114.61749267578125,117.56263732910156,68.5315933227539,132.4329071044922,136.04576110839844,66.86211395263672,147.8960723876953,0.48411276936531067,0.49688518047332764,-0.020270776003599167,-48.768985748291016,19.20293617248535,-103.93406677246094,0.2613140344619751,141.00782117465997,145.4286271092695,146.24647657795302,155.78755113343908,174.34841175271342,177.73630720627307,104.6807697844023,89.2496595054568,114.61749244719904,117.56263490786618,68.53159417017298,132.43291197456887,136.0457679085197,66.86211596119568,147.8960785241057,-48.76898451247237,19.20293528107514,-103.93406909636039,0.26131402232904166
20251105_002239,kamal,2025-11-05 00:23:39,3,point,0.0,0.0,0.0,-0.05908858776092529,-0.04470303654670715,0.0016943104565143585,-0.13062584400177002,-0.03430792689323425,-0.0033953506499528885,-0.1784883439540863,0.002519756555557251,-0.01012120395898819,-0.2050003707408905,0.0477806031703949,-0.018592221662402153,-0.17037537693977356,-0.05370795726776123,-0.018821321427822113,-0.24900251626968384,-0.04243066906929016,-0.03308212384581566,-0.2985692024230957,-0.032312482595443726,-0.04117331653833389,-0.3387363851070404,-0.02355515956878662,-0.04784143343567848,-0.1629796326160431,-0.013568073511123657,-0.0276707224547863,-0.20495069026947021,0.05691078305244446,-0.04482298716902733,-0.18225884437561035,0.0684460699558258,-0.04346194863319397,-0.1632487177848816,0.05384525656700134,-0.04107140004634857,-0.14605581760406494,0.03487631678581238,-0.035384614020586014,-0.17929580807685852,0.08973428606987,-0.04714376851916313,-0.15819376707077026,0.08753159642219543,-0.03358067572116852,-0.14123553037643433,0.07057276368141174,-0.024031074717640877,-0.12476956844329834,0.08027628064155579,-0.04347750172019005,-0.15058690309524536,0.11221221089363098,-0.049300726503133774,-0.1296190619468689,0.10657194256782532,-0.03704867511987686,-0.11217647790908813,0.09477630257606506,-0.02659701369702816,0.15436848998069763,0.04780475050210953,0.06793392449617386,0.10435011982917786,0.19191816449165344,0.032477110624313354,0.037905458360910416,0.21131448447704315,0.3429081439971924,0.176737979054451,0.15970435738563538,0.14924313127994537,0.220076322555542,0.06703157722949982,134.34017944335938,150.7236785888672,157.96253967285156,154.26817321777344,176.4977569580078,179.2353515625,117.22306060791016,85.63076782226562,115.69007110595703,135.56951904296875,53.28343200683594,143.82565307617188,160.32493591308594,39.943641662597656,162.94747924804688,0.5150655508041382,0.48612508177757263,-0.025070905685424805,-61.60271072387695,17.7377986907959,-108.79764556884766,0.2564820647239685,134.34017616826952,150.7236758708854,157.96253979571287,154.26817949414226,176.49775640387978,179.2353444338971,117.22306299667089,85.6307672237438,115.69007358058704,135.5695247211976,53.28343311593489,143.82565066911033,160.32493070832334,39.94364132087222,162.94748049106929,-61.60270973689116,17.73779892608897,-108.79764407514307,0.2564820692619957
20251105_002239,kamal,2025-11-05 00:23:39,3,point,0.0,0.0,0.0,-0.058703839778900146,-0.042466551065444946,0.002596238860860467,-0.13233798742294312,-0.0394415557384491,-0.002441773423925042,-0.18310892581939697,-0.01808658242225647,-0.009808076545596123,-0.21479305624961853,0.012784630060195923,-0.018642742186784744,-0.1638914942741394,-0.06818997859954834,-0.02706132084131241,-0.25189724564552307,-0.060212939977645874,-0.05038027465343475,-0.30634865164756775,-0.054182857275009155,-0.06756193190813065,-0.35308629274368286,-0.04742729663848877,-0.08063797652721405,-0.15522027015686035,-0.04167896509170532,-0.03872073441743851,-0.23250091075897217,0.014791697263717651,-0.05993717163801193,-0.25464746356010437,0.037754982709884644,-0.0690118595957756,-0.2766719460487366,0.04966571927070618,-0.07661637663841248,-0.13741153478622437,-0.005918949842453003,-0.04884016886353493,-0.2019771933555603,0.05031201243400574,-0.0669887438416481,-0.18567132949829102,0.056522518396377563,-0.060068417340517044,-0.16480481624603271,0.050711482763290405,-0.05367260053753853,-0.11612159013748169,0.032227545976638794,-0.05918886139988899,-0.16269367933273315,0.060187965631484985,-0.07316277921199799,-0.16145944595336914,0.0638817846775055,-0.06895269453525543,-0.15364372730255127,0.059457093477249146,-0.0640079602599144,0.16307637095451355,0.0924670472741127,0.07186348736286163,0.08930600434541702,0.12362191826105118,0.11420054733753204,0.01754637621343136,0.21597929298877716,0.3652694523334503,0.29134878516197205,0.18059077858924866,0.17674434185028076,0.21402865648269653,0.12405960261821747,141.32557678222656,159.3135223388672,158.5382080078125,152.15574645996094,177.15089416503906,177.3378448486328,130.2105255126953,169.84390258789062,163.0582275390625,137.55050659179688,59.68757629394531,145.27099609375,161.3741455078125,87.67829895019531,103.89447784423828,0.5601436495780945,0.4805619418621063,-0.03476215526461601,-56.07728576660156,9.815045356750488,-115.44103240966797,0.2268880009651184,141.32558287334547,159.31352928092124,158.53820492733573,152.15574549104412,177.1508952908486,177.3378462003501,130.21052595084768,169.8439024631419,163.05822719059086,137.55051359628072,59.68757618388032,145.27099331000935,161.37415238840094,87.67830203551993,103.89447579973222,-56.07728436407644,9.815045258183646,-115.44103165805608,0.22688800585576127
20251105_002239,kamal,2025-11-05 00:23:39,3,point,0.0,0.0,0.0,-0.002314627170562744,0.02868521213531494,-0.05866363272070885,0.026455461978912354,0.04685556888580322,-0.0898478701710701,0.06691920757293701,0.06204146146774292,-0.10823432356119156,0.10442256927490234,0.06228584051132202,-0.12300149351358414,0.03688424825668335,-0.07392627000808716,-0.09007541090250015,0.08772176504135132,-0.10205346345901489,-0.1294235736131668,0.1278497576713562,-0.12168276309967041,-0.15310664474964142,0.1610475778579712,-0.14088919758796692,-0.16823022067546844,0.0681450366973877,-0.07942599058151245,-0.07136711478233337,0.11831480264663696,-0.03424590826034546,-0.11332466453313828,0.1017029881477356,0.01220703125,-0.12045898288488388,0.08142739534378052,0.02451503276824951,-0.1188727542757988,0.09013783931732178,-0.06989729404449463,-0.05586463212966919,0.12386614084243774,-0.015822231769561768,-0.09281417727470398,0.09900563955307007,0.014142453670501709,-0.085182324051857,0.07797783613204956,0.010740816593170166,-0.07288853079080582,0.10226070880889893,-0.05662798881530762,-0.04459012299776077,0.12548404932022095,-0.013256967067718506,-0.06934235990047455,0.10475969314575195,0.00873178243637085,-0.06416001170873642,0.08646535873413086,0.00844430923461914,-0.05496653541922569,0.21571306884288788,0.044412367045879364,0.07659975439310074,0.08860094100236893,0.19008970260620117,0.04812667891383171,0.01996270939707756,0.17295365035533905,0.2721901834011078,0.14615792036056519,0.10727835446596146,0.10280507802963257,0.1974393129348755,0.0660882219672203,139.22842407226562,158.24586486816406,161.25912475585938,150.9651336669922,173.3461151123047,172.63978576660156,106.29218292236328,113.25885772705078,139.2172088623047,98.13911437988281,99.84677124023438,121.83141326904297,98.53446960449219,101.75989532470703,132.0508270263672,0.6805210709571838,0.5416567325592041,-0.05237919092178345,-124.82803344726562,9.655848503112793,-165.17945861816406,0.21571306884288788,139.2284240541659,158.2458690221139,161.259126153772,150.9651356876811,173.3461205895008,172.6397889580775,106.2921792606922,113.2588566933353,139.21720244411244,98.13911754302724,99.84676795719503,121.83141053444886,98.5344714649743,101.75989874554833,132.05082464057708,-124.82803625871209,9.655848316653739,-165.17945983401628,0.21571306280418973
20251105_002239,kamal,2025-11-05 00:23:39,3,point,0.0,0.0,0.0,0.003094792366027832,0.02599954605102539,-0.03946460783481598,0.038797199726104736,0.03998285531997681,-0.062095578759908676,0.08465355634689331,0.04727494716644287,-0.07472730427980423,0.12332063913345337,0.04982799291610718,-0.08420643955469131,0.015794456005096436,-0.05431419610977173,-0.07815686613321304,0.07709670066833496,-0.09857302904129028,-0.10184100270271301,0.1224166750907898,-0.11618196964263916,-0.11219494789838791,0.15697091817855835,-0.13117486238479614,-0.11821731179952621,0.036998867988586426,-0.07168465852737427,-0.06323173642158508,0.10214918851852417,-0.054516732692718506,-0.08661209046840668,0.10964822769165039,-0.0170210599899292,-0.0861101970076561,0.09971761703491211,0.003170192241668701,-0.0836699903011322,0.05681639909744263,-0.07215625047683716,-0.04822694882750511,0.11451715230941772,-0.047646939754486084,-0.06654337793588638,0.11152184009552002,-0.018343329429626465,-0.0560729093849659,0.09664392471313477,-0.007652223110198975,-0.04655121639370918,0.07389557361602783,-0.06885933876037598,-0.03574781119823456,0.11717730760574341,-0.04532283544540405,-0.04664495959877968,0.11508041620254517,-0.02274608612060547,-0.03918297216296196,0.10327106714248657,-0.011834502220153809,-0.03159985691308975,0.18721942603588104,0.05229092389345169,0.0737125426530838,0.08349671959877014,0.1500668227672577,0.03878628462553024,0.016880569979548454,0.1574215143918991,0.23626689612865448,0.13020876049995422,0.10754357278347015,0.10864400118589401,0.15502651035785675,0.054305315017700195,130.4181671142578,160.93943786621094,174.7001495361328,133.10142517089844,164.90411376953125,176.33856201171875,111.3245849609375,114.25992584228516,142.19349670410156,110.68580627441406,99.97294616699219,135.14170837402344,111.337646484375,107.35649108886719,140.55535888671875,0.6784220337867737,0.5329536199569702,-0.04507216438651085,-126.12638092041016,1.395117998123169,165.94532775878906,0.18721942603588104,130.41816954143758,160.9394401981259,174.70014382692847,133.10143219399296,164.9041105696011,176.33855638615253,111.32458210849562,114.25992483931309,142.19348997847192,110.68580398628141,99.97294698634805,135.1417127364717,111.3376465138777,107.3564903427386,140.55535505449953,-126.12638300064594,1.3951179988584939,165.94532209017584,0.1872194283127359
20251105_002239,kamal,2025-11-05 00:23:39,3,point,0.0,0.0,0.0,-0.0006009340286254883,-0.03638613224029541,-0.02540467493236065,0.021278738975524902,-0.060364603996276855,-0.04583440348505974,0.054549455642700195,-0.05633983016014099,-0.05909416824579239,0.08407199382781982,-0.04461514949798584,-0.07267732918262482,-0.017834901809692383,-0.018838822841644287,-0.08208385854959488,0.03457909822463989,-0.04256218671798706,-0.1058664545416832,0.07953250408172607,-0.06994107365608215,-0.11884428560733795,0.11272990703582764,-0.08558118343353271,-0.1272095888853073,-0.013154566287994385,0.019863426685333252,-0.07718248665332794,0.04517561197280884,0.029008448123931885,-0.10210973769426346,0.08617937564849854,0.02003765106201172,-0.10652986913919449,0.11020171642303467,0.022486329078674316,-0.11029631644487381,-0.0003083944320678711,0.05060607194900513,-0.06980554759502411,0.057390809059143066,0.06363588571548462,-0.08704958856105804,0.08903372287750244,0.048327505588531494,-0.08381736278533936,0.10437381267547607,0.04566311836242676,-0.08101799339056015,0.01648116111755371,0.07151281833648682,-0.06408407539129257,0.059315264225006104,0.07652157545089722,-0.07641361653804779,0.08231329917907715,0.06336396932601929,-0.07574687153100967,0.09673130512237549,0.05761277675628662,-0.07493229955434799,0.07398147135972977,0.08124382793903351,0.09290799498558044,0.10303345322608948,0.10941223800182343,0.03779349476099014,0.015434958040714264,0.11975227296352386,0.19030094146728516,0.1575288325548172,0.13979601860046387,0.13524432480335236,0.1393863409757614,0.05163267254829407,144.06982421875,130.750244140625,166.26475524902344,105.85640716552734,169.1317138671875,173.96295166015625,104.98193359375,153.4606170654297,161.77012634277344,110.32605743408203,136.22903442382812,163.4334716796875,115.10706329345703,140.02159118652344,171.82644653320312,0.6860615611076355,0.562977135181427,-0.05863058939576149,-117.67832946777344,8.206673622131348,-110.79705810546875,0.1532755047082901,144.06981966379982,130.750243724596,166.26475081058004,105.8564054223834,169.13172045003378,173.96295043498782,104.98193635246736,153.46061773617913,161.7701281185071,110.32605493864736,136.22904090322993,163.43346735952733,115.10706097980072,140.0215915318009,171.8264539682533,-117.67832903848026,8.206673508897936,-110.79705897408905,0.15327550260504533
20251105_002239,kamal,2025-11-05 00:23:39,3,point,0.0,0.0,0.0,-0.0036932826042175293,0.031202077865600586,-0.056292202323675156,0.028584957122802734,0.04268229007720947,-0.08799346536397934,0.07832968235015869,0.050549209117889404,-0.10853465646505356,0.12272995710372925,0.045291006565093994,-0.1255079060792923,0.03409469127655029,-0.09400972723960876,-0.08531291037797928,0.10543644428253174,-0.137958824634552,-0.12255766242742538,0.16075736284255981,-0.15955078601837158,-0.14385710656642914,0.20332777500152588,-0.18241551518440247,-0.15718917548656464,0.06692498922348022,-0.10577386617660522,-0.06778763979673386,0.11863255500793457,-0.047508180141448975,-0.11088741570711136,0.10747689008712769,0.014971673488616943,-0.11684182286262512,0.08797651529312134,0.0346415638923645,-0.11361473053693771,0.0903627872467041,-0.09547019004821777,-0.053366489708423615,0.1278136968612671,-0.02611076831817627,-0.0919172540307045,0.10995161533355713,0.022282898426055908,-0.08241249620914459,0.08931607007980347,0.029295384883880615,-0.06753741949796677,0.1047709584236145,-0.07718312740325928,-0.04308116063475609,0.13304227590560913,-0.020276784896850586,-0.06892800331115723,0.11818599700927734,0.015752553939819336,-0.06256423145532608,0.0998150110244751,0.02222055196762085,-0.05075987055897713,0.24361848831176758,0.038244739174842834,0.06879626214504242,0.08151447772979736,0.24963657557964325,0.04640576243400574,0.02101825550198555,0.18129023909568787,0.31516033411026,0.1478113979101181,0.11574490368366241,0.11416371166706085,0.2566273808479309,0.06515492498874664,132.25839233398438,157.59861755371094,165.2933349609375,143.91986083984375,169.53732299804688,172.12384033203125,90.99095916748047,125.8052749633789,143.41175842285156,84.55965423583984,120.286376953125,127.853759765625,88.07000732421875,122.76038360595703,130.25086975097656,0.7515137195587158,0.4785618185997009,-0.04990927875041962,-120.85991668701172,13.554092407226562,-166.60833740234375,0.2566273808479309,132.2583973455006,157.59862021369477,165.29332962296544,143.91986615067577,169.53733016050708,172.12384373213885,90.99096245059984,125.80527155524199,143.41175354483488,84.559654377235,120.28637550412986,127.85376090810176,88.0700055179553,122.76038338154774,130.25087290911776,-120.85991549660602,13.554092447808014,-166.60833279102866,0.2566273811475207
20251105_002239,kamal,2025-11-05 00:23:39,3,point,0.0,0.0,0.0,-0.014781951904296875,0.023443281650543213,-0.057668834924697876,0.011212825775146484,0.03519231081008911,-0.0902930349111557,0.06568574905395508,0.04937988519668579,-0.11240803450345993,0.11636584997177124,0.05039304494857788,-0.13025157153606415,0.029885530471801758,-0.09645849466323853,-0.08374721556901932,0.09954327344894409,-0.1468883454799652,-0.11700036376714706,0.15161901712417603,-0.16606953740119934,-0.1343224048614502,0.19233912229537964,-0.1857844889163971,-0.14558258652687073,0.06972146034240723,-0.10419553518295288,-0.06492344290018082,0.1095353364944458,-0.03754943609237671,-0.10606293380260468,0.09910714626312256,0.0223352313041687,-0.11109650135040283,0.08152860403060913,0.03951174020767212,-0.10812675952911377,0.0940292477607727,-0.0876583456993103,-0.04921754449605942,0.11786246299743652,-0.014709830284118652,-0.08475533127784729,0.09720569849014282,0.027582943439483643,-0.07574906200170517,0.07491600513458252,0.030166268348693848,-0.06236505135893822,0.10581779479980469,-0.06433618068695068,-0.03823743388056755,0.1244049072265625,-0.0010132789611816406,-0.06339233368635178,0.10828840732574463,0.02791917324066162,-0.059931088238954544,0.08772355318069458,0.027827978134155273,-0.050542913377285004,0.248569518327713,0.042679548263549805,0.08207186311483383,0.08765291422605515,0.25385093688964844,0.047172002494335175,0.01758589781820774,0.18178541958332062,0.3044741451740265,0.1410655379295349,0.10203828662633896,0.1049971655011177,0.25951507687568665,0.05908288061618805,129.73728942871094,151.53819274902344,167.23007202148438,143.5602264404297,164.72006225585938,173.6367950439453,83.06645965576172,134.90415954589844,142.44015502929688,78.08023834228516,124.11080169677734,123.45429992675781,82.81280517578125,127.92494201660156,118.68177795410156,0.7631146311759949,0.48304539918899536,-0.04722469672560692,-120.93624114990234,16.265869140625,-157.06973266601562,0.25951507687568665,129.737297038754,151.53819968619553,167.23007727998603,143.5602283409936,164.72006295609737,173.6367958517514,83.06645974248028,134.90416435635797,142.44015316329933,78.0802421256991,124.11080221796112,123.45430062942313,82.81280516844876,127.9249430452666,118.6817801837637,-120.9362393916854,16.26586945175687,-157.06973919432133,0.25951507768631027
20251105_002239,kamal,2025-11-05 00:23:39,3,point,0.0,0.0,0.0,-0.009257256984710693,0.022899389266967773,-0.055900201201438904,0.017877697944641113,0.03331601619720459,-0.08490870147943497,0.06900924444198608,0.04451674222946167,-0.1040530577301979,0.11619442701339722,0.04504132270812988,-0.11906380206346512,0.04413074254989624,-0.09697070717811584,-0.07340770959854126,0.11129748821258545,-0.1478102207183838,-0.10285404324531555,0.16004669666290283,-0.16919994354248047,-0.11775309592485428,0.19810014963150024,-0.18937301635742188,-0.1271100491285324,0.07692837715148926,-0.09735003113746643,-0.05454307049512863,0.115292489528656,-0.040854692459106445,-0.09218337386846542,0.10380065441131592,0.01571810245513916,-0.09795288741588593,0.0861697793006897,0.03355485200881958,-0.0952872782945633,0.09534424543380737,-0.079874187707901,-0.0390530601143837,0.11895310878753662,-0.015590965747833252,-0.07288763672113419,0.09748470783233643,0.02421116828918457,-0.06639803946018219,0.07744038105010986,0.02687126398086548,-0.0541873425245285,0.10174036026000977,-0.05909952521324158,-0.027977686375379562,0.11924368143081665,-0.002373337745666504,-0.05026831477880478,0.10451072454452515,0.024630486965179443,-0.047281935811042786,0.08743786811828613,0.025813400745391846,-0.03847093880176544,0.2484418898820877,0.039984267204999924,0.07772375643253326,0.08770326524972916,0.25147151947021484,0.042545005679130554,0.018656745553016663,0.17235444486141205,0.30209729075431824,0.13278111815452576,0.09826161712408066,0.09895315021276474,0.2581435441970825,0.05735533684492111,129.87393188476562,154.1355438232422,168.6477508544922,150.57009887695312,166.68643188476562,174.67715454101562,87.31266021728516,131.07505798339844,144.8436737060547,80.97382354736328,121.6703872680664,124.77108764648438,82.89891052246094,128.0294647216797,121.38179016113281,0.7641488909721375,0.49161937832832336,-0.038995955139398575,-128.2587432861328,14.637816429138184,-146.68003845214844,0.2581435441970825,129.87392904689415,154.13553718176442,168.64775021223122,150.57009930006546,166.68642884971374,174.6771607121246,87.31266010623975,131.0750565559501,144.84367206561183,80.97382222983376,121.67038698412897,124.77109016291367,82.8989106503267,128.0294624266494,121.3817908629576,-128.2587464845541,14.637816593713305,-146.6800390416232,0.2581435468072467
20251105_002239,kamal,2025-11-05 00:23:39,3,point,0.0,0.0,0.0,-0.007955431938171387,0.022609174251556396,-0.05750659853219986,0.022934377193450928,0.04069632291793823,-0.08692773431539536,0.0778050422668457,0.06110203266143799,-0.10586024075746536,0.12724566459655762,0.06491899490356445,-0.1207093819975853,0.047919511795043945,-0.08466598391532898,-0.07571682333946228,0.11761057376861572,-0.13537073135375977,-0.1032242551445961,0.16815316677093506,-0.1558140218257904,-0.11600786447525024,0.20667684078216553,-0.17463350296020508,-0.12376966327428818,0.08013629913330078,-0.08415186405181885,-0.05580738186836243,0.1285238265991211,-0.028460144996643066,-0.09114814549684525,0.12003940343856812,0.025549471378326416,-0.09624560922384262,0.10137754678726196,0.04110175371170044,-0.09337597340345383,0.09819692373275757,-0.06496182084083557,-0.039179202169179916,0.12670022249221802,-0.0006568431854248047,-0.0722426176071167,0.10778820514678955,0.03835940361022949,-0.06747119873762131,0.08707022666931152,0.040695011615753174,-0.056398581713438034,0.1050143837928772,-0.044046103954315186,-0.026793377473950386,0.1283348798751831,0.012239992618560791,-0.04925369471311569,0.11325126886367798,0.03946852684020996,-0.04732894524931908,0.09234011173248291,0.04077339172363281,-0.03940625116229057,0.25239667296409607,0.044536903500556946,0.07960367947816849,0.09171481430530548,0.24197813868522644,0.03965087980031967,0.01779092848300934,0.18702055513858795,0.2975417673587799,0.1438257098197937,0.11143656820058823,0.10836059600114822,0.25536438822746277,0.05472215265035629,129.9882049560547,156.8359832763672,164.6914520263672,150.5878448486328,165.76510620117188,175.09510803222656,96.3334732055664,128.19578552246094,137.08441162109375,89.50669860839844,122.31080627441406,121.35266876220703,94.31527709960938,124.1772232055664,121.614501953125,0.7552143335342407,0.4916750490665436,-0.03949893265962601,-130.5926055908203,16.60516357421875,-144.57022094726562,0.2580507695674896,129.9881986323661,156.83598347017588,164.69145865837822,150.5878430541272,165.765101065474,175.09510643903323,96.33346971427872,128.19578345485115,137.08440906325012,89.50670119867813,122.31080498726965,121.35267066200618,94.31527960272912,124.17722481680174,121.61450249991525,-130.5926062835905,16.60516394152727,-144.5702282456136,0.2580507763799468
20251105_002239,kamal,2025-11-05 00:23:39,3,point,0.0,0.0,0.0,-0.01177358627319336,0.024007678031921387,-0.057089921087026596,0.013352036476135254,0.04437476396560669,-0.08658843487501144,0.06501346826553345,0.06806939840316772,-0.10494363307952881,0.11203283071517944,0.07130247354507446,-0.11898775398731232,0.03804278373718262,-0.08032390475273132,-0.08339399844408035,0.10656672716140747,-0.12201070785522461,-0.11549464613199234,0.15473812818527222,-0.1401347815990448,-0.13013647496700287,0.19309598207473755,-0.16042113304138184,-0.13896435499191284,0.07225340604782104,-0.0822712779045105,-0.06397398561239243,0.11533015966415405,-0.025356709957122803,-0.10067763924598694,0.10300338268280029,0.027509987354278564,-0.10396350175142288,0.08761334419250488,0.041664063930511475,-0.09998143464326859,0.09252476692199707,-0.06401705741882324,-0.047495853155851364,0.1172991394996643,0.007608234882354736,-0.08103273808956146,0.0932038426399231,0.048171937465667725,-0.07242480665445328,0.07319080829620361,0.049014508724212646,-0.058840930461883545,0.10201215744018555,-0.04314917325973511,-0.03551521152257919,0.11954891681671143,0.020547568798065186,-0.05905880033969879,0.10282868146896362,0.048052966594696045,-0.05607311427593231,0.08626186847686768,0.0464777946472168,-0.047222401946783066,0.2463049441576004,0.04284841567277908,0.07498730719089508,0.0801914781332016,0.2312675565481186,0.04421062767505646,0.017671382054686546,0.17830726504325867,0.2869356870651245,0.13931359350681305,0.10593191534280777,0.10877155512571335,0.2542839050292969,0.05299541354179382,132.86183166503906,152.63970947265625,160.19273376464844,145.0687255859375,168.2738800048828,171.70286560058594,94.3842544555664,126.53417205810547,143.03564453125,86.03352355957031,120.54052734375,123.06765747070312,89.13369750976562,127.7633056640625,115.26900482177734,0.7598747611045837,0.49322938919067383,-0.04607540741562843,-126.81353759765625,17.40155792236328,-149.83770751953125,0.2542839050292969,132.8618266181686,152.63970335277745,160.19272864688205,145.06873214210287,168.27387367028533,171.70286345478118,94.38425637478868,126.53417048449043,143.03564789099943,86.03352451898385,120.54052870389783,123.06765904801921,89.13369889848082,127.76330720431704,115.26900444491682,-126.81353929837967,17.401557710407396,-149.8377032998738,0.2542839001963084
20251105_002239,kamal,2025-11-05 00:23:39,3,point,0.0,0.0,0.0,-0.011982500553131104,0.02334308624267578,-0.05781535431742668,0.014290273189544678,0.03558361530303955,-0.08690696954727173,0.06477802991867065,0.04494196176528931,-0.1044660434126854,0.1101500391960144,0.04719531536102295,-0.11723781377077103,0.027902960777282715,-0.08890542387962341,-0.08124586939811707,0.09414893388748169,-0.14157843589782715,-0.11481150984764099,0.1462501883506775,-0.1627058982849121,-0.13118915259838104,0.1864302158355713,-0.18269097805023193,-0.1406078189611435,0.06098484992980957,-0.09195837378501892,-0.06154933571815491,0.1112791895866394,-0.050866901874542236,-0.10161483287811279,0.10022294521331787,0.007564187049865723,-0.10605331510305405,0.08177626132965088,0.028218567371368408,-0.1010645404458046,0.08384585380554199,-0.07748973369598389,-0.04514634981751442,0.12071174383163452,-0.016930103302001953,-0.08185219764709473,0.10189926624298096,0.02813422679901123,-0.07339639961719513,0.08170884847640991,0.032953500747680664,-0.05852945148944855,0.09698724746704102,-0.060315728187561035,-0.03293702378869057,0.12313169240951538,-0.005302727222442627,-0.056588850915431976,0.1071774959564209,0.026625990867614746,-0.05149063095450401,0.08941185474395752,0.02877020835876465,-0.04090161621570587,0.2433362454175949,0.037772517651319504,0.06677126884460449,0.08122051507234573,0.23874454200267792,0.04279787465929985,0.019686970859766006,0.16764585673809052,0.2964840233325958,0.1330326497554779,0.10577318072319031,0.1024458259344101,0.2533889710903168,0.06064803525805473,129.3408203125,151.1441192626953,172.02964782714844,145.3398895263672,163.5758056640625,173.8980712890625,100.4845199584961,116.39167022705078,145.8507080078125,90.32405853271484,115.84954071044922,124.83009338378906,89.97454833984375,121.15454864501953,122.77914428710938,0.7554824352264404,0.5113294720649719,-0.04417530447244644,-124.96409606933594,12.246478080749512,-157.51837158203125,0.2533889710903168,129.34081995405342,151.144114710733,172.0296510911662,145.33988363339708,163.5758018710069,173.8980681196591,100.4845218657669,116.3916696582439,145.8507038722683,90.32406117592906,115.849542829238,124.8300898494956,89.97454473704303,121.15454513566112,122.7791475859307,-124.96409291237278,12.246478206717892,-157.51837422542866,0.2533889563523862
20251105_002239,kamal,2025-11-05 00:23:39,3,point,0.0,0.0,0.0,-0.01037973165512085,0.022638797760009766,-0.05365747585892677,0.019524335861206055,0.03521829843521118,-0.08105494827032089,0.0698443055152893,0.051126837730407715,-0.0976177453994751,0.11304348707199097,0.0557178258895874,-0.10987581312656403,0.03485226631164551,-0.083901047706604,-0.07992295175790787,0.10473859310150146,-0.1314047873020172,-0.10995795577764511,0.15829968452453613,-0.14830365777015686,-0.12386945635080338,0.198921799659729,-0.1661493182182312,-0.13211573660373688,0.06864172220230103,-0.08921009302139282,-0.06086234375834465,0.1089138388633728,-0.030307888984680176,-0.09702222049236298,0.09815800189971924,0.03165048360824585,-0.09778627008199692,0.08094018697738647,0.05239039659500122,-0.09213894605636597,0.09073823690414429,-0.07534298300743103,-0.04481348767876625,0.1173810362815857,-0.0030960440635681152,-0.07864826172590256,0.09920090436935425,0.04026585817337036,-0.06973918527364731,0.07999187707901001,0.04374736547470093,-0.056033287197351456,0.10317164659500122,-0.05715566873550415,-0.03259207308292389,0.12465178966522217,0.0035266876220703125,-0.05555403605103493,0.11124110221862793,0.03354614973068237,-0.05138828605413437,0.09389376640319824,0.03491854667663574,-0.04187209904193878,0.23894503712654114,0.03682784363627434,0.06430177390575409,0.07364663481712341,0.25155001878738403,0.03713785111904144,0.021719802170991898,0.1672004759311676,0.2909124493598938,0.13336285948753357,0.10701523721218109,0.10857539623975754,0.2529614269733429,0.0547705814242363,125.10262298583984,156.79049682617188,168.8762664794922,144.3838653564453,163.05470275878906,173.0560760498047,88.3790512084961,130.15280151367188,147.81614685058594,81.82192993164062,125.66799926757812,123.03556060791016,86.54620361328125,129.4076690673828,118.48363494873047,0.7534722089767456,0.5074824690818787,-0.043637827038764954,-124.7137680053711,23.131389617919922,-158.62086486816406,0.2529614269733429,125.10262046075478,156.7904996500583,168.87627154284604,144.38386931885867,163.0547086505831,173.05607947110258,88.3790512527637,130.15279802966447,147.81613928753706,81.82193068532052,125.66799569409474,123.035559540956,86.54620288614454,129.407670476792,118.48363576710427,-124.71377008206332,23.131388836342502,-158.6208625805894,0.2529614267393782
20251105_002239,kamal,2025-11-05 00:23:39,3,point,0.0,0.0,0.0,-0.013195693492889404,0.02662026882171631,-0.05828963592648506,0.013196289539337158,0.04064583778381348,-0.08885505050420761,0.06395542621612549,0.05514031648635864,-0.10672672092914581,0.10947924852371216,0.0633929967880249,-0.11957404017448425,0.019117355346679688,-0.07816720008850098,-0.09138773381710052,0.0926886796951294,-0.1290588080883026,-0.1243528351187706,0.1491798758506775,-0.14656734466552734,-0.1383916735649109,0.19310861825942993,-0.16396602988243103,-0.14608323574066162,0.05334669351577759,-0.08942797780036926,-0.07032590359449387,0.10558068752288818,-0.04437148571014404,-0.11047714203596115,0.09674161672592163,0.020395100116729736,-0.11111634224653244,0.07955789566040039,0.046286582946777344,-0.10355972498655319,0.07868719100952148,-0.07960295677185059,-0.0517304390668869,0.11636877059936523,-0.008531153202056885,-0.08842438459396362,0.09880554676055908,0.04137474298477173,-0.07736478745937347,0.07843303680419922,0.04893583059310913,-0.06062982603907585,0.0947917103767395,-0.06495493650436401,-0.037127044051885605,0.1222793459892273,-0.0031755566596984863,-0.06065548211336136,0.1084558367729187,0.033070385456085205,-0.05460032820701599,0.09060978889465332,0.0364384651184082,-0.043220389634370804,0.24369804561138153,0.038004934787750244,0.06817109137773514,0.08314134925603867,0.24271006882190704,0.04302627593278885,0.024648446589708328,0.174075648188591,0.29243138432502747,0.1385515183210373,0.11055511236190796,0.10679839551448822,0.2564760744571686,0.06212862208485603,130.2398681640625,151.2703094482422,173.72203063964844,136.3296661376953,161.94882202148438,174.0527801513672,99.06916809082031,118.40638732910156,150.74710083007812,85.82209014892578,121.25137329101562,128.37091064453125,86.46070098876953,127.6437759399414,121.34171295166016,0.7454371452331543,0.509884238243103,-0.050113752484321594,-125.64161682128906,19.516292572021484,-170.09634399414062,0.2564760744571686,130.2398683076256,151.2703087334795,173.72202523935576,136.3296647189468,161.94882086702918,174.05278348484708,99.0691662487533,118.40638475677993,150.74710435786574,85.82209311316417,121.2513719741645,128.3709042142081,86.46070135578391,127.64377434839368,121.34170992687609,-125.64161328363944,19.516291869566295,-170.09634496474314,0.2564760725077316
20251105_002239,kamal,2025-11-05 00:23:39,3,point,0.0,0.0,0.0,-0.0151100754737854,0.030709683895111084,-0.06058721989393234,0.008497834205627441,0.04777568578720093,-0.09329374879598618,0.05853557586669922,0.06289392709732056,-0.11414368450641632,0.1040569543838501,0.059837520122528076,-0.13022275269031525,0.01069784164428711,-0.08042579889297485,-0.09126536548137665,0.08143371343612671,-0.12514474987983704,-0.12658195197582245,0.13584470748901367,-0.1422874927520752,-0.1427290439605713,0.17801177501678467,-0.1609485149383545,-0.151048481464386,0.047227680683135986,-0.09631428122520447,-0.07070720195770264,0.10746884346008301,-0.08126381039619446,-0.1024710088968277,0.13684558868408203,-0.07317179441452026,-0.10539493709802628,0.15489840507507324,-0.08993226289749146,-0.10434085875749588,0.07524251937866211,-0.08692187070846558,-0.05375780910253525,0.1113506555557251,-0.009363889694213867,-0.0844157338142395,0.09325635433197021,0.037493109703063965,-0.07478412985801697,0.07232820987701416,0.04574692249298096,-0.06098199263215065,0.09232556819915771,-0.06800609827041626,-0.041995495557785034,0.11564213037490845,0.0006412863731384277,-0.06376620382070541,0.10064685344696045,0.03135329484939575,-0.05940302461385727,0.0818668007850647,0.032106101512908936,-0.050074223428964615,0.23377232253551483,0.160267636179924,0.07745669782161713,0.0876653864979744,0.08808596432209015,0.16464103758335114,0.01990065723657608,0.17710545659065247,0.283563494682312,0.20728807151317596,0.10508546233177185,0.10119487345218658,0.2490060031414032,0.15222300589084625,134.83761596679688,149.38375854492188,160.53997802734375,133.0825653076172,164.34817504882812,171.6480255126953,113.97724151611328,158.34939575195312,121.25726318359375,78.1089859008789,125.29471588134766,131.72203063964844,80.02349090576172,129.63389587402344,118.54225158691406,0.7438204884529114,0.5069296360015869,-0.05154433101415634,-121.11486053466797,-25.712242126464844,-171.34877014160156,0.2490060031414032,134.8376130199562,149.3837619562858,160.5399748086628,133.08257250429548,164.34817633685336,171.64803054593258,113.9772438156136,158.34940184713642,121.25726619628938,78.10898411840304,125.29471598540628,131.72202915632465,80.02349259859056,129.63389390295808,118.54225282967337,-121.11485849295862,-25.712242832550864,-171.34876838405003,0.24900600567868877
20251105_002239,kamal,2025-11-05 00:23:39,3,point,0.0,0.0,0.0,-0.012797653675079346,0.02793055772781372,-0.053209416568279266,0.006011903285980225,0.03965383768081665,-0.08447743207216263,0.04868435859680176,0.05620896816253662,-0.10525847971439362,0.08728927373886108,0.053699791431427,-0.12252812832593918,0.009527385234832764,-0.0819321870803833,-0.087350994348526,0.07185506820678711,-0.12937098741531372,-0.12401572614908218,0.12478828430175781,-0.14930325746536255,-0.14338766038417816,0.1677873730659485,-0.1657899022102356,-0.15472622215747833,0.04612773656845093,-0.09388020634651184,-0.06960533559322357,0.09259861707687378,-0.0395282506942749,-0.11175280064344406,0.08615779876708984,0.017465054988861084,-0.11619936674833298,0.07146191596984863,0.03560316562652588,-0.11243045330047607,0.07396942377090454,-0.08526289463043213,-0.054435454308986664,0.10819417238235474,-0.011405587196350098,-0.09090414643287659,0.09156852960586548,0.03353613615036011,-0.08192635327577591,0.07085150480270386,0.038057029247283936,-0.06807206571102142,0.09131741523742676,-0.06750702857971191,-0.04323840141296387,0.11741757392883301,-0.008091509342193604,-0.0676315575838089,0.10266667604446411,0.023247241973876953,-0.06320826709270477,0.08305048942565918,0.02532905340194702,-0.05339666083455086,0.23599234223365784,0.026075968518853188,0.05899456888437271,0.07484668493270874,0.22721508145332336,0.04443040117621422,0.02293870598077774,0.15973800420761108,0.2820976674556732,0.1378948837518692,0.10536640882492065,0.10193207859992981,0.24178311228752136,0.06103147938847542,138.01695251464844,148.7180633544922,157.30172729492188,137.68621826171875,163.39642333984375,174.9151153564453,89.86107635498047,128.7019805908203,144.8030548095703,80.83448028564453,123.85973358154297,122.96894073486328,86.10096740722656,124.44090270996094,121.15438842773438,0.7470525503158569,0.5120723247528076,-0.050925616174936295,-118.33973693847656,14.962727546691895,-169.99771118164062,0.24178311228752136,138.01694795135634,148.71806834934358,157.30172324503192,137.68621211369387,163.39641754386724,174.9151161526815,89.86107471530288,128.7019816567218,144.80306143454175,80.83447730732338,123.85973735444591,122.96894408005521,86.10096836248776,124.44090416168892,121.1543909914133,-118.33973917901895,14.962727112802588,-169.99771068826047,0.24178311944807646
20251105_002239,kamal,2025-11-05 00:23:39,3,point,0.0,0.0,0.0,-0.02067279815673828,0.010554671287536621,-0.04490557685494423,-0.010775446891784668,0.009468436241149902,-0.07402265071868896,0.027335822582244873,0.02625209093093872,-0.09556659311056137,0.06516420841217041,0.030092954635620117,-0.1147814691066742,-0.002928316593170166,-0.11342787742614746,-0.07264617830514908,0.0574876070022583,-0.15686336159706116,-0.10616553574800491,0.10600769519805908,-0.1783403754234314,-0.12524576485157013,0.1445954442024231,-0.19780796766281128,-0.13712672889232635,0.033966779708862305,-0.12079280614852905,-0.06058729439973831,0.07899904251098633,-0.06541121006011963,-0.09955061227083206,0.06622475385665894,-0.005769848823547363,-0.10394483059644699,0.047864317893981934,0.013549268245697021,-0.10082701593637466,0.06269979476928711,-0.10741496086120605,-0.05118606239557266,0.09796285629272461,-0.047449588775634766,-0.0853501632809639,0.07940572500228882,-0.0025100111961364746,-0.07629400491714478,0.05922436714172363,0.003458559513092041,-0.06352423876523972,0.08295297622680664,-0.08610701560974121,-0.045178111642599106,0.10846555233001709,-0.037815988063812256,-0.06871353834867477,0.09383624792098999,-0.004207193851470947,-0.06332780420780182,0.07687056064605713,0.00045287609100341797,-0.05345451459288597,0.24237875640392303,0.02770751714706421,0.05806872248649597,0.06911271810531616,0.2352582812309265,0.040278658270835876,0.020538294687867165,0.13537630438804626,0.28078386187553406,0.11243069916963577,0.08691844344139099,0.09363051503896713,0.23068109154701233,0.057070404291152954,134.5597686767578,133.1239471435547,164.00439453125,130.80255126953125,168.1554718017578,174.7999267578125,75.69685363769531,125.65823364257812,146.79830932617188,76.22792053222656,116.8476333618164,128.52981567382812,82.60342407226562,120.64356231689453,127.78759765625,0.7464112043380737,0.5182446837425232,-0.04591921344399452,-107.7362289428711,6.9216628074646,-162.3529052734375,0.24237875640392303,134.5597664552748,133.12395134416175,164.00439147603169,130.80254985321758,168.15546802310465,174.7999337338658,75.69685422664796,125.65823157201565,146.79830983768358,76.22792395116728,116.84763467356221,128.5298176796277,82.60342407958245,120.64355858541091,127.78759768392078,-107.73622789213202,6.921662592584366,-162.3529072009011,0.24237875849896798
20251105_002239,kamal,2025-11-05 00:23:39,3,point,0.0,0.0,0.0,-0.023883461952209473,0.006077229976654053,-0.04939446970820427,-0.029128730297088623,0.003941595554351807,-0.0848768800497055,0.006055295467376709,0.023969650268554688,-0.11245553940534592,0.039995670318603516,0.030203282833099365,-0.13698531687259674,-0.012436330318450928,-0.11870500445365906,-0.07902997732162476,0.03783339262008667,-0.1586570143699646,-0.11986417323350906,0.08211439847946167,-0.18426164984703064,-0.1447393298149109,0.1209058165550232,-0.20359313488006592,-0.16061384975910187,0.023586392402648926,-0.12594395875930786,-0.06840918213129044,0.0628696084022522,-0.07733535766601562,-0.11238487809896469,0.036977946758270264,-0.025025904178619385,-0.1167028471827507,0.014344930648803711,-0.02029937505722046,-0.11423653364181519,0.052538275718688965,-0.11381566524505615,-0.06195801869034767,0.08745825290679932,-0.05632561445236206,-0.09900826215744019,0.061537086963653564,-0.01924532651901245,-0.0886966660618782,0.04060101509094238,-0.0263097882270813,-0.07629259675741196,0.07523900270462036,-0.09186732769012451,-0.0598963238298893,0.0997229814529419,-0.04763782024383545,-0.08602620661258698,0.0811234712600708,-0.019845008850097656,-0.08183665573596954,0.06338357925415039,-0.023796021938323975,-0.07364412397146225,0.2485267072916031,0.06104085221886635,0.08293189108371735,0.0864582285284996,0.21703152358531952,0.04653223976492882,0.023073332384228706,0.14586591720581055,0.2861209213733673,0.11690948903560638,0.09033940732479095,0.10003592818975449,0.21210449934005737,0.06375546753406525,160.0919189453125,115.26490783691406,164.18887329101562,132.3948516845703,170.17005920410156,173.32887268066406,78.63642120361328,112.5543441772461,127.19022369384766,77.013671875,103.70967102050781,110.3368911743164,85.02757263183594,110.26746368408203,112.25463104248047,0.7347637414932251,0.5125788450241089,-0.053858451545238495,-102.31082153320312,-9.99913215637207,-162.98049926757812,0.2485267072916031,160.0919181641011,115.26490553405725,164.18887082164136,132.39484907278612,170.17005443718156,173.32887073770246,78.63642176865804,112.5543475278867,127.19022223156918,77.01367397542509,103.70967438627602,110.33688890766847,85.02757155987616,110.26746554107473,112.25462808282897,-102.3108183207763,-9.999131895610946,-162.9804964830252,0.24852670734928337
20251105_002239,kamal,2025-11-05 00:23:39,3,point,0.0,0.0,0.0,-0.03518921136856079,-0.0033227205276489258,-0.04322074353694916,-0.06433194875717163,-0.027732551097869873,-0.07271568477153778,-0.04616844654083252,-0.04083144664764404,-0.09660859405994415,-0.017013132572174072,-0.04089444875717163,-0.11610829830169678,-0.08113425970077515,-0.15875819325447083,-0.04728321358561516,-0.03575485944747925,-0.16516977548599243,-0.0825248509645462,-0.029156863689422607,-0.10900455713272095,-0.10609162598848343,-0.03878927230834961,-0.08842837810516357,-0.12003863602876663,-0.041856467723846436,-0.15560311079025269,-0.04160504788160324,2.9802322387695312e-05,-0.1556643545627594,-0.0773475244641304,-0.0037360787391662598,-0.09301459789276123,-0.09052766859531403,-0.02024298906326294,-0.08098715543746948,-0.09470896422863007,-0.004180848598480225,-0.14006328582763672,-0.04054548963904381,0.03072887659072876,-0.13877320289611816,-0.07061868906021118,0.021591126918792725,-0.08509385585784912,-0.06890673190355301,0.004722774028778076,-0.07148653268814087,-0.06165269762277603,0.025897085666656494,-0.11975458264350891,-0.043113142251968384,0.04090118408203125,-0.13309037685394287,-0.05799465999007225,0.03235161304473877,-0.11039957404136658,-0.0519493892788887,0.02151501178741455,-0.11012965440750122,-0.043686967343091965,0.052432071417570114,0.045560821890830994,0.06613423675298691,0.10734421759843826,0.03226342797279358,0.04250020906329155,0.04580434039235115,0.12426961958408356,0.15405668318271637,0.12624771893024445,0.09451816976070404,0.12041589617729187,0.07476123422384262,0.07208508998155594,152.4311981201172,108.31494140625,150.15667724609375,84.63214111328125,102.55331420898438,150.4491424560547,88.39530181884766,95.0283432006836,130.64002990722656,97.6291275024414,83.11048889160156,136.0902099609375,144.04103088378906,33.48267364501953,115.888916015625,0.6689741611480713,0.4909875690937042,-0.03450961038470268,-92.23118591308594,-39.903316497802734,-159.97760009765625,0.10734421759843826,152.43119459861495,108.31494342627352,150.15667696992176,84.63214159956098,102.55331055532955,150.44914853594528,88.39530133018572,95.02834514645066,130.64003025673634,97.62912726574645,83.11048934678816,136.09020424709726,144.04103070238736,33.482671973877814,115.88891518856384,-92.23118418464,-39.90331567634999,-159.9776034122965,0.10734421636517033
20251105_002239,kamal,2025-11-05 00:23:39,3,point,0.0,0.0,0.0,-0.048209309577941895,-0.0001900196075439453,-0.019823221489787102,-0.09940773248672485,-0.04075932502746582,-0.03532623499631882,-0.10253596305847168,-0.08547604084014893,-0.051318321377038956,-0.0703883171081543,-0.10706287622451782,-0.06797013431787491,-0.09460759162902832,-0.1571418046951294,-0.02542044222354889,-0.11726504564285278,-0.2317039668560028,-0.05320974066853523,-0.13004761934280396,-0.28680548071861267,-0.07213673740625381,-0.13716179132461548,-0.33482474088668823,-0.08565555512905121,-0.054795265197753906,-0.1710420548915863,-0.0312788188457489,-0.07933878898620605,-0.19420760869979858,-0.07073802500963211,-0.07847607135772705,-0.1337171196937561,-0.07894366979598999,-0.0692872405052185,-0.0989941954612732,-0.07476289570331573,-0.015276670455932617,-0.167144775390625,-0.04011908173561096,-0.03511685132980347,-0.15836381912231445,-0.07385308295488358,-0.03424632549285889,-0.09726190567016602,-0.06299321353435516,-0.02493506669998169,-0.07339566946029663,-0.04640154540538788,0.025043725967407227,-0.15019255876541138,-0.0513857863843441,0.0026227831840515137,-0.14287453889846802,-0.0693308562040329,-0.0016775131225585938,-0.09267818927764893,-0.05750206857919693,0.0042726993560791016,-0.07332020998001099,-0.043497100472450256,0.23800617456436157,0.01060460228472948,0.06053662300109863,0.08550885319709778,0.24564537405967712,0.058538585901260376,0.029351918026804924,0.1450410783290863,0.37183040380477905,0.14209173619747162,0.09034259617328644,0.08535869419574738,0.2871948480606079,0.08395098894834518,142.68380737304688,134.06394958496094,124.31798553466797,161.9520721435547,176.1981964111328,174.68417358398438,133.71200561523438,69.72105407714844,159.9645233154297,91.56287384033203,93.52172088623047,150.3651123046875,81.07957458496094,99.43787384033203,150.75128173828125,0.6218470931053162,0.5299752354621887,-0.02964082546532154,-77.75617218017578,-44.162208557128906,-176.67604064941406,0.300275981426239,142.6838079346491,134.0639429118038,124.31798608288145,161.952075039508,176.19819646797637,174.68416857834734,133.712010668789,69.72105437405845,159.96452776549796,91.56287133209541,93.52171931045788,150.36511164745215,81.0795746123438,99.43787028872718,150.75127921460088,-77.75617481367348,-44.162210131853136,-176.67604431218598,0.3002759899456856
20251105_002239,kamal,2025-11-05 00:23:39,3,point,0.0,0.0,0.0,-0.04651308059692383,-0.0029016733169555664,-0.016888190060853958,-0.09543102979660034,-0.03598505258560181,-0.03228721395134926,-0.10024034976959229,-0.08122479915618896,-0.04929302632808685,-0.07135289907455444,-0.1031842827796936,-0.06727460771799088,-0.10119754076004028,-0.16400986909866333,-0.028178172186017036,-0.12107956409454346,-0.2529577910900116,-0.05541782081127167,-0.12748068571090698,-0.3166344165802002,-0.0768495500087738,-0.13088491559028625,-0.3694453835487366,-0.09308933466672897,-0.05947786569595337,-0.17837786674499512,-0.03478850796818733,-0.07915139198303223,-0.16995489597320557,-0.07378613203763962,-0.07230299711227417,-0.10744583606719971,-0.08334723860025406,-0.0624997615814209,-0.06832224130630493,-0.08275192230939865,-0.01888430118560791,-0.17421433329582214,-0.04352051392197609,-0.03794807195663452,-0.15622466802597046,-0.07322606444358826,-0.03707706928253174,-0.10079419612884521,-0.06277068704366684,-0.032306969165802,-0.06807512044906616,-0.04950949177145958,0.02045494318008423,-0.1581762433052063,-0.05497273430228233,-0.0011809468269348145,-0.13442832231521606,-0.07308907061815262,-0.007025539875030518,-0.0873367190361023,-0.06390528380870819,-0.005850493907928467,-0.06465089321136475,-0.052179139107465744,0.2740537226200104,0.039157211780548096,0.055433180183172226,0.07748071104288101,0.3089636564254761,0.04490796476602554,0.02681039832532406,0.14235204458236694,0.4028478264808655,0.1241854652762413,0.09016180783510208,0.08328642696142197,0.32006382942199707,0.06447723507881165,150.43849182128906,132.2714080810547,126.15042114257812,159.6216583251953,173.1978759765625,177.5633544921875,96.91635131835938,105.67887115478516,167.722900390625,78.04883575439453,107.44419860839844,166.76998901367188,59.016868591308594,127.22528839111328,161.12063598632812,0.5918954610824585,0.5378556251525879,-0.032291997224092484,-77.57865142822266,-33.37819290161133,-177.2545928955078,0.3319742977619171,150.43848515429147,132.27141443947596,126.15042489966459,159.6216535407292,173.1978707851833,177.56334902587483,96.91634962328477,105.67887385539542,167.72289297656627,78.04883243432623,107.44419615309795,166.76999443496337,59.01686710357064,127.22529011999035,161.12063249503979,-77.57864925666037,-33.37819200098133,-177.25458712876392,0.33197429471415674
20251105_002239,kamal,2025-11-05 00:23:39,3,point,0.0,0.0,0.0,-0.05069166421890259,-0.007471323013305664,-0.015475821681320667,-0.10284590721130371,-0.04505777359008789,-0.02899198606610298,-0.12015476822853088,-0.09412986040115356,-0.044276218861341476,-0.09031760692596436,-0.11581218242645264,-0.06048337742686272,-0.09527760744094849,-0.17450183629989624,-0.02129465714097023,-0.12021815776824951,-0.26387643814086914,-0.04419250786304474,-0.13131064176559448,-0.3206406831741333,-0.059807032346725464,-0.13887903094291687,-0.3701145350933075,-0.0727090910077095,-0.05444467067718506,-0.19001173973083496,-0.028047718107700348,-0.09341669082641602,-0.18993264436721802,-0.06462642550468445,-0.08427798748016357,-0.1240243911743164,-0.06952457875013351,-0.06747281551361084,-0.08346611261367798,-0.06514345109462738,-0.01768326759338379,-0.18464696407318115,-0.03730982914566994,-0.05881232023239136,-0.16489708423614502,-0.06788985431194305,-0.05234807729721069,-0.1076013445854187,-0.056402143090963364,-0.03986078500747681,-0.07554352283477783,-0.04160105809569359,0.01569157838821411,-0.16452646255493164,-0.04908360540866852,-0.021273374557495117,-0.13499397039413452,-0.06898801028728485,-0.021579265594482422,-0.09086108207702637,-0.06185697019100189,-0.014222979545593262,-0.06939196586608887,-0.051556218415498734,0.2591859698295593,0.0398731604218483,0.06726066768169403,0.0895819365978241,0.2955053448677063,0.03714076057076454,0.02818233333528042,0.15883314609527588,0.40194374322891235,0.12555016577243805,0.09500712901353836,0.0876103937625885,0.3123210072517395,0.056729529052972794,153.0291290283203,146.00350952148438,111.34479522705078,165.00897216796875,175.43577575683594,177.62667846679688,107.07291412353516,87.23908233642578,162.36080932617188,80.14592742919922,99.16644287109375,161.44883728027344,59.722259521484375,120.73314666748047,156.10403442382812,0.5757664442062378,0.5477269887924194,-0.027147293090820312,-75.94108581542969,-41.667205810546875,-174.86331176757812,0.326221764087677,153.02913649970782,146.00351152856686,111.34479557666361,165.00896838387158,175.4357740958189,177.6266745487735,107.0729105814114,87.2390798192669,162.3608146852214,80.14592921727181,99.16644284442931,161.44883916789456,59.72225767493815,120.73314999996339,156.10403600946412,-75.94108785770236,-41.667207603440936,-174.8633062292241,0.32622176348167664
20251105_002239,kamal,2025-11-05 00:23:39,3,point,0.0,0.0,0.0,-0.04884839057922363,-0.015605270862579346,-0.01772266998887062,-0.09435597062110901,-0.05981177091598511,-0.03265083581209183,-0.11286735534667969,-0.10986816883087158,-0.04976595193147659,-0.09055536985397339,-0.13175123929977417,-0.06714159995317459,-0.09473010897636414,-0.18310421705245972,-0.01871125027537346,-0.11628767848014832,-0.26976048946380615,-0.04366425424814224,-0.12541940808296204,-0.32623445987701416,-0.059925150126218796,-0.129535973072052,-0.3746790587902069,-0.07196203619241714,-0.05529356002807617,-0.19178223609924316,-0.024937456473708153,-0.08111315965652466,-0.21004846692085266,-0.0646333396434784,-0.07838785648345947,-0.14310038089752197,-0.07131511718034744,-0.06920170783996582,-0.09479302167892456,-0.06639673560857773,-0.017336606979370117,-0.18439441919326782,-0.03422565758228302,-0.045710742473602295,-0.18151235580444336,-0.068557970225811,-0.044236063957214355,-0.12038183212280273,-0.058903515338897705,-0.035849571228027344,-0.0815848708152771,-0.04304886609315872,0.01854074001312256,-0.16510242223739624,-0.045895688235759735,-0.010572075843811035,-0.15698635578155518,-0.06519591808319092,-0.017096877098083496,-0.11129385232925415,-0.057004790753126144,-0.014107823371887207,-0.08415782451629639,-0.04529120400547981,0.246082603931427,0.04269008710980415,0.07803748548030853,0.09266498684883118,0.28636932373046875,0.042801208794116974,0.02200799249112606,0.17339740693569183,0.4029174745082855,0.1348447948694229,0.09896710515022278,0.09660674631595612,0.3090587556362152,0.059949036687612534,153.96359252929688,155.00111389160156,119.26646423339844,163.2227020263672,175.3874969482422,175.3798828125,125.44638061523438,72.49447631835938,165.8210906982422,97.76319885253906,85.908935546875,163.50599670410156,80.74601745605469,103.86077117919922,160.9551544189453,0.5625244379043579,0.5576179623603821,-0.02475414238870144,-76.5045394897461,-44.66647720336914,-170.9696807861328,0.3137476444244385,153.96359611817786,155.0011201766301,119.26646443618114,163.22270427397328,175.38748947226944,175.37988898686544,125.44638425088593,72.49447675169425,165.82109478191742,97.76319748215424,85.90893589661565,163.50600036082628,80.74601974803089,103.86076911699705,160.95515381682517,-76.50453774203825,-44.66647596939036,-170.96967751657158,0.313747635521763
20251105_002239,kamal,2025-11-05 00:23:39,3,point,0.0,0.0,0.0,-0.050201237201690674,-0.01816737651824951,-0.015307527035474777,-0.09642699360847473,-0.06385397911071777,-0.02817746065557003,-0.11890503764152527,-0.1151466965675354,-0.04403518885374069,-0.09762391448020935,-0.13639307022094727,-0.05990693345665932,-0.0951126217842102,-0.1853240728378296,-0.012018919922411442,-0.11543795466423035,-0.26988232135772705,-0.034953679889440536,-0.12462320923805237,-0.3235999047756195,-0.049289461225271225,-0.12796330451965332,-0.3708650767803192,-0.05979738011956215,-0.057736217975616455,-0.19442319869995117,-0.01890695095062256,-0.08134913444519043,-0.2132875621318817,-0.05746777355670929,-0.08242446184158325,-0.1473042368888855,-0.06444098800420761,-0.07589328289031982,-0.09940797090530396,-0.0592813640832901,-0.021503746509552002,-0.18811488151550293,-0.028849968686699867,-0.047858595848083496,-0.18035590648651123,-0.061815161257982254,-0.049576759338378906,-0.12077075242996216,-0.05352136865258217,-0.04346364736557007,-0.08376425504684448,-0.03838091716170311,0.012908756732940674,-0.16972142457962036,-0.04110484570264816,-0.013831794261932373,-0.1580072045326233,-0.057840701192617416,-0.02217721939086914,-0.11402684450149536,-0.049940455704927444,-0.020908236503601074,-0.08809751272201538,-0.03863786906003952,0.23642675578594208,0.04290115833282471,0.0785270407795906,0.09311352670192719,0.2764064371585846,0.04163214936852455,0.0229693204164505,0.17810766398906708,0.39685165882110596,0.13840526342391968,0.10187558084726334,0.09844394773244858,0.30004289746284485,0.05981166660785675,155.47030639648438,158.44273376464844,115.85623168945312,162.31671142578125,176.3128662109375,174.0621337890625,125.25222778320312,73.0019760131836,165.08731079101562,90.40569305419922,95.2027359008789,162.3763427734375,73.7848892211914,113.34446716308594,161.29376220703125,0.5546661615371704,0.5605484247207642,-0.020176297053694725,-74.9299087524414,-45.90922927856445,-171.78102111816406,0.3030940592288971,155.47029911569788,158.44273008723184,115.85622797677533,162.3167092326267,176.31287057858174,174.06213361732242,125.25222744467851,73.0019745265646,165.08730559601108,90.40569059396519,95.20273250372274,162.37634904165213,73.784889577748,113.34446963088277,161.2937611563961,-74.92990599803005,-45.90923047101742,-171.7810191574628,0.3030940576449274
20251105_002239,kamal,2025-11-05 00:23:39,3,point,0.0,0.0,0.0,-0.05115997791290283,-0.018368780612945557,-0.0146552212536335,-0.09525814652442932,-0.06672477722167969,-0.027765866369009018,-0.11778530478477478,-0.11784923076629639,-0.0439106784760952,-0.09840703010559082,-0.145538330078125,-0.06026281788945198,-0.08856642246246338,-0.1917020082473755,-0.011557004414498806,-0.10911542177200317,-0.27406561374664307,-0.034501753747463226,-0.11846613883972168,-0.3261297941207886,-0.04959705099463463,-0.1222686767578125,-0.37329357862472534,-0.060927607119083405,-0.05065387487411499,-0.19939953088760376,-0.018892399966716766,-0.08284896612167358,-0.2163558006286621,-0.05602874979376793,-0.08284854888916016,-0.14726489782333374,-0.0626145750284195,-0.07298719882965088,-0.10077816247940063,-0.05811254307627678,-0.015386402606964111,-0.19007444381713867,-0.029255209490656853,-0.051581501960754395,-0.18677610158920288,-0.06269917637109756,-0.052323758602142334,-0.12242734432220459,-0.05304943025112152,-0.04294377565383911,-0.08401697874069214,-0.03717654198408127,0.01610112190246582,-0.16754364967346191,-0.04163177311420441,-0.018146991729736328,-0.16545706987380981,-0.06012501195073128,-0.027371764183044434,-0.11879342794418335,-0.0512939877808094,-0.024763941764831543,-0.08963322639465332,-0.039198096841573715,0.22900277376174927,0.05151955038309097,0.08598852157592773,0.09482830762863159,0.2769498825073242,0.04027233272790909,0.019134661182761192,0.18573355674743652,0.397504597902298,0.13733330368995667,0.10141555964946747,0.1009151041507721,0.30089449882507324,0.052985358983278275,152.6120147705078,161.33282470703125,124.70372772216797,163.97427368164062,176.226318359375,174.07528686523438,122.13460540771484,75.11454772949219,163.8482208251953,95.47035217285156,88.50921630859375,160.774169921875,88.88832092285156,97.61787414550781,160.37384033203125,0.5512288212776184,0.5627148747444153,-0.020267464220523834,-73.9687271118164,-47.20774459838867,-167.00314331054688,0.30089449882507324,152.61200964812676,161.33282206979308,124.70372578230116,163.9742666170364,176.22632205691116,174.0752811345869,122.1346067788236,75.11454644788249,163.84822476255604,95.47035269592756,88.50921982904099,160.77417576094774,88.88831896309124,97.61787356845885,160.37383521145952,-73.96872896018832,-47.20774642914793,-167.00314313986803,0.3008945068801844
20251105_002239,kamal,2025-11-05 00:23:39,4,pinch,0.0,0.0,0.0,-0.04668402671813965,-0.03162437677383423,-0.016950607299804688,-0.08442860841751099,-0.07489597797393799,-0.041345588862895966,-0.11046850681304932,-0.10063046216964722,-0.06865010410547256,-0.13662287592887878,-0.13182902336120605,-0.09661540389060974,-0.0367392897605896,-0.22739136219024658,-0.042633261531591415,-0.08844923973083496,-0.29398685693740845,-0.08511064946651459,-0.1269836723804474,-0.2328624129295349,-0.11477939039468765,-0.14443916082382202,-0.16226398944854736,-0.13050618767738342,0.004001021385192871,-0.21264827251434326,-0.05677303671836853,-0.05192369222640991,-0.2772333025932312,-0.09987854212522507,-0.09862375259399414,-0.21942973136901855,-0.12089335173368454,-0.12370315194129944,-0.15369266271591187,-0.1286018341779709,0.041402459144592285,-0.17005860805511475,-0.07368503510951996,0.01335519552230835,-0.2443227767944336,-0.11363206058740616,-0.034314751625061035,-0.2140830159187317,-0.12738783657550812,-0.06945514678955078,-0.17233216762542725,-0.1314978152513504,0.07266050577163696,-0.10855698585510254,-0.09057480841875076,0.0669676661491394,-0.12223756313323975,-0.12677894532680511,0.04398626089096069,-0.10574102401733398,-0.13784413039684296,0.023628652095794678,-0.08521240949630737,-0.14007331430912018,0.04621652141213417,0.04084200784564018,0.08584166318178177,0.1724594235420227,0.022518353536725044,0.057433996349573135,0.1277810037136078,0.21302403509616852,0.25342482328414917,0.23550443351268768,0.22762703895568848,0.16565023362636566,0.07566342502832413,0.16287356615066528,164.7502899169922,165.82176208496094,175.1022186279297,148.48623657226562,83.63340759277344,159.80308532714844,139.24734497070312,88.32733917236328,159.89871215820312,148.64312744140625,86.0108871459961,160.32937622070312,134.39892578125,104.9101333618164,160.66915893554688,0.6201339960098267,0.870251476764679,-0.05273395776748657,-66.3358383178711,-40.738712310791016,-132.6328887939453,0.18513579666614532,164.75029451567502,165.82176925257346,175.1022138805251,148.4862342779555,83.63341011100275,159.80309268377357,139.24734487131204,88.32733968054954,159.89870802575865,148.64312401021843,86.0108885648004,160.3293712164986,134.3989293794369,104.91013522083853,160.66915806156734,-66.33584201583658,-40.73871212720118,-132.6328954897085,0.185135803195134
20251105_002239,kamal,2025-11-05 00:23:39,4,pinch,0.0,0.0,0.0,-0.0408627986907959,-0.04236793518066406,-0.01644514687359333,-0.07466542720794678,-0.10210573673248291,-0.03606738895177841,-0.10562711954116821,-0.1396617889404297,-0.05903831124305725,-0.12171614170074463,-0.1729511022567749,-0.07956449687480927,-0.03224027156829834,-0.21425223350524902,-0.018511777743697166,-0.06186795234680176,-0.28243255615234375,-0.06015999615192413,-0.09907013177871704,-0.23881906270980835,-0.08870656043291092,-0.11639952659606934,-0.18449532985687256,-0.10196110606193542,-0.004029333591461182,-0.2133309245109558,-0.026832057163119316,-0.039424777030944824,-0.2877465486526489,-0.071113221347332,-0.08224368095397949,-0.2413116693496704,-0.09133521467447281,-0.10083603858947754,-0.1888066530227661,-0.0963001549243927,0.02805083990097046,-0.19727736711502075,-0.04003781080245972,0.00809633731842041,-0.27601075172424316,-0.07455996423959732,-0.03324747085571289,-0.2549424171447754,-0.0833057388663292,-0.05582928657531738,-0.22371327877044678,-0.08156891912221909,0.06104171276092529,-0.16772639751434326,-0.05474871024489403,0.07986032962799072,-0.23336607217788696,-0.07593992352485657,0.0759117603302002,-0.26781684160232544,-0.08408837020397186,0.07124406099319458,-0.2919788360595703,-0.0859803631901741,0.025751575827598572,0.031104009598493576,0.08319792151451111,0.22680917382240295,0.017113037407398224,0.058831024914979935,0.14431659877300262,0.22595886886119843,0.2407975196838379,0.234711691737175,0.24457724392414093,0.3126019537448883,0.07498428225517273,0.20090435445308685,166.08291625976562,166.809814453125,167.24209594726562,151.82542419433594,82.81558990478516,154.80613708496094,148.7893829345703,80.30870056152344,154.04110717773438,155.75181579589844,82.66754150390625,149.92587280273438,176.1722869873047,157.9029083251953,170.1634979248047,0.6058849096298218,0.8578071594238281,-0.02802652306854725,-68.77051544189453,-53.55422592163086,-153.49156188964844,0.22680917382240295,166.08291478616582,166.80981425706392,167.2421002180151,151.82542905857838,82.81558741514175,154.8061318118053,148.78937635880743,80.30869899604801,154.0411090301849,155.75181760872843,82.6675415400995,149.92587643273882,176.17228300278543,157.9029106554977,170.16350220316892,-68.77051633175333,-53.554226041687585,-153.49156161222604,0.22680918098368916
20251105_002239,kamal,2025-11-05 00:23:39,4,pinch,0.0,0.0,0.0,-0.04101824760437012,-0.0412483811378479,-0.0130221052095294,-0.0764625072479248,-0.10129588842391968,-0.03141695633530617,-0.10838508605957031,-0.13962364196777344,-0.052452452480793,-0.12703543901443481,-0.1765686273574829,-0.0711352527141571,-0.02614152431488037,-0.20507138967514038,-0.01666828989982605,-0.055888831615448,-0.2782251834869385,-0.05585618317127228,-0.09500592947006226,-0.24303102493286133,-0.08493026345968246,-0.11600834131240845,-0.19124984741210938,-0.09952419996261597,-0.0005228519439697266,-0.2048822045326233,-0.025795888155698776,-0.031916797161102295,-0.2834324240684509,-0.06622711569070816,-0.07368624210357666,-0.25113964080810547,-0.08575815707445145,-0.09677273035049438,-0.20403605699539185,-0.09083133190870285,0.02909165620803833,-0.1877269148826599,-0.03915609419345856,0.022567331790924072,-0.2779824733734131,-0.0675186738371849,-0.011250555515289307,-0.2802901864051819,-0.07488426566123962,-0.03750574588775635,-0.26740795373916626,-0.07458870112895966,0.055989742279052734,-0.15177148580551147,-0.05391274765133858,0.08471822738647461,-0.2048829197883606,-0.0745481476187706,0.08750849962234497,-0.24251693487167358,-0.08304571360349655,0.08384877443313599,-0.27672016620635986,-0.08555980771780014,0.03380928188562393,0.045367684215307236,0.12759026885032654,0.23390287160873413,0.02467917837202549,0.08827454596757889,0.12220475822687149,0.2288552075624466,0.24482545256614685,0.2434050291776657,0.2801377773284912,0.30153796076774597,0.11218062788248062,0.19476883113384247,165.95455932617188,168.09689331054688,167.9998779296875,153.99050903320312,87.06245422363281,152.0957489013672,152.36952209472656,85.26549530029297,150.59243774414062,166.21864318847656,101.18045043945312,147.5387420654297,172.25689697265625,155.96128845214844,166.6965789794922,0.6095101833343506,0.8369268774986267,-0.02710697613656521,-65.60690307617188,-56.95655822753906,-147.01803588867188,0.23390287160873413,165.95456380680656,168.0968860060421,167.9998815118698,153.99050538864077,87.06245227871555,152.095749213998,152.36952968113408,85.26549367862002,150.5924392784642,166.2186449455172,101.18045237556541,147.5387479508175,172.25689165540592,155.961292960622,166.69658308829835,-65.60690614356933,-56.95655849217605,-147.01804281467554,0.23390286445927044
20251105_002239,kamal,2025-11-05 00:23:39,4,pinch,0.0,0.0,0.0,-0.04475218057632446,-0.034810423851013184,-0.014256376773118973,-0.08230429887771606,-0.1013370156288147,-0.03390707075595856,-0.11555153131484985,-0.14370989799499512,-0.056263502687215805,-0.1338559091091156,-0.18596673011779785,-0.07879893481731415,-0.024639606475830078,-0.20949852466583252,-0.010587021708488464,-0.022922992706298828,-0.2961775064468384,-0.037672027945518494,-0.039364755153656006,-0.3475237488746643,-0.05831732228398323,-0.04880040884017944,-0.37587177753448486,-0.07241813838481903,-0.003510773181915283,-0.20785725116729736,-0.023283150047063828,-0.03538459539413452,-0.28522568941116333,-0.07198850810527802,-0.08223229646682739,-0.25672250986099243,-0.09269040077924728,-0.10888698697090149,-0.21411722898483276,-0.09371576458215714,0.02250117063522339,-0.19320881366729736,-0.03983297571539879,0.02070528268814087,-0.28527140617370605,-0.07345523685216904,-0.00542294979095459,-0.33107995986938477,-0.08591089397668839,-0.024620532989501953,-0.3631591796875,-0.08825317025184631,0.04580968618392944,-0.15951687097549438,-0.057526133954524994,0.07661378383636475,-0.20858252048492432,-0.07916557043790817,0.09185534715652466,-0.2479068636894226,-0.0870557352900505,0.10384035110473633,-0.28884607553482056,-0.08941566944122314,0.20818039774894714,0.04047727212309837,0.2083720564842224,0.2592226564884186,0.1738635152578354,0.17130142450332642,0.14841154217720032,0.2423020899295807,0.385882705450058,0.25784724950790405,0.3745388984680176,0.31970304250717163,0.03157569840550423,0.2255123257637024,158.02725219726562,168.44886779785156,166.15634155273438,163.604248046875,161.80743408203125,175.6455841064453,148.8191375732422,92.992431640625,147.4774627685547,168.70263671875,151.8381805419922,170.22389221191406,164.79824829101562,165.56541442871094,171.1381072998047,0.6115744709968567,0.7980555891990662,-0.02624570019543171,-56.3251838684082,-56.140193939208984,-144.64544677734375,0.2592226564884186,158.0272490354333,168.4488674499496,166.15633428597502,163.6042443995427,161.80743659594407,175.6455844118291,148.81913628886903,92.99243459378393,147.47745607237,168.7026318841699,151.83818031677845,170.2238991779076,164.79825224606495,165.56541720770548,171.13810398213775,-56.32518303296575,-56.14019486202581,-144.64544537967117,0.25922265889995183
20251105_002239,kamal,2025-11-05 00:23:39,4,pinch,0.0,0.0,0.0,-0.05006009340286255,-0.04127299785614014,-0.0020858519710600376,-0.09114819765090942,-0.11267149448394775,-0.010572983883321285,-0.1231430172920227,-0.15554416179656982,-0.023342333734035492,-0.1426127552986145,-0.19308888912200928,-0.03580191731452942,-0.039922118186950684,-0.21173632144927979,0.011084042489528656,-0.07257384061813354,-0.2715914249420166,-0.01361684501171112,-0.1063033938407898,-0.24089789390563965,-0.03430585935711861,-0.12468543648719788,-0.1992119550704956,-0.04602533206343651,-0.01573026180267334,-0.21651995182037354,-0.004392565693706274,-0.04885762929916382,-0.2938048243522644,-0.042022548615932465,-0.08995616436004639,-0.25290435552597046,-0.06340912729501724,-0.11074459552764893,-0.2034153938293457,-0.06660333275794983,0.011963605880737305,-0.20455819368362427,-0.024048838764429092,0.013325393199920654,-0.29814857244491577,-0.05262892693281174,-0.009986042976379395,-0.35121989250183105,-0.07346845418214798,-0.025517821311950684,-0.39136481285095215,-0.08285757899284363,0.034061431884765625,-0.1762109398841858,-0.04285315051674843,0.0646371841430664,-0.22330135107040405,-0.06059051305055618,0.08261764049530029,-0.259194552898407,-0.07072621583938599,0.09631448984146118,-0.29680854082107544,-0.07631745934486389,0.021526701748371124,0.04550762102007866,0.23502936959266663,0.26360103487968445,0.02520853467285633,0.20700915157794952,0.15435923635959625,0.24270042777061462,0.23947900533676147,0.2409941703081131,0.4008527994155884,0.321241557598114,0.2193480134010315,0.22735458612442017,159.0814208984375,169.90310668945312,170.5098419189453,151.1436309814453,86.45104217529297,155.40065002441406,150.56134033203125,79.93750762939453,152.4662322998047,169.42498779296875,156.55873107910156,172.1356201171875,158.3672637939453,172.99671936035156,171.0236053466797,0.6092343926429749,0.7700243592262268,-0.0120425159111619,-53.906341552734375,-57.572181701660156,-154.3506317138672,0.26360103487968445,159.08141957324656,169.90311087371802,170.50983697250265,151.14363205944795,86.45104444784825,155.400654169652,150.56134079050773,79.93750936039334,152.46622809724983,169.42498562318326,156.55872531577276,172.1356180122423,158.36726625056602,172.99671532536695,171.02360150267708,-53.90633992790658,-57.572182391708104,-154.35063730364286,0.26360103199091905
20251105_002239,kamal,2025-11-05 00:23:39,4,pinch,0.0,0.0,0.0,-0.048833370208740234,-0.045622944831848145,0.0006617888575419784,-0.08640241622924805,-0.1128726601600647,-0.008318260312080383,-0.11844339966773987,-0.15721958875656128,-0.022581296041607857,-0.13552403450012207,-0.2018953561782837,-0.03655185177922249,-0.029257774353027344,-0.21315687894821167,0.016159968450665474,-0.05884528160095215,-0.27163445949554443,-0.010156980715692043,-0.09099847078323364,-0.25489091873168945,-0.034544188529253006,-0.1078495979309082,-0.22045201063156128,-0.04843679443001747,-0.008274197578430176,-0.21880954504013062,9.861651051323861e-06,-0.03779059648513794,-0.2910884618759155,-0.032213613390922546,-0.07460123300552368,-0.269977867603302,-0.05392236262559891,-0.09549427032470703,-0.23632800579071045,-0.06035270169377327,0.016904175281524658,-0.20794135332107544,-0.020365312695503235,0.015279889106750488,-0.30179375410079956,-0.04360267519950867,-0.003422856330871582,-0.3555768132209778,-0.061542995274066925,-0.01649719476699829,-0.3976786732673645,-0.07112330198287964,0.03623312711715698,-0.1773509383201599,-0.04050426185131073,0.06880629062652588,-0.23146826028823853,-0.055735234171152115,0.08700650930404663,-0.27213525772094727,-0.0646195188164711,0.10224872827529907,-0.31432121992111206,-0.06996263563632965,0.03537620231509209,0.05791778489947319,0.231718972325325,0.26512590050697327,0.02338140644133091,0.17997384071350098,0.1450875848531723,0.2458953708410263,0.25015345215797424,0.2619399428367615,0.40432536602020264,0.33785706758499146,0.2006719410419464,0.21278530359268188,160.86709594726562,169.69705200195312,165.52056884765625,147.87908935546875,101.47797393798828,144.87399291992188,150.26568603515625,93.7056884765625,147.83218383789062,169.98980712890625,162.14051818847656,174.4522705078125,160.9907989501953,172.85598754882812,173.86172485351562,0.6107541918754578,0.7438521385192871,-0.00894028041511774,-49.13288879394531,-64.45171356201172,-151.3331756591797,0.26512590050697327,160.8670889849678,169.6970539554576,165.52056144430662,147.87908821971277,101.4779770499342,144.8739898485878,150.2656912255639,93.70568812775262,147.8321811156003,169.98981207027023,162.14052405351853,174.45227046750983,160.99079248651907,172.85599380925785,173.861722726718,-49.13288831370823,-64.45171007401328,-151.33318138076405,0.2651258989292706
20251105_002239,kamal,2025-11-05 00:23:39,4,pinch,0.0,0.0,0.0,-0.050723373889923096,-0.046270906925201416,-0.0016998787177726626,-0.08960109949111938,-0.11137956380844116,-0.011256174184381962,-0.1204107403755188,-0.15761655569076538,-0.026502525433897972,-0.14281901717185974,-0.19847524166107178,-0.041717011481523514,-0.04075223207473755,-0.20923513174057007,0.01703473925590515,-0.06786376237869263,-0.26421141624450684,-0.007441120687872171,-0.10250616073608398,-0.24223768711090088,-0.030217891559004784,-0.12239715456962585,-0.20626777410507202,-0.04332292824983597,-0.019273102283477783,-0.2193264365196228,0.0025141420774161816,-0.04955470561981201,-0.2838941812515259,-0.028422709554433823,-0.08586239814758301,-0.25898247957229614,-0.04851101338863373,-0.10464692115783691,-0.23078274726867676,-0.0544910654425621,0.0062795281410217285,-0.2140069603919983,-0.016675591468811035,0.002099275588989258,-0.30643534660339355,-0.04116697609424591,-0.016388654708862305,-0.3588455319404602,-0.05969095602631569,-0.028472602367401123,-0.40094223618507385,-0.06950148195028305,0.028108716011047363,-0.19148492813110352,-0.03580071032047272,0.05778378248214722,-0.24684274196624756,-0.05148172006011009,0.07790762186050415,-0.2815309166908264,-0.060148801654577255,0.09543496370315552,-0.31569474935531616,-0.0655706524848938,0.021917002275586128,0.051614534109830856,0.2341793328523636,0.26659777760505676,0.03226115182042122,0.1870349943637848,0.15045155584812164,0.2480524182319641,0.24373003840446472,0.2591928541660309,0.40791642665863037,0.3362596035003662,0.21772754192352295,0.2176363170146942,162.30368041992188,171.37814331054688,174.5383758544922,149.73501586914062,95.347900390625,151.43716430664062,148.9704132080078,91.71244812011719,154.63104248046875,168.80767822265625,163.4730987548828,173.3258056640625,160.29652404785156,177.38449096679688,174.92251586914062,0.6048430800437927,0.7070711255073547,-0.0065858131274580956,-52.50178909301758,-62.92230987548828,-165.54559326171875,0.26659777760505676,162.30368487195463,171.37814818594072,174.53837276602982,149.73500945021343,95.34790027138972,151.43716537168538,148.9704164580659,91.71245149649108,154.631041203725,168.80768250488808,163.47309746531536,173.32580535090838,160.2965281787823,177.38448538284334,174.92251204175466,-52.50178856905406,-62.922309718632704,-165.5455924684842,0.26659776551199904
20251105_002239,kamal,2025-11-05 00:23:39,4,pinch,0.0,0.0,0.0,-0.0495072603225708,-0.04671066999435425,0.0026201128493994474,-0.08624529838562012,-0.11251527070999146,-0.004309502895921469,-0.11748713254928589,-0.15731871128082275,-0.017491362988948822,-0.13882726430892944,-0.19855129718780518,-0.030837412923574448,-0.03469771146774292,-0.20177894830703735,0.02063002623617649,-0.06125152111053467,-0.25656598806381226,-0.0023813131265342236,-0.09700238704681396,-0.23715996742248535,-0.023279748857021332,-0.11935216188430786,-0.20798075199127197,-0.03537020459771156,-0.017041683197021484,-0.21243613958358765,0.004616149701178074,-0.05196499824523926,-0.2725483775138855,-0.023561663925647736,-0.08977770805358887,-0.24363607168197632,-0.04084458947181702,-0.10952436923980713,-0.21539396047592163,-0.045814353972673416,0.00701373815536499,-0.20940446853637695,-0.016096139326691628,0.0015711188316345215,-0.30322325229644775,-0.04069267958402634,-0.014299631118774414,-0.3575975000858307,-0.05930282548069954,-0.024159669876098633,-0.4037143290042877,-0.0696747899055481,0.02808445692062378,-0.1912265419960022,-0.036173265427351,0.05811119079589844,-0.2493969202041626,-0.0533674918115139,0.07946592569351196,-0.2870146632194519,-0.0633288323879242,0.09797239303588867,-0.3258686065673828,-0.07005339115858078,0.022107474505901337,0.03696814551949501,0.23822021484375,0.2717014253139496,0.01614377275109291,0.20813700556755066,0.14483210444450378,0.24422648549079895,0.24238808453083038,0.24594531953334808,0.4103943407535553,0.34741389751434326,0.220340758562088,0.2363198846578598,161.00282287597656,169.95742797851562,172.31838989257812,149.17649841308594,97.08285522460938,156.1132049560547,145.8608856201172,91.04917907714844,159.27969360351562,168.5035858154297,167.0924072265625,172.93768310546875,161.06919860839844,177.17845153808594,174.25389099121094,0.6018791198730469,0.6813146471977234,-0.005405055824667215,-47.86221694946289,-61.13740921020508,-170.45892333984375,0.2717014253139496,161.00281868429437,169.95743165570502,172.31838713478865,149.17649404040694,97.08285400710419,156.1132029312318,145.8608822141358,91.04917784495827,159.27969396405092,168.50359267935028,167.09240415588548,172.93768246123497,161.06919740195326,177.17845225547197,174.25389269108368,-47.86221533316025,-61.13740743041108,-170.4589245468839,0.2717014316031604
20251105_002239,kamal,2025-11-05 00:23:39,4,pinch,0.0,0.0,0.0,-0.05023086071014404,-0.04190284013748169,0.007107417564839125,-0.08503466844558716,-0.10693848133087158,0.0028115413151681423,-0.11469921469688416,-0.14725172519683838,-0.008150956593453884,-0.1399713158607483,-0.18455404043197632,-0.02030726708471775,-0.034761250019073486,-0.19226235151290894,0.023348361253738403,-0.06378525495529175,-0.24270468950271606,0.003329132916405797,-0.09906280040740967,-0.2273399829864502,-0.016582917422056198,-0.12258923053741455,-0.2055492401123047,-0.028571318835020065,-0.017361164093017578,-0.2054150104522705,0.005819722078740597,-0.05314016342163086,-0.263725221157074,-0.0197045486420393,-0.0905599594116211,-0.23886072635650635,-0.03753051906824112,-0.11187157034873962,-0.2122797966003418,-0.04335498437285423,0.006203651428222656,-0.2051781415939331,-0.015381678938865662,0.0012916326522827148,-0.2970329523086548,-0.03553757816553116,-0.013067007064819336,-0.35437965393066406,-0.05281854048371315,-0.021261155605316162,-0.404632031917572,-0.06314399093389511,0.027441024780273438,-0.18989431858062744,-0.03558514267206192,0.054094791412353516,-0.24728703498840332,-0.04793860390782356,0.07231277227401733,-0.28779518604278564,-0.05505521222949028,0.08779788017272949,-0.32985222339630127,-0.06029873341321945,0.028482096269726753,0.04571116343140602,0.2536955177783966,0.27311113476753235,0.01946086622774601,0.21354445815086365,0.13226483762264252,0.23251783847808838,0.24102890491485596,0.2438393235206604,0.41008082032203674,0.346622109413147,0.22604557871818542,0.23233221471309662,156.04217529296875,167.8704071044922,176.5030975341797,147.73223876953125,104.05387115478516,161.12359619140625,145.77130126953125,95.59317016601562,159.2457733154297,170.63844299316406,168.64576721191406,173.2918701171875,163.59962463378906,177.93890380859375,175.3505859375,0.6006108522415161,0.6615225672721863,-0.004360199440270662,-46.54571533203125,-60.525230407714844,-177.81980895996094,0.27311113476753235,156.04217363329164,167.87040928409166,176.50310094315503,147.73223764886333,104.05387315489402,161.12358999623942,145.77129412228226,95.59316678287583,159.24577243368103,170.63843559640836,168.64576868582853,173.2918651093338,163.59962034911743,177.93890849451134,175.3505864155754,-46.54571498059802,-60.525230345395585,-177.81980955779505,0.27311112365591256
20251105_002239,kamal,2025-11-05 00:23:39,4,pinch,0.0,0.0,0.0,-0.049931883811950684,-0.041211605072021484,0.005970824509859085,-0.08672672510147095,-0.10438525676727295,0.0032362204510718584,-0.11359640955924988,-0.14676010608673096,-0.006219002418220043,-0.13684025406837463,-0.18746280670166016,-0.01659357361495495,-0.04761779308319092,-0.18439054489135742,0.028111381456255913,-0.0708499550819397,-0.23134517669677734,0.012836756184697151,-0.09990233182907104,-0.2201797366142273,-0.003587106242775917,-0.12070375680923462,-0.2046126127243042,-0.014171297661960125,-0.028099119663238525,-0.201371431350708,0.012225993908941746,-0.05870985984802246,-0.25234872102737427,-0.008815600536763668,-0.0914192795753479,-0.2319200038909912,-0.025242220610380173,-0.11019331216812134,-0.21281325817108154,-0.032189760357141495,-0.002598881721496582,-0.20617562532424927,-0.007649867329746485,-0.008011102676391602,-0.2950752377510071,-0.02778945118188858,-0.025294899940490723,-0.34845876693725586,-0.0454922616481781,-0.03694814443588257,-0.39398422837257385,-0.05659501254558563,0.02302473783493042,-0.19728457927703857,-0.02652611769735813,0.04685831069946289,-0.25651270151138306,-0.04003524035215378,0.0649101734161377,-0.2939012050628662,-0.048087671399116516,0.07923126220703125,-0.3296516537666321,-0.05422477424144745,0.023672131821513176,0.039949290454387665,0.2328725904226303,0.26138225197792053,0.0224139466881752,0.1969349980354309,0.13282300531864166,0.23268628120422363,0.2379843294620514,0.24180205166339874,0.3997395932674408,0.3433484137058258,0.2113678902387619,0.22364798188209534,158.45962524414062,171.20474243164062,176.8360595703125,152.70205688476562,102.0695571899414,164.6302947998047,147.77154541015625,96.63520812988281,164.63739013671875,169.0365753173828,165.2593536376953,174.54962158203125,164.34970092773438,176.1015625,175.66824340820312,0.5909823179244995,0.6365780234336853,0.0012318907538428903,-52.280330657958984,-61.656063079833984,169.65594482421875,0.26138225197792053,158.45963168266735,171.20473822192776,176.83606103558714,152.7020519691084,102.0695570735941,164.6302933882355,147.77154026407044,96.63521110711122,164.6373966277523,169.0365812213042,165.25935695059883,174.54962831388622,164.34969421056425,176.1015597733857,175.66824001430604,-52.28033087716877,-61.6560641214063,169.65595145093647,0.2613822404751522
20251105_002239,kamal,2025-11-05 00:23:39,4,pinch,0.0,0.0,0.0,-0.045303940773010254,-0.034596264362335205,0.007635673973709345,-0.08304286003112793,-0.09879517555236816,0.007867716252803802,-0.11250868439674377,-0.1426069736480713,0.001695816172286868,-0.13720110058784485,-0.18072199821472168,-0.0057836975902318954,-0.043141067028045654,-0.17869704961776733,0.029408367350697517,-0.07028526067733765,-0.21839404106140137,0.015734152868390083,-0.09814947843551636,-0.2128087878227234,0.00018906361947301775,-0.1199517548084259,-0.20195502042770386,-0.009837883524596691,-0.02612614631652832,-0.1994994878768921,0.014293347485363483,-0.06374287605285645,-0.23991179466247559,-0.0021208878606557846,-0.09444785118103027,-0.22147613763809204,-0.016284391283988953,-0.11414408683776855,-0.20642149448394775,-0.022763533517718315,-0.0015701651573181152,-0.20693695545196533,-0.0044261254370212555,-0.009983062744140625,-0.2917812764644623,-0.023581961169838905,-0.025017976760864258,-0.3430900573730469,-0.04037703946232796,-0.03708368539810181,-0.387666791677475,-0.05076882243156433,0.022857069969177246,-0.19893693923950195,-0.02189330756664276,0.04615771770477295,-0.2568003535270691,-0.03737542778253555,0.06469827890396118,-0.2933765649795532,-0.04585953429341316,0.0790373682975769,-0.3293887674808502,-0.051416926085948944,0.027655335143208504,0.03847602754831314,0.2342505156993866,0.2663517892360687,0.014857686124742031,0.19892828166484833,0.12992630898952484,0.22697584331035614,0.23509792983531952,0.23697443306446075,0.3927317261695862,0.3426186740398407,0.20743991434574127,0.23078353703022003,156.66253662109375,172.32643127441406,177.14244079589844,147.64407348632812,117.4760513305664,164.979248046875,139.31687927246094,106.83543395996094,170.77481079101562,167.4440155029297,168.6476593017578,175.10667419433594,163.0255584716797,174.67782592773438,173.80433654785156,0.587535560131073,0.6131358742713928,0.0034760390408337116,-52.141361236572266,-60.58330154418945,162.9506072998047,0.2663517892360687,156.66253035750518,172.32643121232468,177.14244013286265,147.6440770300437,117.47604993309957,164.97925313914848,139.31687885186687,106.83543745617146,170.77480825683858,167.44401713392472,168.64765596143334,175.1066791534007,163.02556477743457,174.6778230654061,173.80433925211432,-52.14136029334089,-60.58330319764382,162.95060301968425,0.266351788529535
20251105_002239,kamal,2025-11-05 00:23:39,4,pinch,0.0,0.0,0.0,-0.0462719202041626,-0.03704482316970825,0.008042752742767334,-0.08189350366592407,-0.09457504749298096,0.005559551063925028,-0.11104750633239746,-0.13531428575515747,-0.004128533881157637,-0.1349632740020752,-0.1740349531173706,-0.015387913212180138,-0.042956650257110596,-0.17625820636749268,0.029203232377767563,-0.0716206431388855,-0.2102721929550171,0.010990847833454609,-0.10011884570121765,-0.2047482132911682,-0.009120408445596695,-0.12238752841949463,-0.19386208057403564,-0.021107207983732224,-0.02670872211456299,-0.19677680730819702,0.013631429523229599,-0.0648491382598877,-0.2360767126083374,-0.002982879988849163,-0.0951402485370636,-0.21815049648284912,-0.01674352027475834,-0.11606603860855103,-0.204626202583313,-0.02237985096871853,-0.0020050406455993652,-0.2056748867034912,-0.005620624870061874,-0.01196897029876709,-0.2897523045539856,-0.02159760892391205,-0.025266647338867188,-0.3377373218536377,-0.032344575971364975,-0.03633761405944824,-0.3793444037437439,-0.03826866298913956,0.02176642417907715,-0.1983354687690735,-0.024295024573802948,0.040682315826416016,-0.25693923234939575,-0.03538431599736214,0.05618709325790405,-0.2941097021102905,-0.038011468946933746,0.06831735372543335,-0.3308468461036682,-0.03874528780579567,0.024165568873286247,0.03663082420825958,0.2289159744977951,0.2577955722808838,0.012547795660793781,0.19270579516887665,0.11534687876701355,0.22077146172523499,0.2302318960428238,0.23631349205970764,0.3829975128173828,0.34004130959510803,0.20518966019153595,0.2240462303161621,158.15699768066406,170.37655639648438,175.19224548339844,139.2876739501953,125.89752197265625,164.2491455078125,138.45323181152344,108.30914306640625,171.12742614746094,168.99481201171875,171.31382751464844,175.6161346435547,168.05113220214844,171.98878479003906,174.89520263671875,0.5846840739250183,0.5969038009643555,0.002583358669653535,-50.423828125,-59.98677062988281,161.16531372070312,0.2577955722808838,158.1570040473833,170.37654992923706,175.19225233747278,139.2876749186508,125.8975231021736,164.2491446975223,138.45323418087295,108.30914249032486,171.12742151467015,168.99481536459487,171.31383449414898,175.61613854896754,168.05112841966996,171.9887879365032,174.89520256266422,-50.423829692263155,-59.986772325223505,161.16531506196816,0.25779555910766955
20251105_002239,kamal,2025-11-05 00:23:39,4,pinch,0.0,0.0,0.0,-0.04560589790344238,-0.03418916463851929,0.009407750330865383,-0.08211976289749146,-0.09192001819610596,0.009353121742606163,-0.1107526421546936,-0.1314067840576172,0.002284599933773279,-0.13488546013832092,-0.16800856590270996,-0.006494344212114811,-0.0483400821685791,-0.17005878686904907,0.028836192563176155,-0.07599270343780518,-0.20631015300750732,0.015184683725237846,-0.1023218035697937,-0.20346307754516602,-0.00010119398211827502,-0.12396246194839478,-0.19677013158798218,-0.009432698599994183,-0.03199112415313721,-0.193007230758667,0.01364132110029459,-0.06805634498596191,-0.22945797443389893,0.0008972403011284769,-0.09686371684074402,-0.2133347988128662,-0.009938678704202175,-0.11646723747253418,-0.20235389471054077,-0.014831841923296452,-0.0077288150787353516,-0.20393496751785278,-0.004827167373150587,-0.0172308087348938,-0.2856622338294983,-0.020031973719596863,-0.03142338991165161,-0.33378976583480835,-0.031122438609600067,-0.04298466444015503,-0.3758891522884369,-0.03798459842801094,0.01609402894973755,-0.19969439506530762,-0.022317107766866684,0.03711700439453125,-0.2594797611236572,-0.03386801853775978,0.054240643978118896,-0.29763978719711304,-0.03772570565342903,0.06742918491363525,-0.3339656591415405,-0.03986296057701111,0.03090588003396988,0.03985406458377838,0.22945964336395264,0.2637924253940582,0.010793866589665413,0.1898689717054367,0.11811996251344681,0.21555310487747192,0.23275341093540192,0.23394806683063507,0.38024091720581055,0.34302887320518494,0.19863595068454742,0.22752165794372559,157.22531127929688,171.03575134277344,176.02764892578125,146.48228454589844,124.94246673583984,167.5418243408203,140.66940307617188,108.72438049316406,174.11294555664062,169.8642120361328,170.1929168701172,176.31419372558594,164.86334228515625,173.06124877929688,175.30050659179688,0.5777984261512756,0.5840206742286682,0.0030662172939628363,-51.55445098876953,-59.87724685668945,155.30056762695312,0.2637924253940582,157.22531482261,171.03574448467106,176.02765370889415,146.48227726791336,124.94246370446733,167.5418226225169,140.66940860077696,108.7243807382171,174.11294657402144,169.86421186483724,170.19291340360792,176.31419043618502,164.86334325855847,173.0612540376826,175.3005066638337,-51.55445157207048,-59.87724566917484,155.300566033789,0.2637924127986235
20251105_002239,kamal,2025-11-05 00:23:39,4,pinch,0.0,0.0,0.0,-0.044714510440826416,-0.03308683633804321,0.007940101437270641,-0.08022964000701904,-0.08761268854141235,0.006285618059337139,-0.10781726241111755,-0.12731707096099854,-0.0021955964621156454,-0.13101983070373535,-0.16521555185317993,-0.01209854893386364,-0.04764997959136963,-0.16801071166992188,0.02785569243133068,-0.07553815841674805,-0.20368748903274536,0.012430780567228794,-0.10164734721183777,-0.20227932929992676,-0.004094991832971573,-0.12215417623519897,-0.194921612739563,-0.013573245145380497,-0.03176647424697876,-0.19078755378723145,0.013392854481935501,-0.06683772802352905,-0.22727426886558533,0.0010316456900909543,-0.0946921706199646,-0.2130151391029358,-0.008901281282305717,-0.11376708745956421,-0.20419597625732422,-0.012910027988255024,-0.007308781147003174,-0.2017148733139038,-0.004613451659679413,-0.019247472286224365,-0.2816462516784668,-0.017599398270249367,-0.03343808650970459,-0.3277350664138794,-0.0255800262093544,-0.04441648721694946,-0.3685653805732727,-0.030405372381210327,0.016967058181762695,-0.19698578119277954,-0.02221819758415222,0.035511553287506104,-0.2554820775985718,-0.03149392455816269,0.05059725046157837,-0.2936810851097107,-0.033241402357816696,0.06249105930328369,-0.3298972249031067,-0.033659644424915314,0.031035861000418663,0.042635537683963776,0.22178013622760773,0.25501254200935364,0.01252185832709074,0.17925649881362915,0.11373231559991837,0.21120783686637878,0.23043504357337952,0.23410598933696747,0.37247517704963684,0.3374467194080353,0.1909937858581543,0.21748168766498566,157.4958038330078,171.3373565673828,175.8273468017578,144.56875610351562,129.0790557861328,162.8957977294922,141.54661560058594,109.80126953125,172.8345184326172,169.90318298339844,171.48980712890625,176.46327209472656,167.25448608398438,172.6881561279297,176.17686462402344,0.5739714503288269,0.5690312385559082,0.0028829979710280895,-52.22670364379883,-60.71967697143555,155.8479461669922,0.25501254200935364,157.49580103591146,171.33735742507108,175.82734580235584,144.56875003568882,129.07905071885043,162.89579473807228,141.54661720635008,109.8012659892621,172.83451142289005,169.9031797897062,171.48981015334266,176.46327287174645,167.25448362661444,172.68815577265727,176.1768640921003,-52.22670518579049,-60.71967679651951,155.84795246300803,0.2550125462566195
20251105_002239,kamal,2025-11-05 00:23:39,4,pinch,0.0,0.0,0.0,-0.044519007205963135,-0.03300142288208008,0.008034979924559593,-0.07844233512878418,-0.0880466103553772,0.006498327013105154,-0.10515612363815308,-0.12929362058639526,-0.0023201669100672007,-0.12983009219169617,-0.16626691818237305,-0.012746451422572136,-0.045466601848602295,-0.16645443439483643,0.031132040545344353,-0.07201367616653442,-0.19923388957977295,0.016962241381406784,-0.09849148988723755,-0.19762176275253296,0.0008594774990342557,-0.11912459135055542,-0.18958860635757446,-0.008446892723441124,-0.03129798173904419,-0.1884785294532776,0.016474442556500435,-0.06611108779907227,-0.2228294014930725,0.005987798795104027,-0.09535038471221924,-0.2087898552417755,-0.003322932869195938,-0.11621996760368347,-0.20159858465194702,-0.00701118865981698,-0.007817625999450684,-0.20008456707000732,-0.0019737142138183117,-0.018904447555541992,-0.278403103351593,-0.013777855783700943,-0.03183501958847046,-0.325238972902298,-0.02135802060365677,-0.041936516761779785,-0.3670525550842285,-0.02605951391160488,0.015660643577575684,-0.19658434391021729,-0.02018146589398384,0.03515350818634033,-0.2550063729286194,-0.02831932157278061,0.05034768581390381,-0.2938673198223114,-0.02941211313009262,0.062024474143981934,-0.33065637946128845,-0.029608674347400665,0.026019129902124405,0.03829432651400566,0.21958458423614502,0.25321218371391296,0.012439358979463577,0.18236196041107178,0.11020510643720627,0.21133625507354736,0.2240666300058365,0.23280513286590576,0.370358407497406,0.3377237915992737,0.1943235844373703,0.221218541264534,156.22979736328125,171.0959014892578,176.8755340576172,142.89175415039062,129.49551391601562,162.07070922851562,140.40374755859375,112.0358657836914,170.80825805664062,170.18276977539062,172.69796752929688,176.7921600341797,166.09628295898438,173.31459045410156,176.06430053710938,0.5697693824768066,0.5578278303146362,0.005089877173304558,-49.98809051513672,-59.991844177246094,153.76109313964844,0.25321218371391296,156.2297901345011,171.09589839147955,176.87553831307378,142.89175361371443,129.49550872993063,162.07070528790769,140.40375405367973,112.0358675929818,170.8082561307555,170.18276454190107,172.69797046347554,176.7921623892301,166.096276013884,173.31458748507,176.06430219963224,-49.98808908063075,-59.991845126709954,153.76109295537483,0.2532121722919301
20251105_002239,kamal,2025-11-05 00:23:39,4,pinch,0.0,0.0,0.0,-0.04474693536758423,-0.0291290283203125,0.005116468295454979,-0.08074414730072021,-0.08292889595031738,0.0035016266629099846,-0.10744863748550415,-0.12512189149856567,-0.004400217439979315,-0.13202571868896484,-0.16369503736495972,-0.013342979364097118,-0.048542678356170654,-0.16424351930618286,0.028634628280997276,-0.07398116588592529,-0.19775840640068054,0.016069922596216202,-0.09983420372009277,-0.19424223899841309,0.001542191719636321,-0.12085655331611633,-0.18708348274230957,-0.007391608320176601,-0.03352445363998413,-0.18524742126464844,0.015132955275475979,-0.0675153136253357,-0.22065171599388123,0.003057893132790923,-0.09536898136138916,-0.2052868902683258,-0.0075972070917487144,-0.1147429347038269,-0.19620084762573242,-0.012271057814359665,-0.010528028011322021,-0.19591104984283447,-0.002202417701482773,-0.02169567346572876,-0.2721865177154541,-0.015825487673282623,-0.036156296730041504,-0.318073034286499,-0.02590157836675644,-0.047741055488586426,-0.3600468635559082,-0.032361675053834915,0.012919723987579346,-0.19297683238983154,-0.019295690581202507,0.030977904796600342,-0.25142207741737366,-0.028636014088988304,0.04548436403274536,-0.29004889726638794,-0.031869299709796906,0.055992066860198975,-0.32731425762176514,-0.03411206975579262,0.02659301459789276,0.03683030605316162,0.21452191472053528,0.2501065731048584,0.012012979947030544,0.17815275490283966,0.10878900438547134,0.21072468161582947,0.2228478640317917,0.2276209443807602,0.3646371066570282,0.33381637930870056,0.18943524360656738,0.21637512743473053,155.8695831298828,172.299072265625,177.9215087890625,146.79090881347656,123.4256591796875,167.70602416992188,141.9329833984375,108.26587677001953,172.82237243652344,169.26417541503906,170.8249969482422,176.04861450195312,166.43490600585938,174.60125732421875,175.03509521484375,0.5676867961883545,0.5498892068862915,0.004453503992408514,-52.0517692565918,-59.537715911865234,154.94418334960938,0.2501065731048584,155.8695846982016,172.29907489582234,177.92150827713124,146.79090671718433,123.42565830362821,167.70602214270326,141.9329909453284,108.26587677955109,172.8223692313329,169.26416784725578,170.82499069439186,176.0486133023531,166.43490719673014,174.6012592651136,175.03509528477247,-52.05177064473103,-59.53771725413295,154.94418622252405,0.25010656136126214
20251105_002239,kamal,2025-11-05 00:23:39,4,pinch,0.0,0.0,0.0,-0.04394412040710449,-0.02971339225769043,0.0069127860479056835,-0.07846391201019287,-0.08178603649139404,0.00618169829249382,-0.10456830263137817,-0.12240338325500488,-0.0009914448019117117,-0.12799829244613647,-0.1589391827583313,-0.009395360015332699,-0.04636430740356445,-0.16082078218460083,0.029143841937184334,-0.07110351324081421,-0.19362539052963257,0.016260305419564247,-0.09646627306938171,-0.19081410765647888,0.001044080127030611,-0.11748340725898743,-0.18439096212387085,-0.008331228978931904,-0.03167027235031128,-0.18245190382003784,0.015090213157236576,-0.06574428081512451,-0.2177095115184784,0.0035595737863332033,-0.09439030289649963,-0.20363849401474,-0.007272403687238693,-0.11497506499290466,-0.19436785578727722,-0.012153432704508305,-0.008959770202636719,-0.19381526112556458,-0.0025570883881300688,-0.020122885704040527,-0.27037620544433594,-0.01584794372320175,-0.0347599983215332,-0.316519558429718,-0.02625168487429619,-0.04665017127990723,-0.35691630840301514,-0.032812025398015976,0.014084994792938232,-0.1911681592464447,-0.019822396337985992,0.032859086990356445,-0.24936836957931519,-0.029753275215625763,0.04734647274017334,-0.2882712483406067,-0.03353433310985565,0.058214008808135986,-0.3251391649246216,-0.03589048236608505,0.027558814734220505,0.037847090512514114,0.215315580368042,0.2509969174861908,0.010974490083754063,0.1775304675102234,0.10961642116308212,0.20428778231143951,0.21879622340202332,0.22615444660186768,0.36144450306892395,0.332253634929657,0.18810011446475983,0.21830950677394867,156.24264526367188,172.1779327392578,177.49087524414062,145.7549591064453,124.86225128173828,167.77284240722656,141.63809204101562,110.87348175048828,173.19720458984375,169.39646911621094,170.5607147216797,176.51980590820312,166.05577087402344,175.2522430419922,175.66419982910156,0.5642957091331482,0.5435120463371277,0.004370525013655424,-50.991207122802734,-59.25459289550781,153.3419647216797,0.2509969174861908,156.24264316739522,172.17793683576676,177.49087214383368,145.75495884613517,124.86224919516974,167.77284395857214,141.63808499768535,110.87348353399172,173.19721036147192,169.3964642748439,170.56072036436655,176.51980799400735,166.0557746532035,175.25224205002698,175.66420695320602,-50.99120854552079,-59.254594511391424,153.3419651647699,0.2509969055987871
20251105_002239,kamal,2025-11-05 00:23:39,4,pinch,0.0,0.0,0.0,-0.04379194974899292,-0.027890324592590332,0.006087521091103554,-0.0786077082157135,-0.0813482403755188,0.005959625355899334,-0.10450005531311035,-0.12301087379455566,-0.00026159940171055496,-0.12875282764434814,-0.15928399562835693,-0.007575437892228365,-0.04733264446258545,-0.15578210353851318,0.02851329930126667,-0.07236272096633911,-0.18897628784179688,0.0168618056923151,-0.09797224402427673,-0.18772944808006287,0.0030654501169919968,-0.11978340148925781,-0.18372619152069092,-0.0054852948524057865,-0.032465219497680664,-0.177931010723114,0.01541441585868597,-0.06598097085952759,-0.21126258373260498,0.003703243797644973,-0.09322768449783325,-0.19541168212890625,-0.007416888605803251,-0.11199116706848145,-0.18529832363128662,-0.012454437091946602,-0.009639322757720947,-0.1917179822921753,-0.0011316162999719381,-0.0207749605178833,-0.2654236853122711,-0.014534029178321362,-0.0346565842628479,-0.3110554814338684,-0.02579139731824398,-0.04492056369781494,-0.35203027725219727,-0.032844964414834976,0.013574421405792236,-0.19290053844451904,-0.017180029302835464,0.029998362064361572,-0.25192493200302124,-0.025811167433857918,0.044981300830841064,-0.2901246249675751,-0.029116490855813026,0.05652940273284912,-0.3252605199813843,-0.03138108551502228,0.02611972950398922,0.0313289500772953,0.21170149743556976,0.2498888224363327,0.010571634396910667,0.18086951971054077,0.10493263602256775,0.20495381951332092,0.21939340233802795,0.2168700098991394,0.3564014136791229,0.33162441849708557,0.18622368574142456,0.21987909078598022,154.69151306152344,172.78416442871094,177.03439331054688,147.56985473632812,127.21884155273438,170.0225830078125,140.67662048339844,108.44775390625,173.6094512939453,168.62449645996094,171.2816619873047,175.2792510986328,168.18040466308594,173.24368286132812,176.60165405273438,0.5618716478347778,0.5375544428825378,0.005122804082930088,-53.122257232666016,-58.69584274291992,148.64073181152344,0.2498888224363327,154.69151437217008,172.78417151778262,177.03439163272708,147.5698568127599,127.21884400133195,170.02257819573057,140.676624324055,108.44775527784776,173.60944804840733,168.6244934267486,171.28165487149585,175.27924585257094,168.18039709369705,173.24368089725618,176.60165561176126,-53.122258283337196,-58.69584256025947,148.64072501095865,0.24988881605346108
20251105_002239,kamal,2025-11-05 00:23:39,4,pinch,0.0,0.0,0.0,-0.044187963008880615,-0.028008103370666504,0.00690840557217598,-0.07936146855354309,-0.08118218183517456,0.007049473933875561,-0.10506018996238708,-0.12347203493118286,0.000756061403080821,-0.12956801056861877,-0.16025525331497192,-0.00668675173074007,-0.05136370658874512,-0.15728497505187988,0.03049049898982048,-0.07558619976043701,-0.19012296199798584,0.019254058599472046,-0.10041829943656921,-0.18772247433662415,0.005539305508136749,-0.12165185809135437,-0.18381735682487488,-0.0032095578499138355,-0.035836219787597656,-0.1791483759880066,0.016459347680211067,-0.06852555274963379,-0.21251621842384338,0.004922761116176844,-0.09583848714828491,-0.19666150212287903,-0.00660523260012269,-0.1146271824836731,-0.18738561868667603,-0.012082865461707115,-0.012583434581756592,-0.1930217146873474,-0.0011350632412359118,-0.022032499313354492,-0.2663247287273407,-0.015289596281945705,-0.03591269254684448,-0.31252720952033997,-0.028007080778479576,-0.04654502868652344,-0.35401755571365356,-0.03615638241171837,0.01146245002746582,-0.19470000267028809,-0.018124593421816826,0.030660152435302734,-0.2530759572982788,-0.02810049243271351,0.0470539927482605,-0.2909161448478699,-0.03284237161278725,0.06001383066177368,-0.32607197761535645,-0.03621085360646248,0.025098387151956558,0.031438879668712616,0.212849959731102,0.25359049439430237,0.011866513639688492,0.1816064864397049,0.11016237735748291,0.20619003474712372,0.22045020759105682,0.21999716758728027,0.358890175819397,0.3335203528404236,0.18893024325370789,0.22431127727031708,154.81324768066406,172.30654907226562,176.69491577148438,148.4228515625,124.17147064208984,171.939453125,142.04483032226562,107.88561248779297,173.46092224121094,168.8972625732422,170.05174255371094,175.39480590820312,164.7767333984375,174.18492126464844,176.52354431152344,0.5584513545036316,0.5352182984352112,0.005537648685276508,-52.267173767089844,-58.40402603149414,149.22482299804688,0.25359049439430237,154.81324266084178,172.30654463790958,176.69491954011173,148.42284931941947,124.17146929780253,171.9394587132583,142.04482459393603,107.88561179764935,173.46092718450447,168.89725964032093,170.05174432619543,175.3948032341253,164.77673239538396,174.18491688750092,176.5235485660092,-52.267173973036485,-58.4040259327618,149.2248201019688,0.2535904830451926
20251105_002239,kamal,2025-11-05 00:23:39,4,pinch,0.0,0.0,0.0,-0.04374814033508301,-0.025751471519470215,0.0062210578471422195,-0.07937920093536377,-0.07941657304763794,0.007463702466338873,-0.10426214337348938,-0.12153029441833496,0.0027022173162549734,-0.12876677513122559,-0.1565849781036377,-0.003170963143929839,-0.05126607418060303,-0.15303993225097656,0.030491910874843597,-0.07526081800460815,-0.18499413132667542,0.021394727751612663,-0.09950503706932068,-0.1832159459590912,0.0093308100476861,-0.12175828218460083,-0.1818542778491974,0.0009950398234650493,-0.03559345006942749,-0.1763189435005188,0.016925862058997154,-0.06784480810165405,-0.20986467599868774,0.005292464513331652,-0.09268492460250854,-0.19524848461151123,-0.007119351997971535,-0.1100897490978241,-0.18597033619880676,-0.01342513132840395,-0.012928962707519531,-0.19111821055412292,3.2402101624029456e-06,-0.02373141050338745,-0.2641468346118927,-0.015087324194610119,-0.037934839725494385,-0.3095177412033081,-0.029527341946959496,-0.04913359880447388,-0.3504587411880493,-0.03875190392136574,0.01101750135421753,-0.19377708435058594,-0.01618627831339836,0.0294189453125,-0.2532072067260742,-0.027354473248124123,0.04576951265335083,-0.2919308543205261,-0.03372018784284592,0.05824160575866699,-0.3272925019264221,-0.038369957357645035,0.02655206248164177,0.036297086626291275,0.21258993446826935,0.2556406855583191,0.01900099776685238,0.17723862826824188,0.10984650999307632,0.20275549590587616,0.2188539355993271,0.21652933955192566,0.356001615524292,0.3346411883831024,0.18783403933048248,0.22120046615600586,153.48146057128906,172.69032287597656,175.099609375,150.2273406982422,124.79469299316406,174.07142639160156,142.396484375,107.6031723022461,173.9895782470703,167.5959014892578,169.7997283935547,174.946044921875,165.1536865234375,174.17491149902344,176.23760986328125,0.5577326416969299,0.5339973568916321,0.006246565375477076,-53.150413513183594,-59.1898307800293,146.81292724609375,0.2556406855583191,153.48146016993482,172.69031866331028,175.09960210722758,150.22733699808967,124.79469124207543,174.07143266510363,142.39648892413564,107.60317173609016,173.9895801780333,167.5959032410795,169.79973294717158,174.9460446473108,165.15368814220304,174.17491455055446,176.23761231383767,-53.150414514842005,-59.18983162830728,146.8129335813509,0.25564068985213984
20251105_002239,kamal,2025-11-05 00:23:39,4,pinch,0.0,0.0,0.0,-0.04567986726760864,-0.025238990783691406,0.004718477837741375,-0.08209347724914551,-0.07683885097503662,0.005070435348898172,-0.10653796792030334,-0.11912369728088379,-0.00039312714943662286,-0.1313643753528595,-0.15550023317337036,-0.0067599122412502766,-0.05530518293380737,-0.15200626850128174,0.030393637716770172,-0.07796519994735718,-0.18434250354766846,0.021293140947818756,-0.1013130247592926,-0.18251830339431763,0.009225908666849136,-0.12292540073394775,-0.18188759684562683,0.0006142077036201954,-0.03881394863128662,-0.1752297580242157,0.017237048596143723,-0.06949234008789062,-0.20856118202209473,0.004672533366829157,-0.09299015998840332,-0.19431203603744507,-0.0085137989372015,-0.10903137922286987,-0.18639472126960754,-0.015431475825607777,-0.015884101390838623,-0.18996146321296692,0.000466077501187101,-0.027006804943084717,-0.2631368935108185,-0.016133371740579605,-0.04139477014541626,-0.3085218071937561,-0.0318170003592968,-0.05259847640991211,-0.3501802682876587,-0.04173747077584267,0.008820533752441406,-0.19287464022636414,-0.015587660484015942,0.0276830792427063,-0.2529447078704834,-0.0282432958483696,0.04448050260543823,-0.29138320684432983,-0.03574661165475845,0.057404935359954834,-0.3265227675437927,-0.041139595210552216,0.028668569400906563,0.039095114916563034,0.21290329098701477,0.257030189037323,0.02169843204319477,0.17522095143795013,0.11252015829086304,0.20367282629013062,0.2195316106081009,0.2164924144744873,0.35655972361564636,0.3340732157230377,0.18724840879440308,0.21908405423164368,153.71888732910156,171.53656005859375,175.37069702148438,152.06320190429688,122.90254974365234,173.89984130859375,143.5135955810547,106.69361877441406,173.60284423828125,166.6573486328125,169.7255401611328,174.1808624267578,163.86016845703125,173.8137969970703,176.1106414794922,0.5569016933441162,0.5330448746681213,0.0065014720894396305,-54.35761260986328,-59.42631912231445,147.48997497558594,0.257030189037323,153.7188851508639,171.53656705549167,175.3706919074434,152.06319474631576,122.9025510343942,173.89984498367912,143.5136020290534,106.69362105466996,173.60284104187147,166.65735406655207,169.72553902806243,174.18086981804404,163.8601708647606,173.8138033728611,176.11063568341842,-54.35761132200818,-59.426319537642954,147.489968787871,0.2570301978262091
20251105_002239,kamal,2025-11-05 00:23:39,4,pinch,0.0,0.0,0.0,-0.045170605182647705,-0.02429908514022827,0.005957803688943386,-0.0813913643360138,-0.07590579986572266,0.007362416945397854,-0.10521817207336426,-0.11703383922576904,0.0029727874789386988,-0.12934941053390503,-0.15199315547943115,-0.0022876549046486616,-0.05502617359161377,-0.1496598720550537,0.030727507546544075,-0.0770750641822815,-0.18403083086013794,0.022190401330590248,-0.10010629892349243,-0.1824015974998474,0.010465506464242935,-0.12169113755226135,-0.18159633874893188,0.0019394962582737207,-0.03874969482421875,-0.17188090085983276,0.017022566869854927,-0.06975013017654419,-0.20576652884483337,0.003433109959587455,-0.09336838126182556,-0.1913190484046936,-0.01058716606348753,-0.10915246605873108,-0.18194067478179932,-0.017671292647719383,-0.016175508499145508,-0.1865442991256714,2.51700157605228e-06,-0.026689648628234863,-0.26092034578323364,-0.01712084747850895,-0.039447247982025146,-0.30708152055740356,-0.03337602689862251,-0.0490756630897522,-0.34936046600341797,-0.04341379925608635,0.00880807638168335,-0.18986696004867554,-0.016095567494630814,0.027043938636779785,-0.24982953071594238,-0.0293168555945158,0.04330092668533325,-0.2890172302722931,-0.037103600800037384,0.05587500333786011,-0.3256622552871704,-0.042486779391765594,0.0308685339987278,0.03926100954413414,0.21700020134449005,0.25707003474235535,0.02327917329967022,0.17972558736801147,0.10759696364402771,0.199595645070076,0.21860861778259277,0.21290595829486847,0.35545170307159424,0.33314117789268494,0.18834736943244934,0.2202402502298355,152.88259887695312,171.77401733398438,175.15518188476562,154.11537170410156,120.7228775024414,174.3427276611328,143.26211547851562,106.94218444824219,174.20147705078125,166.7969512939453,170.7496795654297,173.75527954101562,164.22860717773438,174.28700256347656,175.66661071777344,0.5567370653152466,0.5339067578315735,0.006331045180559158,-53.73957061767578,-58.711036682128906,147.79452514648438,0.25707003474235535,152.88260137155387,171.77401034169065,175.15517502445584,154.11537728701117,120.7228762926542,174.3427251003699,143.26211888860792,106.94218197615889,174.2014824288367,166.79694398409833,170.74967823091288,173.75527684141974,164.22861070457853,174.28699597986028,175.6666108276845,-53.73957147218495,-58.711036945893056,147.79452707789383,0.2570700472646822
20251105_002239,kamal,2025-11-05 00:23:39,4,pinch,0.0,0.0,0.0,-0.045160770416259766,-0.023016273975372314,0.006770595908164978,-0.08219385147094727,-0.07795178890228271,0.009550739079713821,-0.1069839596748352,-0.11951577663421631,0.006480963435024023,-0.13150417804718018,-0.15312564373016357,0.002601183485239744,-0.05494797229766846,-0.15067070722579956,0.03236399590969086,-0.07743251323699951,-0.1854293942451477,0.024669617414474487,-0.10093405842781067,-0.1832450032234192,0.013429172337055206,-0.12261241674423218,-0.1819177269935608,0.005074718967080116,-0.03913396596908569,-0.17262178659439087,0.018368763849139214,-0.06992024183273315,-0.20775359869003296,0.004810529761016369,-0.09367185831069946,-0.19372490048408508,-0.009462695568799973,-0.10936760902404785,-0.18326020240783691,-0.01658771187067032,-0.017018556594848633,-0.18660345673561096,0.0010848467936739326,-0.028377115726470947,-0.2609763741493225,-0.01590435951948166,-0.041923701763153076,-0.3068147897720337,-0.032857004553079605,-0.051991164684295654,-0.34848150610923767,-0.04340328648686409,0.00747603178024292,-0.1894325613975525,-0.015230551362037659,0.025968313217163086,-0.24916866421699524,-0.028438914567232132,0.042152225971221924,-0.2886674702167511,-0.037068333476781845,0.05471378564834595,-0.32580578327178955,-0.04325630143284798,0.030235175043344498,0.04202776402235031,0.21587646007537842,0.2580668032169342,0.02542613074183464,0.1769440919160843,0.10908783972263336,0.20186029374599457,0.2194393277168274,0.2140577733516693,0.3550018072128296,0.3331878185272217,0.18729914724826813,0.21898210048675537,150.6483917236328,173.1853790283203,174.45030212402344,154.60968017578125,119.31707000732422,175.27256774902344,144.19970703125,106.61165618896484,172.74847412109375,166.496826171875,169.8972625732422,173.66209411621094,163.50582885742188,175.00042724609375,175.69227600097656,0.5579969882965088,0.5349826812744141,0.007317043840885162,-52.676658630371094,-58.884239196777344,148.16200256347656,0.2580668032169342,150.64839405614248,173.18537578483668,174.45029470081082,154.60968011647188,119.31707099166557,175.27257053232339,144.19971393839674,106.61165501600344,172.7484774525165,166.49682681400543,169.89726779651724,173.66210036189037,163.50582705053637,175.00043333514978,175.6922782229969,-52.676659969811645,-58.884240801368065,148.16200547522038,0.2580667930766545
20251105_002239,kamal,2025-11-05 00:23:39,4,pinch,0.0,0.0,0.0,-0.04491645097732544,-0.024186253547668457,0.00594114325940609,-0.08135876059532166,-0.07804602384567261,0.007928956300020218,-0.10597464442253113,-0.11966592073440552,0.004130481276661158,-0.13062652945518494,-0.15427309274673462,-0.00033840452670119703,-0.05332791805267334,-0.1518649458885193,0.03171259164810181,-0.07568448781967163,-0.18700748682022095,0.02273552119731903,-0.09965497255325317,-0.18436062335968018,0.010539057664573193,-0.12162843346595764,-0.18161112070083618,0.001801246777176857,-0.037589430809020996,-0.174016535282135,0.017932290211319923,-0.06830024719238281,-0.2093949019908905,0.0038518679793924093,-0.09235090017318726,-0.1953461468219757,-0.010559416376054287,-0.10830730199813843,-0.18458610773086548,-0.017718568444252014,-0.0153236985206604,-0.18804103136062622,0.0006578352767974138,-0.026987195014953613,-0.2617989182472229,-0.01661636121571064,-0.04084980487823486,-0.3067724108695984,-0.0329877994954586,-0.051197946071624756,-0.3477460741996765,-0.04301687330007553,0.009484708309173584,-0.19076815247535706,-0.015816109254956245,0.02772730588912964,-0.25059807300567627,-0.029174795374274254,0.04393744468688965,-0.29003363847732544,-0.03752778843045235,0.05647510290145874,-0.32695651054382324,-0.043366942554712296,0.02886020764708519,0.041461993008852005,0.21345292031764984,0.258220911026001,0.023818612098693848,0.1747073531150818,0.10966227203607559,0.2021474540233612,0.218584805727005,0.21474741399288177,0.3541172444820404,0.3346202075481415,0.18592993915081024,0.2192724645137787,152.03688049316406,172.8538055419922,174.92787170410156,153.2998504638672,118.66645812988281,174.65065002441406,143.74400329589844,106.84293365478516,172.26795959472656,166.09681701660156,170.0467987060547,173.51495361328125,164.24652099609375,174.63238525390625,175.62881469726562,0.5589156746864319,0.5352684259414673,0.00689695542678237,-52.88614273071289,-59.26607894897461,148.2278594970703,0.258220911026001,152.0368733130274,172.85380115626506,174.9278686844381,153.2998465492171,118.66645867937329,174.6506531608262,143.74401059666522,106.84293449400215,172.26795944422503,166.0968095535619,170.04679775597646,173.5149501333156,164.24652772516305,174.63237956235295,175.62880779004786,-52.886141357953456,-59.26607882836836,148.22785986177297,0.25822091048611157
20251105_002239,kamal,2025-11-05 00:23:39,4,pinch,0.0,0.0,0.0,-0.04458153247833252,-0.026454687118530273,0.007191122509539127,-0.08014193177223206,-0.08060252666473389,0.009391974657773972,-0.10475152730941772,-0.1219092607498169,0.005346165969967842,-0.12987715005874634,-0.15583378076553345,0.0003766837471630424,-0.050128400325775146,-0.1532599925994873,0.033343542367219925,-0.07278674840927124,-0.18716710805892944,0.0247382540255785,-0.09743702411651611,-0.18455591797828674,0.012780411168932915,-0.11978396773338318,-0.18176835775375366,0.004261260852217674,-0.034868478775024414,-0.17445212602615356,0.018792718648910522,-0.06662184000015259,-0.20948296785354614,0.005414183251559734,-0.09273883700370789,-0.19398733973503113,-0.008690501563251019,-0.11009988188743591,-0.1830293834209442,-0.015676844865083694,-0.012990593910217285,-0.18778833746910095,0.0007699647103436291,-0.024658143520355225,-0.262658953666687,-0.015907244756817818,-0.03974354267120361,-0.30852192640304565,-0.03236733376979828,-0.05101221799850464,-0.34964537620544434,-0.04263241961598396,0.01078939437866211,-0.18973374366760254,-0.016393834725022316,0.0296897292137146,-0.2495812177658081,-0.028874345123767853,0.04596579074859619,-0.289223313331604,-0.036927904933691025,0.05851644277572632,-0.32604265213012695,-0.04282698035240173,0.028099190443754196,0.03726200386881828,0.21361739933490753,0.2575456500053406,0.02220134623348713,0.17882630228996277,0.11204309016466141,0.2028605043888092,0.21772940456867218,0.21416699886322021,0.3559096157550812,0.33400917053222656,0.18738000094890594,0.22275859117507935,153.41371154785156,172.7943572998047,173.9805908203125,151.7502899169922,119.96293640136719,174.87355041503906,142.42771911621094,106.78689575195312,173.7071075439453,166.4507293701172,168.95033264160156,174.0296630859375,164.53009033203125,175.25326538085938,176.00181579589844,0.5594391226768494,0.5373826026916504,0.0073020970448851585,-50.76948928833008,-58.716739654541016,149.0894775390625,0.2575456500053406,153.413711074887,172.7943540346284,173.98058755556508,151.75029692886912,119.96293946208054,174.8735458710865,142.42772586290957,106.78689543288141,173.70710220640223,166.4507225503557,168.95033901425438,174.02966910270575,164.53008793642712,175.2532698988338,176.00181519618585,-50.76949031642783,-58.716740608395824,149.08947265400246,0.25754565074157315
20251105_002239,kamal,2025-11-05 00:23:39,4,pinch,0.0,0.0,0.0,-0.04361802339553833,-0.026848256587982178,0.007976728491485119,-0.07880386710166931,-0.08102524280548096,0.009757105261087418,-0.10421964526176453,-0.12109178304672241,0.005114981904625893,-0.12860575318336487,-0.15512984991073608,-0.0006705318228341639,-0.04813814163208008,-0.15555483102798462,0.03157834708690643,-0.07194238901138306,-0.18904221057891846,0.02224573865532875,-0.09640547633171082,-0.18550103902816772,0.009955289773643017,-0.11801451444625854,-0.18161121010780334,0.0016261364798992872,-0.03298729658126831,-0.17711478471755981,0.017018193379044533,-0.06552380323410034,-0.21060442924499512,0.004902564454823732,-0.09263452887535095,-0.19491994380950928,-0.007755397818982601,-0.11082056164741516,-0.18482673168182373,-0.014067581854760647,-0.01083385944366455,-0.19069331884384155,-0.0008718036697246134,-0.021947920322418213,-0.2656417489051819,-0.016209162771701813,-0.037291884422302246,-0.3109697699546814,-0.03133968636393547,-0.04869520664215088,-0.3512754440307617,-0.041027311235666275,0.012467622756958008,-0.19216978549957275,-0.017894640564918518,0.03172403573989868,-0.25200968980789185,-0.02952602505683899,0.048304080963134766,-0.290894091129303,-0.0367252379655838,0.06140965223312378,-0.32691526412963867,-0.041984885931015015,0.0286131352186203,0.0371173657476902,0.21560950577259064,0.25946667790412903,0.01756090298295021,0.17969852685928345,0.11277151852846146,0.20150722563266754,0.216593399643898,0.2159629911184311,0.35699987411499023,0.3352722227573395,0.18817660212516785,0.2250150591135025,153.71371459960938,172.80718994140625,176.06436157226562,150.1346893310547,119.82428741455078,174.05592346191406,141.15257263183594,108.24441528320312,174.7862091064453,167.69000244140625,168.3419647216797,174.67942810058594,165.0872039794922,174.76171875,176.41912841796875,0.5597612857818604,0.5378279089927673,0.005965617951005697,-50.77495193481445,-58.85110092163086,148.8617401123047,0.25946667790412903,153.71371488153943,172.80719588701248,176.06435910318967,150.1346841238622,119.8242895914533,174.05591945102748,141.15258006186858,108.24441443855905,174.78620691034948,167.68999924658365,168.3419682807768,174.6794276428195,165.08719912748427,174.7617197337951,176.41913249639012,-50.774953704796914,-58.851100917560295,148.86173924787656,0.25946668147401963
20251105_002239,kamal,2025-11-05 00:23:39,4,pinch,0.0,0.0,0.0,-0.04424780607223511,-0.024763822555541992,0.007442125119268894,-0.08090263605117798,-0.08006554841995239,0.009178977459669113,-0.10630962252616882,-0.12245619297027588,0.0046349395997822285,-0.13029074668884277,-0.1580842137336731,-0.0008938993560150266,-0.05099457502365112,-0.15613800287246704,0.03139951080083847,-0.07404083013534546,-0.19106149673461914,0.02265268564224243,-0.09824812412261963,-0.18754079937934875,0.01123161893337965,-0.11923697590827942,-0.18290412425994873,0.0035761878825724125,-0.035463809967041016,-0.17759323120117188,0.017305534332990646,-0.06825512647628784,-0.21121224761009216,0.005574272945523262,-0.0961962342262268,-0.19566085934638977,-0.006465168669819832,-0.11473450064659119,-0.1860371232032776,-0.012358348816633224,-0.01333916187286377,-0.19130000472068787,-0.00015035600517876446,-0.023598074913024902,-0.26611530780792236,-0.015112089924514294,-0.039385437965393066,-0.3123309910297394,-0.030091693624854088,-0.050839245319366455,-0.35305261611938477,-0.03980186581611633,0.009566962718963623,-0.1933872401714325,-0.01675071194767952,0.028852880001068115,-0.25305724143981934,-0.028106246143579483,0.04551100730895996,-0.29218432307243347,-0.03525133430957794,0.058915913105010986,-0.3283437490463257,-0.04052581638097763,0.027535349130630493,0.0339822843670845,0.21410055458545685,0.2576007843017578,0.016852224245667458,0.18091413378715515,0.11250443011522293,0.2048587203025818,0.21836704015731812,0.21892131865024567,0.3589080274105072,0.3360402286052704,0.18844206631183624,0.22627206146717072,152.03807067871094,172.7646484375,176.35623168945312,152.72097778320312,117.6097183227539,173.3380584716797,141.905029296875,108.85945129394531,174.87399291992188,168.21075439453125,167.79742431640625,174.8749542236328,164.1410369873047,174.8745574951172,176.7906036376953,0.5597400665283203,0.5407483577728271,0.00636038975790143,-51.51309585571289,-58.18882369995117,148.4058074951172,0.2576007843017578,152.03806778245269,172.76464161804194,176.3562335098992,152.72097763807824,117.60972135131412,173.33805198834378,141.9050238932914,108.85944900731411,174.87398840701118,168.21076085828005,167.79742281228272,174.87495196014925,164.1410403085238,174.87456332623486,176.79060852996494,-51.51309706018981,-58.188821929770775,148.40581259356458,0.2576007732026388
20251105_002239,kamal,2025-11-05 00:23:39,4,pinch,0.0,0.0,0.0,-0.044300198554992676,-0.02499943971633911,0.006253700703382492,-0.08113524317741394,-0.0781812071800232,0.006920720916241407,-0.1064818799495697,-0.1192203164100647,0.0016774984542280436,-0.12977370619773865,-0.1555665135383606,-0.0045285881496965885,-0.05196499824523926,-0.15661191940307617,0.029210742563009262,-0.07544952630996704,-0.19022375345230103,0.019168585538864136,-0.0992358922958374,-0.1863081157207489,0.006364303641021252,-0.11975115537643433,-0.18134772777557373,-0.002261678222566843,-0.036248207092285156,-0.17879033088684082,0.015409613959491253,-0.06749027967453003,-0.214016854763031,0.0032566480804234743,-0.09361407160758972,-0.19929108023643494,-0.00898873619735241,-0.11163753271102905,-0.18861344456672668,-0.015139983966946602,-0.013487160205841064,-0.19146296381950378,-0.0018600862240418792,-0.024973630905151367,-0.2661111056804657,-0.016797039657831192,-0.039795756340026855,-0.3109022378921509,-0.030967574566602707,-0.051003873348236084,-0.3510250449180603,-0.04027669131755829,0.010448873043060303,-0.19146251678466797,-0.018468497321009636,0.029496073722839355,-0.25100743770599365,-0.02987835742533207,0.04582047462463379,-0.28991633653640747,-0.03666919842362404,0.05858159065246582,-0.326188325881958,-0.04178745299577713,0.02775358408689499,0.03916148841381073,0.2137443572282791,0.2568613290786743,0.016866305842995644,0.17517369985580444,0.11237490177154541,0.20263923704624176,0.21733029186725616,0.2196979522705078,0.3569904565811157,0.3340311646461487,0.18698054552078247,0.22048012912273407,153.4290313720703,172.57188415527344,177.80776977539062,151.06442260742188,118.82574462890625,173.0878143310547,144.45079040527344,106.45718383789062,174.03627014160156,168.38104248046875,169.2007598876953,175.11923217773438,164.7416534423828,174.90660095214844,176.31106567382812,0.5598545670509338,0.5396191477775574,0.004857976455241442,-52.623046875,-59.14997863769531,150.82192993164062,0.2568613290786743,153.42903637397615,172.57187687001704,177.8077770318223,151.0644230024954,118.82574473608074,173.08780670902343,144.45078781381764,106.45718400871942,174.0362753433923,168.38103531599538,169.20076154021433,175.11923060444437,164.74164834401208,174.90660577023763,176.31106257135954,-52.62304578650294,-59.14997840553892,150.8219242483628,0.2568613314698436
20251105_002239,kamal,2025-11-05 00:23:39,4,pinch,0.0,0.0,0.0,-0.044138312339782715,-0.024106502532958984,0.004980188328772783,-0.08130887150764465,-0.07669574022293091,0.005645499099045992,-0.10711106657981873,-0.11731046438217163,0.0007255759555846453,-0.13021200895309448,-0.1542733907699585,-0.004860840272158384,-0.05330735445022583,-0.15487968921661377,0.027989255264401436,-0.0754697322845459,-0.19057950377464294,0.018588760867714882,-0.09733232855796814,-0.18699634075164795,0.006297533866018057,-0.1163574755191803,-0.18301445245742798,-0.0023284698836505413,-0.036986708641052246,-0.1769670844078064,0.014815830625593662,-0.06754469871520996,-0.21215975284576416,0.0018709019059315324,-0.09250637888908386,-0.1989157795906067,-0.010910825803875923,-0.10951822996139526,-0.18945789337158203,-0.01731840707361698,-0.013616025447845459,-0.18991702795028687,-0.0017934892093762755,-0.024759888648986816,-0.2653355002403259,-0.017887745052576065,-0.03875601291656494,-0.31058621406555176,-0.03285416588187218,-0.049503326416015625,-0.35104790329933167,-0.04239128157496452,0.011382639408111572,-0.19038492441177368,-0.017697948962450027,0.030335068702697754,-0.24976757168769836,-0.030297204852104187,0.046269118785858154,-0.28916919231414795,-0.037777043879032135,0.05852103233337402,-0.3263271450996399,-0.04314488545060158,0.0320064015686512,0.04267754405736923,0.215969055891037,0.25824081897735596,0.017691563814878464,0.17418888211250305,0.11081942915916443,0.20193828642368317,0.21688424050807953,0.21951870620250702,0.35704654455184937,0.3343285918235779,0.18522889912128448,0.21825991570949554,153.45518493652344,172.97821044921875,178.4745330810547,154.30441284179688,115.64593505859375,174.43377685546875,144.75778198242188,107.94195556640625,173.79322814941406,167.84385681152344,169.82247924804688,174.7957763671875,164.6089630126953,175.5178680419922,175.68963623046875,0.5614710450172424,0.5392361879348755,0.004662362392991781,-54.768409729003906,-59.661956787109375,151.23973083496094,0.25824081897735596,153.4551816121863,172.97821772603064,178.47453800602892,154.30441101245785,115.64593536259984,174.43377588223942,144.7577803676621,107.94195735139978,173.79322850955074,167.84385703779455,169.82248335635398,174.79577381178612,164.6089573201161,175.51787089994514,175.68963176699924,-54.76841099667118,-59.66195503376881,151.2397280004064,0.2582408245695627
20251105_002239,kamal,2025-11-05 00:23:39,4,pinch,0.0,0.0,0.0,-0.043955862522125244,-0.024565517902374268,0.004570286255329847,-0.08134713768959045,-0.0782809853553772,0.005681745707988739,-0.106047123670578,-0.11882197856903076,0.0014990385388955474,-0.12854307889938354,-0.15586858987808228,-0.003239056095480919,-0.0535125732421875,-0.15604156255722046,0.027826236560940742,-0.07401835918426514,-0.19266551733016968,0.019575249403715134,-0.09475067257881165,-0.18913137912750244,0.008312531746923923,-0.1134246289730072,-0.18666094541549683,-6.0859849327243865e-05,-0.03660494089126587,-0.17674881219863892,0.014670439064502716,-0.0664142370223999,-0.2129729688167572,0.0006550140678882599,-0.09082412719726562,-0.1993139386177063,-0.01309466827660799,-0.10656434297561646,-0.1895916759967804,-0.019986338913440704,-0.012883186340332031,-0.18832936882972717,-0.0018549830419942737,-0.023297905921936035,-0.26482096314430237,-0.019454680383205414,-0.037774860858917236,-0.3110343813896179,-0.03622739762067795,-0.04860067367553711,-0.35330238938331604,-0.046816594898700714,0.013006925582885742,-0.18791073560714722,-0.017464986070990562,0.03258562088012695,-0.24808111786842346,-0.031343333423137665,0.04892462491989136,-0.28752124309539795,-0.040031835436820984,0.06139427423477173,-0.32495665550231934,-0.04626176133751869,0.034450508654117584,0.04359796643257141,0.2174164056777954,0.25791069865226746,0.021276216953992844,0.17572946846485138,0.11358994990587234,0.2020614594221115,0.2184203714132309,0.21840424835681915,0.35968929529190063,0.3339254856109619,0.18481779098510742,0.21731123328208923,153.7449188232422,173.05381774902344,178.7921905517578,156.9013214111328,112.38346099853516,175.37745666503906,145.2826690673828,106.19254302978516,173.8212890625,167.14369201660156,168.8209991455078,173.81410217285156,164.41485595703125,175.5330352783203,175.25331115722656,0.5620737671852112,0.5405186414718628,0.004634994547814131,-55.75017166137695,-60.23591995239258,154.40113830566406,0.25791069865226746,153.74492131975512,173.05382213545965,178.79218335550246,156.90131801863657,112.38345824580601,175.377459115394,145.282662796944,106.19254161744635,173.82128451299994,167.14368774233986,168.82099985696445,173.81410845485715,164.41485354163714,175.5330410673765,175.25330750288262,-55.750171263361764,-60.23592142456168,154.40114202260978,0.2579106922141778
20251105_002239,kamal,2025-11-05 00:23:39,4,pinch,0.0,0.0,0.0,-0.043871521949768066,-0.02481478452682495,0.0033626544754952192,-0.08099636435508728,-0.07889419794082642,0.003867960534989834,-0.10546272993087769,-0.12005406618118286,-0.000734485627617687,-0.12780830264091492,-0.15725910663604736,-0.005739826243370771,-0.05367153882980347,-0.15578585863113403,0.027530431747436523,-0.0736316442489624,-0.19415676593780518,0.018922017887234688,-0.09356886148452759,-0.19226998090744019,0.007249885238707066,-0.11163699626922607,-0.19056525826454163,-0.0013661853736266494,-0.036205828189849854,-0.17639929056167603,0.014842523261904716,-0.06493425369262695,-0.21394193172454834,0.0006163512589409947,-0.08859902620315552,-0.20202383399009705,-0.013497739098966122,-0.1043352484703064,-0.1930311918258667,-0.020610546693205833,-0.012082219123840332,-0.18762308359146118,-0.0013530263677239418,-0.021833062171936035,-0.2647427022457123,-0.01891488768160343,-0.03535729646682739,-0.31158584356307983,-0.03548608347773552,-0.04566711187362671,-0.3543006181716919,-0.045899905264377594,0.014327168464660645,-0.18660852313041687,-0.016789371147751808,0.03456234931945801,-0.2467556595802307,-0.030700769275426865,0.051030755043029785,-0.28650376200675964,-0.03930406644940376,0.06345552206039429,-0.3241334557533264,-0.04539664462208748,0.03728189319372177,0.045296408236026764,0.2172219306230545,0.25690770149230957,0.020730214193463326,0.17346276342868805,0.11321686953306198,0.20272724330425262,0.2208614945411682,0.22038984298706055,0.36016830801963806,0.33339160680770874,0.18205644190311432,0.21437326073646545,153.76663208007812,172.98985290527344,178.87953186035156,157.6121368408203,114.63063049316406,175.15953063964844,146.6532745361328,106.9954833984375,172.839599609375,167.1963348388672,169.52430725097656,174.040771484375,164.2145233154297,176.0289764404297,175.10462951660156,0.5631375908851624,0.542247474193573,0.004845792427659035,-56.904727935791016,-61.147216796875,155.6160125732422,0.25690770149230957,153.766630670817,172.98985603025295,178.87953346614924,157.61213973407152,114.63062855428893,175.15953158020858,146.65327244438612,106.99548014937714,172.83960143501236,167.1963322136586,169.52430463242172,174.04076807707253,164.21452362962046,176.02897086308954,175.10462654225364,-56.90472823522573,-61.14721653158746,155.61601636369434,0.2569076923476817
20251105_002239,kamal,2025-11-05 00:23:39,4,pinch,0.0,0.0,0.0,-0.04325157403945923,-0.025730013847351074,0.002327192574739456,-0.07984235882759094,-0.07724708318710327,0.001130579737946391,-0.10412609577178955,-0.11732739210128784,-0.005311212968081236,-0.12595915794372559,-0.15709340572357178,-0.012173458002507687,-0.05290830135345459,-0.15661859512329102,0.02723858878016472,-0.07338285446166992,-0.1942991018295288,0.017837831750512123,-0.09383392333984375,-0.19345292448997498,0.005486795678734779,-0.1126965582370758,-0.1916225254535675,-0.0034756597597151995,-0.035015106201171875,-0.17700213193893433,0.014469075947999954,-0.06353306770324707,-0.21486639976501465,0.0001747475762385875,-0.08792951703071594,-0.20193618535995483,-0.01375233568251133,-0.10464060306549072,-0.19171664118766785,-0.020751772448420525,-0.010503053665161133,-0.18811067938804626,-0.002049738308414817,-0.01926553249359131,-0.2656365931034088,-0.018950309604406357,-0.03270995616912842,-0.3113059401512146,-0.034402307122945786,-0.04307663440704346,-0.3521089553833008,-0.044300612062215805,0.01625901460647583,-0.18661010265350342,-0.018115466460585594,0.037307024002075195,-0.24543392658233643,-0.03148486465215683,0.05388236045837402,-0.28468191623687744,-0.039486758410930634,0.06631416082382202,-0.32167190313339233,-0.04523856192827225,0.03799747675657272,0.04155522584915161,0.21431922912597656,0.25524187088012695,0.019062301144003868,0.17340809106826782,0.11355016380548477,0.20172317326068878,0.22233259677886963,0.21939818561077118,0.3574896454811096,0.3315371870994568,0.179637148976326,0.21613307297229767,155.84921264648438,172.07823181152344,177.46109008789062,156.17478942871094,118.63391876220703,173.56385803222656,146.73828125,105.34674072265625,172.19415283203125,167.9603271484375,168.80001831054688,174.81790161132812,164.06375122070312,176.54043579101562,175.1815948486328,0.5633737444877625,0.5410282015800476,0.004308199509978294,-56.74653625488281,-60.906768798828125,156.5580596923828,0.25524187088012695,155.84920860107863,172.07823724068712,177.4610888667119,156.1747833682196,118.63391561963265,173.56386133885536,146.7382736276405,105.34673793074249,172.19416027093447,167.96032362667842,168.80001823684938,174.8178946173169,164.06374894911312,176.54043531284225,175.18159898162511,-56.746537563667964,-60.90676839409226,156.55805472499748,0.25524186988102093
20251105_002239,kamal,2025-11-05 00:23:39,4,pinch,0.0,0.0,0.0,-0.04280722141265869,-0.026153743267059326,0.0023328932002186775,-0.07916474342346191,-0.08003699779510498,0.0021028092596679926,-0.10312953591346741,-0.12162542343139648,-0.0031468323431909084,-0.12503057718276978,-0.16052401065826416,-0.008882865309715271,-0.05164414644241333,-0.15748798847198486,0.02665974572300911,-0.07179152965545654,-0.19447296857833862,0.01742304302752018,-0.09191715717315674,-0.1916406750679016,0.0051704710349440575,-0.1103028655052185,-0.18932542204856873,-0.003881045151501894,-0.03364098072052002,-0.17727839946746826,0.0141615504398942,-0.061536312103271484,-0.216129332780838,-0.0004282672598492354,-0.08466404676437378,-0.20431002974510193,-0.014954331330955029,-0.10019993782043457,-0.19487851858139038,-0.022463137283921242,-0.00900334119796753,-0.18774911761283875,-0.0020040462259203196,-0.018968641757965088,-0.2643534541130066,-0.019990382716059685,-0.032901108264923096,-0.3116540312767029,-0.0373225137591362,-0.04352438449859619,-0.35445570945739746,-0.0483139306306839,0.01795351505279541,-0.1863899827003479,-0.017487576231360435,0.0378800630569458,-0.24565470218658447,-0.03159843012690544,0.05483013391494751,-0.28459060192108154,-0.040694549679756165,0.06780898571014404,-0.32090282440185547,-0.04731899872422218,0.03273293375968933,0.0445108599960804,0.2140270322561264,0.25374355912208557,0.021867789328098297,0.1713045835494995,0.11628372967243195,0.20366518199443817,0.21914812922477722,0.22027768194675446,0.36037129163742065,0.3313846290111542,0.18358011543750763,0.21148744225502014,155.2745361328125,172.72930908203125,178.7783966064453,156.12808227539062,113.85953521728516,174.89515686035156,147.33607482910156,105.50912475585938,172.25115966796875,166.6761016845703,169.33445739746094,174.129638671875,165.12838745117188,175.13365173339844,175.54673767089844,0.5635744333267212,0.542029619216919,0.004265620373189449,-57.61214828491211,-62.213985443115234,157.44822692871094,0.25374355912208557,155.27454174462918,172.7293086010259,178.77840419986273,156.12808974445136,113.85953176099014,174.89516379018983,147.3360823919992,105.50912162901034,172.2511668337587,166.67610261725875,169.33446275451166,174.12963400453864,165.12839344469788,175.13364849862245,175.54673210129744,-57.61214778547197,-62.21398581253114,157.44823221188975,0.25374356581950314
20251105_002239,kamal,2025-11-05 00:23:39,4,pinch,0.0,0.0,0.0,-0.042489826679229736,-0.026946187019348145,0.0018860774580389261,-0.07913017272949219,-0.07988554239273071,0.0006164961960166693,-0.10353082418441772,-0.12127816677093506,-0.0056569199077785015,-0.12510213255882263,-0.16157376766204834,-0.012387850321829319,-0.049752771854400635,-0.16028892993927002,0.026050174608826637,-0.06984531879425049,-0.19609785079956055,0.01564405858516693,-0.09112447500228882,-0.19306635856628418,0.002575601451098919,-0.11042261123657227,-0.18922394514083862,-0.006651443894952536,-0.031981706619262695,-0.18064409494400024,0.013590287417173386,-0.06024128198623657,-0.2192051112651825,-0.0006681394297629595,-0.08507117629051208,-0.20680779218673706,-0.014359299093484879,-0.10229867696762085,-0.19732412695884705,-0.021263374015688896,-0.007546901702880859,-0.19085395336151123,-0.0027142155449837446,-0.01680445671081543,-0.2671107053756714,-0.01994217373430729,-0.03146904706954956,-0.313589870929718,-0.03576492890715599,-0.043081045150756836,-0.3552820086479187,-0.04583919048309326,0.018694758415222168,-0.1882692277431488,-0.01855708658695221,0.03919857740402222,-0.24728074669837952,-0.031965408474206924,0.05587548017501831,-0.28620588779449463,-0.04018111526966095,0.06851774454116821,-0.32275137305259705,-0.046170834451913834,0.03182651475071907,0.04332274943590164,0.21300078928470612,0.2541813552379608,0.018577398732304573,0.17047402262687683,0.1162438914179802,0.20471952855587006,0.21918734908103943,0.22328001260757446,0.3608081340789795,0.333158940076828,0.18342803418636322,0.21337907016277313,156.84095764160156,172.44564819335938,177.48248291015625,154.03851318359375,115.27753448486328,173.22743225097656,146.76136779785156,105.74144744873047,172.76876831054688,167.30418395996094,168.47744750976562,174.7694549560547,165.173583984375,175.88986206054688,175.40396118164062,0.5639631748199463,0.5407958030700684,0.003673518542200327,-56.90770721435547,-62.09831619262695,157.76600646972656,0.2541813552379608,156.84095637240043,172.44564715025825,177.48248591949965,154.03850822804617,115.27753495624924,173.22743686225465,146.76137195880017,105.74144373427626,172.76876728916554,167.3041809814001,168.47745015145463,174.7694573135241,165.17358276579566,175.88985584551904,175.40396445191834,-56.90770868981381,-62.098316845848274,157.766010741068,0.2541813668258451
20251105_002239,kamal,2025-11-05 00:23:39,4,pinch,0.0,0.0,0.0,-0.044040799140930176,-0.025831520557403564,0.001726995105855167,-0.08115401864051819,-0.08025729656219482,0.0010384644847363234,-0.1051819920539856,-0.1232377290725708,-0.004564117174595594,-0.126554936170578,-0.16469770669937134,-0.01051346119493246,-0.054096519947052,-0.16141235828399658,0.02601635828614235,-0.07430535554885864,-0.20029297471046448,0.015286612324416637,-0.09567520022392273,-0.1982002854347229,0.0019987814594060183,-0.11441248655319214,-0.19519370794296265,-0.007301863748580217,-0.035300612449645996,-0.1827101707458496,0.013855685479938984,-0.06290572881698608,-0.22160273790359497,-0.0011986226309090853,-0.08770093321800232,-0.20927098393440247,-0.015457581728696823,-0.10403376817703247,-0.19844409823417664,-0.02258869633078575,-0.010381817817687988,-0.1937122344970703,-0.002207336947321892,-0.019698143005371094,-0.2685069441795349,-0.01969696208834648,-0.03427314758300781,-0.31567275524139404,-0.036173004657030106,-0.044973909854888916,-0.35817065834999084,-0.046679168939590454,0.016247153282165527,-0.19227734208106995,-0.017809268087148666,0.03720355033874512,-0.2510634660720825,-0.030927805230021477,0.05417478084564209,-0.28925010561943054,-0.03939308598637581,0.06736469268798828,-0.32496923208236694,-0.04564712569117546,0.03298119828104973,0.042330052703619,0.21306151151657104,0.25402000546455383,0.018760865554213524,0.1719912588596344,0.11714675277471542,0.20797120034694672,0.226371631026268,0.2251962125301361,0.3639887571334839,0.33500248193740845,0.1814766526222229,0.2142842411994934,154.5605010986328,172.22581481933594,177.92630004882812,155.86341857910156,115.6475830078125,173.57118225097656,147.5100860595703,105.62274169921875,170.2681884765625,166.9608917236328,168.9123077392578,174.23072814941406,163.9641571044922,175.72747802734375,175.7907257080078,0.5630667209625244,0.5422605276107788,0.003970764111727476,-58.076202392578125,-61.78810119628906,156.3093719482422,0.25402000546455383,154.56050844692822,172.2258142267224,177.92630092781613,155.86342193161096,115.64757989745793,173.5711892135769,147.51008211914697,105.6227417191181,170.26818688995124,166.96088973987716,168.91230263130217,174.2307225055819,163.96415905532334,175.72747041035504,175.79071831746265,-58.0762025242357,-61.78810240120303,156.30937676427396,0.254019996755398
20251105_002239,kamal,2025-11-05 00:23:39,4,pinch,0.0,0.0,0.0,-0.042420387268066406,-0.02652120590209961,0.0011299740290269256,-0.07873660326004028,-0.07909637689590454,-0.001006426173262298,-0.10189875960350037,-0.12069743871688843,-0.008242087438702583,-0.12342995405197144,-0.16121149063110352,-0.015920206904411316,-0.05150413513183594,-0.16089290380477905,0.025567222386598587,-0.07109260559082031,-0.20118525624275208,0.015612674877047539,-0.09183734655380249,-0.20229437947273254,0.0032990032341331244,-0.11084353923797607,-0.19963788986206055,-0.0055100456811487675,-0.032330989837646484,-0.18059378862380981,0.013004360720515251,-0.05944937467575073,-0.21997985243797302,-0.001990854972973466,-0.08411341905593872,-0.20859754085540771,-0.015855692327022552,-0.1010182797908783,-0.19871681928634644,-0.022701619192957878,-0.006896913051605225,-0.19110682606697083,-0.003437884384766221,-0.015058398246765137,-0.26729077100753784,-0.02015020325779915,-0.02928459644317627,-0.3137994408607483,-0.035348955541849136,-0.040406644344329834,-0.35521239042282104,-0.04527859762310982,0.02105891704559326,-0.18859627842903137,-0.01963949203491211,0.0418243408203125,-0.24723508954048157,-0.03252294659614563,0.05842471122741699,-0.2867269515991211,-0.04043228551745415,0.0709160566329956,-0.3234228491783142,-0.04633728787302971,0.041753772646188736,0.044214483350515366,0.2130519449710846,0.2549668550491333,0.01982257142663002,0.1693350374698639,0.11577754467725754,0.20366038382053375,0.22841177880764008,0.2240723818540573,0.3603591024875641,0.33433303236961365,0.1753462851047516,0.2137092798948288,156.43222045898438,171.31134033203125,178.5986785888672,157.35874938964844,121.16868591308594,168.55349731445312,147.7406005859375,106.27975463867188,170.71617126464844,168.03216552734375,168.32611083984375,175.28164672851562,165.79751586914062,176.53271484375,175.66366577148438,0.5628745555877686,0.5418252944946289,0.00309857539832592,-58.07713317871094,-62.479068756103516,159.10397338867188,0.2549668550491333,156.43221851028937,171.3113435233337,178.59867700863268,157.35875416889542,121.16868703514751,168.5535042647089,147.7406075832175,106.27975353553295,170.71617795131985,168.03217083877635,168.32610327680194,175.28164425202374,165.79751496610825,176.53271802637298,175.6636602561387,-58.077131381186724,-62.479070452020615,159.10396951590974,0.25496685159493204
20251105_002239,kamal,2025-11-05 00:23:39,4,pinch,0.0,0.0,0.0,-0.04219377040863037,-0.026523113250732422,-0.0032676507253199816,-0.07978150248527527,-0.0791136622428894,-0.007519041188061237,-0.10125842690467834,-0.12238788604736328,-0.015814518555998802,-0.11887040734291077,-0.16970306634902954,-0.024015111848711967,-0.05615800619125366,-0.16485297679901123,0.020668717101216316,-0.07261425256729126,-0.20950451493263245,0.009967663325369358,-0.09039938449859619,-0.2113599181175232,-0.0025197428185492754,-0.10663774609565735,-0.20938831567764282,-0.011533754877746105,-0.03391546010971069,-0.18260467052459717,0.010158595629036427,-0.05800241231918335,-0.22348040342330933,-0.006814965978264809,-0.08014735579490662,-0.21191009879112244,-0.021848447620868683,-0.09393206238746643,-0.20035535097122192,-0.02919819951057434,-0.0062354207038879395,-0.19107109308242798,-0.004538596607744694,-0.011822342872619629,-0.2672860026359558,-0.02354268543422222,-0.024358391761779785,-0.314788281917572,-0.040445275604724884,-0.03332442045211792,-0.3568779230117798,-0.051112767308950424,0.024413347244262695,-0.18712884187698364,-0.01906483620405197,0.04620009660720825,-0.24712228775024414,-0.03428858146071434,0.06407636404037476,-0.28601741790771484,-0.04378414526581764,0.07838976383209229,-0.32193267345428467,-0.05045667290687561,0.043362900614738464,0.039854083210229874,0.20757366716861725,0.2505685091018677,0.02355974167585373,0.1692715287208557,0.11705408990383148,0.20858098566532135,0.23526178300380707,0.2231995314359665,0.3620564639568329,0.3351588845252991,0.1693945825099945,0.2119617462158203,157.75634765625,169.1179962158203,174.0804443359375,160.50732421875,118.59457397460938,167.5081787109375,149.89718627929688,102.40451049804688,165.87008666992188,167.1871337890625,168.67535400390625,174.28749084472656,165.48301696777344,175.3065643310547,176.02780151367188,0.5621761083602905,0.5428698062896729,0.001444563502445817,-63.749908447265625,-63.851036071777344,164.54527282714844,0.2505685091018677,157.75635462630842,169.11799053608493,174.08044566756544,160.5073205843588,118.59457657629272,167.50818371565356,149.89718895601143,102.4045136527406,165.87008027655406,167.187140691959,168.67535681588666,174.28748994681047,165.48302041122,175.30656401962017,176.02780749814406,-63.74990854174063,-63.85103524319408,164.54527474793173,0.2505685226891128
20251105_002239,kamal,2025-11-05 00:23:39,4,pinch,0.0,0.0,0.0,-0.041178762912750244,-0.03131759166717529,-0.0038050797302275896,-0.07702088356018066,-0.0831792950630188,-0.009705143980681896,-0.09562182426452637,-0.12796467542648315,-0.019656499847769737,-0.10735785961151123,-0.17652738094329834,-0.02921469137072563,-0.05622035264968872,-0.17048555612564087,0.018344715237617493,-0.06870102882385254,-0.2170332968235016,0.00406049145385623,-0.08228787779808044,-0.21049734950065613,-0.010787861421704292,-0.09345006942749023,-0.19869360327720642,-0.020200299099087715,-0.02994251251220703,-0.18800657987594604,0.007877874188125134,-0.049189209938049316,-0.23089998960494995,-0.007410784251987934,-0.07212817668914795,-0.22006934881210327,-0.022019600495696068,-0.0865599513053894,-0.21171772480010986,-0.0296779815107584,0.002258121967315674,-0.19408583641052246,-0.007109532132744789,0.0005004405975341797,-0.2742536664009094,-0.025827528908848763,-0.009988605976104736,-0.32205837965011597,-0.04322242736816406,-0.01737189292907715,-0.36431849002838135,-0.05457765981554985,0.03639686107635498,-0.18565696477890015,-0.021869927644729614,0.0624312162399292,-0.2439289689064026,-0.03805195912718773,0.08303779363632202,-0.2804252505302429,-0.047823142260313034,0.09996092319488525,-0.3140241503715515,-0.0544508658349514,0.027677198871970177,0.04087943211197853,0.20977668464183807,0.25004661083221436,0.017519358545541763,0.16939295828342438,0.12765784561634064,0.20866510272026062,0.2204996943473816,0.23064649105072021,0.368793249130249,0.334018349647522,0.18547585606575012,0.21417361497879028,161.9303436279297,166.50978088378906,171.16943359375,157.42637634277344,94.17498016357422,158.07192993164062,154.75587463378906,97.95510864257812,173.23191833496094,168.79576110839844,167.55136108398438,174.70677185058594,165.13368225097656,174.66082763671875,175.88990783691406,0.5635920763015747,0.5372821688652039,-0.0005515766679309309,-66.52938079833984,-66.62555694580078,170.69712829589844,0.25004661083221436,161.9303391427564,166.5097804763105,171.1694365048632,157.42636931594865,94.1749788221122,158.07193718332226,154.7558712210226,97.955107980042,173.23191595794748,168.7957654992473,167.55135450409344,174.706768578807,165.13368141332128,174.66082655086015,175.88990041256557,-66.5293843652623,-66.62555990591127,170.6971331965388,0.2500466030865222
20251105_002239,kamal,2025-11-05 00:23:39,4,pinch,0.0,0.0,0.0,-0.03681385517120361,-0.033734261989593506,1.478072863392299e-05,-0.07140743732452393,-0.08971655368804932,-0.004955739248543978,-0.08970388770103455,-0.13405197858810425,-0.015050111338496208,-0.08961093425750732,-0.17799443006515503,-0.025388482958078384,-0.04330241680145264,-0.17568117380142212,0.020802831277251244,-0.05202007293701172,-0.22343605756759644,0.008264338597655296,-0.06705725193023682,-0.20998543500900269,-0.005638399161398411,-0.08016201853752136,-0.19451496005058289,-0.015565542504191399,-0.015433192253112793,-0.18832260370254517,0.006790935527533293,-0.033680498600006104,-0.2330402433872223,-0.013453563675284386,-0.058730125427246094,-0.21016058325767517,-0.03185651823878288,-0.07300907373428345,-0.1899416744709015,-0.04052967205643654,0.016652047634124756,-0.19007325172424316,-0.01106569729745388,0.019505739212036133,-0.2709614634513855,-0.03403516486287117,0.011800944805145264,-0.3229217231273651,-0.057144977152347565,0.006434321403503418,-0.3681575059890747,-0.07174859941005707,0.049092233180999756,-0.17801839113235474,-0.027765410020947456,0.08208966255187988,-0.23381710052490234,-0.04667399823665619,0.10898876190185547,-0.2674351930618286,-0.059031613171100616,0.13034772872924805,-0.29727524518966675,-0.0677957683801651,0.02141728438436985,0.025448262691497803,0.21802739799022675,0.2537875175476074,0.02636830136179924,0.1976025253534317,0.14280915260314941,0.20088979601860046,0.21096043288707733,0.20748691260814667,0.37513890862464905,0.33160123229026794,0.20200790464878082,0.23155544698238373,163.64361572265625,168.097412109375,157.9591827392578,158.67431640625,74.0814208984375,169.11337280273438,149.8891143798828,84.50701904296875,165.4646759033203,167.13577270507812,167.390625,173.82762145996094,163.30133056640625,172.24826049804688,176.06460571289062,0.5743172764778137,0.5358971953392029,-0.002247770316898823,-62.27085494995117,-66.2681884765625,178.5509490966797,0.2537875175476074,163.64361840854738,168.09741870518232,157.95918882009644,158.67431082408143,74.08142169362242,169.11336578921555,149.88911070830227,84.50701851117739,165.46467534219306,167.1357791465561,167.390625281057,173.82762118879154,163.3013312885959,172.24826030629492,176.06460672583734,-62.27085648809823,-66.2681908505889,178.5509535646996,0.2537875183150626
20251105_002239,kamal,2025-11-05 00:23:39,4,pinch,0.0,0.0,0.0,-0.03515046834945679,-0.035484254360198975,-0.0010887249372899532,-0.06280970573425293,-0.09568661451339722,-0.007232957053929567,-0.07317739725112915,-0.14166247844696045,-0.018916718661785126,-0.06403511762619019,-0.18249520659446716,-0.03078523837029934,-0.0382157564163208,-0.18030399084091187,0.017085587605834007,-0.04785025119781494,-0.23317202925682068,0.0005099346744827926,-0.06570541858673096,-0.2112404704093933,-0.01578107848763466,-0.07918953895568848,-0.1846272051334381,-0.025822782889008522,-0.009823858737945557,-0.19223681092262268,0.0033999227453023195,-0.022943556308746338,-0.23981839418411255,-0.01993318274617195,-0.04745680093765259,-0.21723464131355286,-0.0400928370654583,-0.06122320890426636,-0.1944248080253601,-0.04894306883215904,0.02230459451675415,-0.19175833463668823,-0.014168831519782543,0.030117690563201904,-0.27271127700805664,-0.03790070116519928,0.02312988042831421,-0.32379674911499023,-0.061832066625356674,0.01943153142929077,-0.365293025970459,-0.07650860399007797,0.05256706476211548,-0.1778794527053833,-0.03076802007853985,0.08883947134017944,-0.22937163710594177,-0.04957723617553711,0.11790996789932251,-0.2609402537345886,-0.06224905699491501,0.14257949590682983,-0.2877294421195984,-0.07076191902160645,0.016088128089904785,0.02190728485584259,0.20608821511268616,0.2352912575006485,0.03087603859603405,0.19094762206077576,0.145652174949646,0.19583852589130402,0.20254629850387573,0.20962993800640106,0.37372469902038574,0.3288227319717407,0.21197949349880219,0.22520515322685242,159.5782470703125,165.39425659179688,155.46139526367188,157.50311279296875,66.9912109375,164.08726501464844,151.04348754882812,82.36418914794922,160.52821350097656,167.88018798828125,164.86563110351562,173.9683380126953,160.4250030517578,172.82843017578125,176.70562744140625,0.5834332704544067,0.5318803787231445,-0.004890612792223692,-62.20530700683594,-68.04331970214844,-178.4701690673828,0.24865861237049103,159.57824809272824,165.39425043725737,155.46138788423542,157.50310800267806,66.9912079586426,164.08727113019296,151.04349107424648,82.3641903396033,160.52821117386222,167.880182549721,164.86563116155966,173.9683311793877,160.4250007511923,172.82842476283065,176.70563003434523,-62.20530572253436,-68.04331591737525,-178.47016441680893,0.24865860508805251
20251105_002239,kamal,2025-11-05 00:23:39,4,pinch,0.0,0.0,0.0,-0.03766220808029175,-0.035573482513427734,-0.0010719526326283813,-0.062031447887420654,-0.0962984561920166,-0.008303960785269737,-0.07012861967086792,-0.14687979221343994,-0.02155972644686699,-0.05668753385543823,-0.18858173489570618,-0.035615622997283936,-0.04502582550048828,-0.17688137292861938,0.02077115699648857,-0.05586600303649902,-0.21890881657600403,0.003490288509055972,-0.0690121054649353,-0.20545551180839539,-0.0135000329464674,-0.07927876710891724,-0.18676432967185974,-0.023646067827939987,-0.015132009983062744,-0.1918545365333557,0.006923403590917587,-0.024583280086517334,-0.2413814663887024,-0.013573207892477512,-0.041136205196380615,-0.22547030448913574,-0.032030139118433,-0.05324506759643555,-0.21113157272338867,-0.04033273458480835,0.019231557846069336,-0.19442212581634521,-0.011110813356935978,0.024617671966552734,-0.2757265269756317,-0.03396625444293022,0.018533289432525635,-0.329558402299881,-0.056905508041381836,0.013522982597351074,-0.37626582384109497,-0.07119310647249222,0.05140727758407593,-0.1834472417831421,-0.028327152132987976,0.08797919750213623,-0.23250654339790344,-0.04587005451321602,0.117154061794281,-0.2617097496986389,-0.05754157900810242,0.14054250717163086,-0.2862270474433899,-0.06584382802248001,0.025630783289670944,0.023293709382414818,0.2035204917192459,0.22214418649673462,0.03936954215168953,0.18077515065670013,0.1557868868112564,0.20011252164840698,0.20426741242408752,0.2214459478855133,0.38318049907684326,0.32559719681739807,0.21629540622234344,0.20938904583454132,154.76895141601562,165.00936889648438,153.92030334472656,151.79708862304688,83.73145294189453,158.9922637939453,155.0482635498047,80.91107177734375,164.2371368408203,167.45223999023438,167.90951538085938,173.95989990234375,158.11134338378906,172.04469299316406,177.6082000732422,0.5877240300178528,0.5321294069290161,-0.002348933834582567,-63.017364501953125,-72.44400024414062,176.1049041748047,0.24493850767612457,154.76895360526035,165.0093634833164,153.92030928176297,151.79709612015364,83.73145623627205,158.99227094834058,155.0482614922486,80.9110717735383,164.23713171301384,167.45224098447395,167.90951859208454,173.95989276037744,158.11134323536655,172.04468974655228,177.60820349238182,-63.01736568435371,-72.44400293463262,176.1048971384847,0.2449385143628068
20251105_002239,kamal,2025-11-05 00:23:39,4,pinch,0.0,0.0,0.0,-0.03801769018173218,-0.03770393133163452,-0.0025408349465578794,-0.06213921308517456,-0.09559619426727295,-0.010730593465268612,-0.07173162698745728,-0.1436670422554016,-0.024766067042946815,-0.06449741125106812,-0.18304061889648438,-0.03896350413560867,-0.04108238220214844,-0.17759087681770325,0.019524140283465385,-0.051206350326538086,-0.2250332534313202,0.0003844105522148311,-0.06561213731765747,-0.19865819811820984,-0.01614743284881115,-0.06985557079315186,-0.16720247268676758,-0.025343751534819603,-0.012469589710235596,-0.19109836220741272,0.005915515590459108,-0.021646499633789062,-0.24930542707443237,-0.020044580101966858,-0.04127722978591919,-0.2233923077583313,-0.03942926973104477,-0.049837350845336914,-0.1995435357093811,-0.045943886041641235,0.019820213317871094,-0.19267863035202026,-0.012335846200585365,0.02493107318878174,-0.2759576737880707,-0.037445537745952606,0.01826268434524536,-0.32876554131507874,-0.061566587537527084,0.01581132411956787,-0.3738545775413513,-0.0753471702337265,0.05055457353591919,-0.18127456307411194,-0.02984846755862236,0.08579438924789429,-0.23197290301322937,-0.04753848537802696,0.11396950483322144,-0.2618677318096161,-0.060008421540260315,0.13741612434387207,-0.28691723942756653,-0.06843023002147675,0.021565120667219162,0.023151444271206856,0.2101980745792389,0.2289709895849228,0.043255507946014404,0.18856999278068542,0.1496451497077942,0.1979442834854126,0.18297205865383148,0.21074208617210388,0.38169941306114197,0.3254034221172333,0.22922532260417938,0.20785491168498993,156.98880004882812,166.00672912597656,159.0502166748047,152.3380584716797,63.824859619140625,156.9279327392578,153.95399475097656,70.215576171875,157.11695861816406,166.69155883789062,167.41046142578125,171.66622924804688,159.99769592285156,171.79763793945312,176.89859008789062,0.5945726037025452,0.518115758895874,-0.0033491889480501413,-61.68488311767578,-71.23774719238281,177.69802856445312,0.2432069629430771,156.98880011697491,166.00672957248784,159.0502204184246,152.33805343588278,63.82485943611804,156.92793246302708,153.95398845544315,70.2155774904326,157.1169581118553,166.69156378726507,167.41046007187273,171.66623344652805,159.99769558055067,171.79763341439684,176.89859120813048,-61.684882911779546,-71.23774736881059,177.69802368505674,0.24320696110551554
20251105_002239,kamal,2025-11-05 00:23:39,4,pinch,0.0,0.0,0.0,-0.046024203300476074,-0.032911479473114014,-0.005039822775870562,-0.07731938362121582,-0.09761166572570801,-0.015376615338027477,-0.08516901731491089,-0.15883895754814148,-0.03162224218249321,-0.06396269798278809,-0.20014750957489014,-0.04714208096265793,-0.05626070499420166,-0.17489919066429138,0.020703379064798355,-0.07509356737136841,-0.2237393856048584,-0.00039840120007283986,-0.081013023853302,-0.19423913955688477,-0.018269294872879982,-0.07874459028244019,-0.16610094904899597,-0.027649814262986183,-0.026583969593048096,-0.19081071019172668,0.008538304828107357,-0.04000592231750488,-0.24497154355049133,-0.0154695650562644,-0.04866945743560791,-0.21668162941932678,-0.03240051865577698,-0.05062955617904663,-0.20373094081878662,-0.03672255948185921,0.007900476455688477,-0.19596290588378906,-0.008831534534692764,0.0026025772094726562,-0.2805647850036621,-0.03246521204710007,-0.0036305785179138184,-0.3321121037006378,-0.05208892747759819,-0.005778849124908447,-0.3829084038734436,-0.06225639954209328,0.042274534702301025,-0.18734043836593628,-0.026051610708236694,0.07396793365478516,-0.24148207902908325,-0.041287705302238464,0.10206872224807739,-0.26642051339149475,-0.049155112355947495,0.12564200162887573,-0.28754132986068726,-0.05355226993560791,0.041923992335796356,0.017296822741627693,0.1923937350511551,0.2088748663663864,0.047841258347034454,0.1864621341228485,0.1626102179288864,0.21534304320812225,0.1858890801668167,0.21311545372009277,0.38797950744628906,0.31832966208457947,0.23135921359062195,0.19590580463409424,151.41253662109375,160.72561645507812,146.79786682128906,151.4363250732422,61.1767578125,160.9990997314453,153.53140258789062,60.82426071166992,166.1612091064453,165.76254272460938,173.9867401123047,169.67063903808594,161.7029571533203,162.2866973876953,176.07257080078125,0.6040986776351929,0.5063284635543823,-0.001128527452237904,-64.61565399169922,-72.9335708618164,172.80380249023438,0.23914970457553864,151.4125316440294,160.72561334001603,146.7978723978966,151.43632293913745,61.176759127508625,160.9991023736021,153.53140773159637,60.82426143895975,166.161208976364,165.76253975873044,173.98674413248764,169.67064492946218,161.70295796140866,162.28670101538341,176.07256481419532,-64.61565125434637,-72.9335723744725,172.80380481608276,0.23914970678360348
20251105_002239,kamal,2025-11-05 00:23:39,4,pinch,0.0,0.0,0.0,-0.04400002956390381,-0.03539079427719116,-0.00864502415060997,-0.0725051760673523,-0.09706878662109375,-0.018975935876369476,-0.08106839656829834,-0.15710222721099854,-0.034091755747795105,-0.06388628482818604,-0.20397105813026428,-0.04778682440519333,-0.05228781700134277,-0.1764715313911438,0.013585580512881279,-0.0658232569694519,-0.22455936670303345,-0.013085001148283482,-0.06952553987503052,-0.21431878209114075,-0.03595827519893646,-0.0637432336807251,-0.18917250633239746,-0.04583806172013283,-0.02444279193878174,-0.19745349884033203,0.005120023153722286,-0.026566386222839355,-0.28133052587509155,-0.0022367408964782953,-0.025587797164916992,-0.3333817720413208,-0.010883249342441559,-0.02134883403778076,-0.38264742493629456,-0.016267579048871994,0.00981837511062622,-0.20035326480865479,-0.00965530052781105,0.010298848152160645,-0.2867162823677063,-0.024959521368145943,0.010246694087982178,-0.34667009115219116,-0.038020059466362,0.012733161449432373,-0.3937509059906006,-0.04576873034238815,0.04802978038787842,-0.18550258874893188,-0.025748979300260544,0.08082044124603271,-0.24275720119476318,-0.0392373725771904,0.10751426219940186,-0.27524369955062866,-0.04428265243768692,0.13095104694366455,-0.2966103255748749,-0.046365536749362946,0.014926997944712639,0.1863548755645752,0.2046729177236557,0.21574439108371735,0.20026043057441711,0.04642399773001671,0.15301018953323364,0.21901878714561462,0.20481836795806885,0.38358762860298157,0.3966064751148224,0.32752957940101624,0.21840550005435944,0.17749232053756714,153.92257690429688,162.7936553955078,152.65576171875,147.67295837402344,96.71329498291016,131.31402587890625,171.43116760253906,174.9193878173828,175.01844787597656,172.3001251220703,177.73004150390625,175.77508544921875,164.4374542236328,169.41146850585938,171.23904418945312,0.6171924471855164,0.48656949400901794,-0.003339433576911688,-68.58983612060547,-85.98761749267578,174.8558349609375,0.22237136960029602,153.92257846063742,162.79365026385895,152.6557616530748,147.6729602154331,96.71329283192395,131.31403264924154,171.4311700496734,174.9193914213254,175.01844262683673,172.300131794192,177.73004403913092,175.77508402764124,164.437450274628,169.4114655866018,171.23904866547397,-68.58983903524887,-85.98762041763572,174.8558339684371,0.22237136987781114
20251105_002239,kamal,2025-11-05 00:23:39,4,pinch,0.0,0.0,0.0,-0.044398486614227295,-0.03198683261871338,-0.003218346508219838,-0.07368862628936768,-0.09782004356384277,-0.009510187432169914,-0.08073008060455322,-0.15966889262199402,-0.02157757245004177,-0.06758934259414673,-0.20706459879875183,-0.03271183371543884,-0.04951930046081543,-0.1878698170185089,0.02109420858323574,-0.05567288398742676,-0.2520469129085541,0.001196765573695302,-0.06447345018386841,-0.24055317044258118,-0.01511453464627266,-0.06649285554885864,-0.21445173025131226,-0.02292652241885662,-0.01877570152282715,-0.20335757732391357,0.009263088926672935,-0.03071451187133789,-0.26639676094055176,-0.01069897972047329,-0.047126948833465576,-0.25836896896362305,-0.025942495092749596,-0.05590122938156128,-0.25046125054359436,-0.03038679249584675,0.016556739807128906,-0.20618662238121033,-0.0074748448096215725,0.0175054669380188,-0.2920474112033844,-0.028269672766327858,0.010361671447753906,-0.34616363048553467,-0.04682723432779312,0.005187034606933594,-0.39295798540115356,-0.05693306028842926,0.05106329917907715,-0.19341275095939636,-0.024282852187752724,0.08461487293243408,-0.2493569254875183,-0.04128088057041168,0.11107838153839111,-0.28188204765319824,-0.051379986107349396,0.1350245475769043,-0.30964553356170654,-0.056823063641786575,0.012309519574046135,0.04500319063663483,0.2010955512523651,0.22837816178798676,0.03826909512281418,0.15729525685310364,0.15426845848560333,0.22025923430919647,0.22569109499454498,0.2584165930747986,0.3970947563648224,0.34255048632621765,0.19534312188625336,0.2016291320323944,149.7953643798828,161.68511962890625,158.41098022460938,154.91192626953125,75.88175201416016,138.34927368164062,159.40643310546875,89.7911376953125,156.42709350585938,167.8104705810547,170.6245574951172,173.237060546875,162.3734130859375,171.99461364746094,174.6527099609375,0.635180652141571,0.4673807919025421,-0.0002802451199386269,-65.71784973144531,-75.74629974365234,176.84571838378906,0.22837816178798676,149.7953635258044,161.68512173901792,158.41098766350188,154.9119226153795,75.88175341007488,138.3492771640801,159.406435090549,89.7911346902503,156.42708633199,167.81047605716162,170.62455190886817,173.2370633665444,162.3734077544482,171.9946131852574,174.65271002663312,-65.71785222761032,-75.74629609961835,176.84571869930943,0.2283781689996868
20251105_002239,kamal,2025-11-05 00:23:39,4,pinch,0.0,0.0,0.0,-0.03993862867355347,-0.03424859046936035,-0.005363769363611937,-0.06574338674545288,-0.10268056392669678,-0.01426977850496769,-0.07263815402984619,-0.16111093759536743,-0.028082983568310738,-0.0610048770904541,-0.21401020884513855,-0.041594769805669785,-0.04061698913574219,-0.19912374019622803,0.01850116439163685,-0.04618704319000244,-0.25293493270874023,-0.0010749094653874636,-0.05867129564285278,-0.23271411657333374,-0.018774308264255524,-0.06474852561950684,-0.20491242408752441,-0.028956806287169456,-0.010651588439941406,-0.21287646889686584,0.005458602216094732,-0.01730024814605713,-0.278298556804657,-0.020373601466417313,-0.03701937198638916,-0.25744491815567017,-0.041022222489118576,-0.04810065031051636,-0.23421943187713623,-0.0484531931579113,0.02106708288192749,-0.21117910742759705,-0.012470581568777561,0.03043055534362793,-0.2995988726615906,-0.03771268203854561,0.022283434867858887,-0.35685381293296814,-0.06311382353305817,0.016753435134887695,-0.40568941831588745,-0.07831992208957672,0.05054116249084473,-0.19335666298866272,-0.029897360131144524,0.08852314949035645,-0.24823671579360962,-0.0493270643055439,0.1184043288230896,-0.28182801604270935,-0.06350170820951462,0.14357590675354004,-0.31047701835632324,-0.07320532947778702,0.016015702858567238,0.024939320981502533,0.21008573472499847,0.22838206589221954,0.03893791884183884,0.1857418566942215,0.1586678922176361,0.22638924419879913,0.21684089303016663,0.2439674735069275,0.4135197699069977,0.3498128652572632,0.2222401648759842,0.20776860415935516,151.43507385253906,164.92672729492188,161.39273071289062,154.30392456054688,66.78105163574219,156.01455688476562,156.9071502685547,73.73140716552734,154.7139434814453,167.50929260253906,164.55738830566406,173.3014678955078,158.97865295410156,173.2126007080078,176.75833129882812,0.6462181210517883,0.4496228098869324,-0.003681845497339964,-62.03486251831055,-73.74874114990234,-176.38003540039062,0.23769915103912354,151.43507954625508,164.92673216443808,161.392729016813,154.30392340773446,66.78105166546653,156.0145614709958,156.9071566544557,73.73140968621937,154.71394637134745,167.50928515966712,164.5573951941617,173.30146923051913,158.97864783971886,173.21260577745142,176.75833489530154,-62.03486184269941,-73.7487382674395,-176.3800340303307,0.23769914666737937
20251105_002239,kamal,2025-11-05 00:23:39,4,pinch,0.0,0.0,0.0,-0.040547072887420654,-0.04020547866821289,-0.006728245411068201,-0.06098049879074097,-0.11309942603111267,-0.017207510769367218,-0.06483709812164307,-0.1759088933467865,-0.03303206339478493,-0.056173622608184814,-0.23067551851272583,-0.048232462257146835,-0.047219812870025635,-0.2026619017124176,0.018737224861979485,-0.0501173734664917,-0.26169177889823914,-0.006652938202023506,-0.052174389362335205,-0.24226021766662598,-0.029617546126246452,-0.05160355567932129,-0.20905113220214844,-0.04144645109772682,-0.014266490936279297,-0.2169213593006134,0.006055423524230719,-0.014750957489013672,-0.2865331768989563,-0.02121610939502716,-0.024141371250152588,-0.2729561924934387,-0.043689630925655365,-0.03130173683166504,-0.25756603479385376,-0.05188639834523201,0.020485877990722656,-0.21577098965644836,-0.012041370384395123,0.03172832727432251,-0.30849170684814453,-0.03690735995769501,0.033197760581970215,-0.3691563606262207,-0.06090783700346947,0.03366059064865112,-0.42396435141563416,-0.07480104267597198,0.05229008197784424,-0.19697287678718567,-0.030165350064635277,0.0950738787651062,-0.25477135181427,-0.04873036965727806,0.1291484236717224,-0.28824377059936523,-0.06081753224134445,0.1568276286125183,-0.3175657093524933,-0.06846566498279572,0.023120326921343803,0.036811165511608124,0.21479442715644836,0.23093034327030182,0.05361764878034592,0.18009327352046967,0.16288317739963531,0.2422664612531662,0.21927861869335175,0.2645983099937439,0.4318263530731201,0.3607359528541565,0.2336026430130005,0.19816026091575623,150.63951110839844,166.55239868164062,167.8486785888672,149.87539672851562,73.27973175048828,149.4752960205078,156.7771759033203,80.95702362060547,151.15249633789062,168.1801300048828,171.51449584960938,172.59432983398438,157.9560546875,171.27549743652344,175.94606018066406,0.6515498757362366,0.4444979131221771,-0.0034829583019018173,-63.828914642333984,-76.76090240478516,-176.72793579101562,0.2365354299545288,150.6395118193911,166.55240514132413,167.8486827266953,149.8754034370833,73.27972967876761,149.4752888551137,156.77718294932805,80.95702479021769,151.15250254766826,168.1801336041628,171.51449796736802,172.59433423820167,157.95604850847388,171.27549429018134,175.94605668823337,-63.82891505167589,-76.76090615192768,-176.72793654916447,0.2365354302363078
20251105_002239,kamal,2025-11-05 00:23:39,4,pinch,0.0,0.0,0.0,-0.040533363819122314,-0.04147583246231079,-0.007562491111457348,-0.06120425462722778,-0.11259767413139343,-0.019409945234656334,-0.06257963180541992,-0.17551857233047485,-0.036355968564748764,-0.05107879638671875,-0.23187565803527832,-0.05321444943547249,-0.04435765743255615,-0.20453110337257385,0.015386330895125866,-0.05015861988067627,-0.267746239900589,-0.01157395914196968,-0.05360102653503418,-0.25459206104278564,-0.035449981689453125,-0.05370473861694336,-0.22493785619735718,-0.04814804717898369,-0.009730339050292969,-0.21992716193199158,0.0029754741117358208,-0.010936498641967773,-0.289811372756958,-0.02630026265978813,-0.021254301071166992,-0.2737339437007904,-0.05027993023395538,-0.029600560665130615,-0.25344038009643555,-0.05964892357587814,0.026381850242614746,-0.2188759744167328,-0.014759648591279984,0.037433743476867676,-0.3152034878730774,-0.04072266444563866,0.03847348690032959,-0.3777620792388916,-0.06642553955316544,0.03783130645751953,-0.43224164843559265,-0.08203545957803726,0.05791902542114258,-0.19991058111190796,-0.03236887976527214,0.10143601894378662,-0.2559114992618561,-0.05184996500611305,0.1341705322265625,-0.29250919818878174,-0.06579975038766861,0.1610473394393921,-0.32555145025253296,-0.07522355020046234,0.008983156643807888,0.03110875003039837,0.22109316289424896,0.23293143510818481,0.039059896022081375,0.19240090250968933,0.163129985332489,0.24332517385482788,0.236219123005867,0.26204240322113037,0.4415811002254486,0.37091585993766785,0.22913329303264618,0.20442406833171844,152.11378479003906,164.209716796875,167.628173828125,151.94078063964844,84.91777038574219,141.4945831298828,156.4508819580078,79.8582534790039,150.56105041503906,168.83499145507812,170.94805908203125,173.47091674804688,157.82806396484375,176.15240478515625,175.72999572753906,0.6593985557556152,0.4352368116378784,-0.005753485951572657,-64.97110748291016,-75.27867126464844,-177.413330078125,0.23869359493255615,152.11378907641426,164.20971309775314,167.62816694353347,151.94077383357356,84.91776977813608,141.49458183939336,156.45088794718515,79.85825151452859,150.56104390071633,168.83499039806787,170.94806634657328,173.47092133927114,157.8280678651448,176.1524022998798,175.7299882163796,-64.97110436148688,-75.27866962487239,-177.413324944069,0.2386935969021377
20251105_002239,kamal,2025-11-05 00:23:39,4,pinch,0.0,0.0,0.0,-0.04435551166534424,-0.0383262038230896,-0.011006049811840057,-0.0667656660079956,-0.10974910855293274,-0.02331327646970749,-0.0698961615562439,-0.17557311058044434,-0.03976159915328026,-0.057337820529937744,-0.23606553673744202,-0.05474970117211342,-0.05491828918457031,-0.21239477396011353,0.01551027875393629,-0.06281387805938721,-0.2774944007396698,-0.013505658134818077,-0.06282210350036621,-0.2550429105758667,-0.03883407264947891,-0.05692899227142334,-0.219059020280838,-0.052435778081417084,-0.016686975955963135,-0.22930890321731567,0.0043450347147881985,-0.01902782917022705,-0.3079904019832611,-0.02756885066628456,-0.02492678165435791,-0.28788161277770996,-0.052373554557561874,-0.028905928134918213,-0.2608739733695984,-0.06185154616832733,0.02131044864654541,-0.22745007276535034,-0.012998158112168312,0.02897101640701294,-0.3237963318824768,-0.03999997302889824,0.02893918752670288,-0.3846500813961029,-0.06531701982021332,0.029116034507751465,-0.43849626183509827,-0.08042319118976593,0.05646038055419922,-0.20622360706329346,-0.030696053057909012,0.09737288951873779,-0.2645631432533264,-0.04880218580365181,0.12904250621795654,-0.3004879951477051,-0.062355246394872665,0.15431350469589233,-0.33252668380737305,-0.07210007309913635,0.017168080434203148,0.038396187126636505,0.2216113656759262,0.23324251174926758,0.05120975524187088,0.1877794712781906,0.16423529386520386,0.24902227520942688,0.2323300987482071,0.26965978741645813,0.4467601180076599,0.37361085414886475,0.2373599410057068,0.1969987452030182,148.71653747558594,164.87144470214844,165.96470642089844,151.12680053710938,72.58065032958984,151.0248565673828,156.72433471679688,73.64283752441406,148.68406677246094,167.6219024658203,171.79127502441406,173.07899475097656,159.7251434326172,173.6699676513672,176.1519317626953,0.6611708402633667,0.4292911887168884,-0.004767941311001778,-67.46849060058594,-75.33417510986328,-176.82864379882812,0.24059298634529114,148.7165433892925,164.87143833325175,165.9647127094972,151.12679418197158,72.58065090129307,151.02486078967885,156.7243325847258,73.64283682731852,148.68406494562387,167.62190669142913,171.7912719078217,173.07899650383933,159.72514373803227,173.66996906455404,176.15193583045115,-67.46849067424019,-75.33417180757468,-176.82865075206854,0.24059299207626905
20251105_002239,kamal,2025-11-05 00:23:39,4,pinch,0.0,0.0,0.0,-0.04284060001373291,-0.03979724645614624,-0.008843326941132545,-0.0656091570854187,-0.11745667457580566,-0.017907731235027313,-0.07077616453170776,-0.18472474813461304,-0.03174687922000885,-0.06715291738510132,-0.24849152565002441,-0.0447763092815876,-0.05784642696380615,-0.2177811563014984,0.021581169217824936,-0.0700191855430603,-0.28222450613975525,-0.003738854778930545,-0.0708422064781189,-0.26539450883865356,-0.028164226561784744,-0.0677219033241272,-0.23586001992225647,-0.04166123643517494,-0.02025848627090454,-0.23694980144500732,0.00975264422595501,-0.02234184741973877,-0.3123461604118347,-0.01799149066209793,-0.02843642234802246,-0.300536572933197,-0.043439291417598724,-0.034769296646118164,-0.2792670726776123,-0.05429287254810333,0.01820194721221924,-0.2377752661705017,-0.007983473129570484,0.025312364101409912,-0.3346143066883087,-0.03330611810088158,0.02254951000213623,-0.3977341651916504,-0.05985872820019722,0.018901288509368896,-0.4533672630786896,-0.07610656321048737,0.05341053009033203,-0.2191363275051117,-0.025936508551239967,0.09474915266036987,-0.2784806787967682,-0.0444943904876709,0.12567049264907837,-0.3160577714443207,-0.05843878164887428,0.1498226523399353,-0.3488979935646057,-0.06815865635871887,0.013022379018366337,0.04567710682749748,0.22441251575946808,0.24022196233272552,0.05594287067651749,0.18348635733127594,0.1676824390888214,0.2612708806991577,0.24890130758285522,0.28661248087882996,0.4600992798805237,0.3857748508453369,0.2366420477628708,0.19777490198612213,149.422607421875,167.10791015625,172.51051330566406,153.10443115234375,77.37055206298828,148.36431884765625,157.22445678710938,85.73279571533203,142.9413604736328,167.29957580566406,169.64920043945312,173.34776306152344,157.785400390625,175.29141235351562,176.0321044921875,0.6612517833709717,0.42596834897994995,-0.0005173695390112698,-66.87274169921875,-77.00039672851562,179.30213928222656,0.2465873658657074,149.4226109645831,167.1079106064493,172.510510447996,153.1044271132379,77.37055157204514,148.36432173599488,157.22445938923096,85.7327924923086,142.94135320392962,167.2995821182281,169.6492076447821,173.34776889270148,157.78539938169666,175.2914179364192,176.03210091093962,-66.87274498768538,-77.00039539644662,179.3021402562573,0.24658736879014598
